domain,class,family,tool,synthetic,label
ec2-223-105-207-141.compute-1.amazonaws.com,0,benign_cloud_instance,benign,True,benign
dioymgsxxmar.com,1,dga_cluster_40,dga,False,dga
autoopravykana.com,0,tranco_benign,benign,False,benign
d0ed6b218a2fd93.cloudfront.net,0,benign_cdn,benign,True,benign
mail.ambientlounge.net,0,tranco_benign,benign,False,benign
igupt.top,0,tranco_benign,benign,False,benign
v4.hcfvg74ulidnir3n6mhvvmoqegdyacd.lab-tunnel.org,2,lab_iodine,iodine,True,dns_tunnel
kciyfordlinnetavox.info,1,dga_cluster_42,dga,False,dga
build-06cb95ef9adea.github.io,0,benign_hex_service,benign,True,benign
latestays.net,0,tranco_benign,benign,False,benign
1rn8d0xclnnwe7u8edq1hvu4vr.com,1,dga_cluster_44,dga,False,dga
dev.moongiant.com,0,tranco_benign,benign,False,benign
viameda.net,0,tranco_benign,benign,False,benign
eiwzanarianaqh.com,1,dga_cluster_40,dga,False,dga
api.zoogmat7oon.com,0,tranco_benign,benign,False,benign
hranol.info,0,tranco_benign,benign,False,benign
build-b31251ce3e.gitlab.io,0,benign_hex_service,benign,True,benign
bbbqelogpedp.com,1,dga_cluster_44,dga,False,dga
abccreativelearning.net,0,tranco_benign,benign,False,benign
sydney-piano-movers.biz,0,tranco_benign,benign,False,benign
ec2-120-245-230-232.compute-1.amazonaws.com,0,benign_cloud_instance,benign,True,benign
farmeradmireblindneedlimited.com,1,dga_cluster_44,dga,False,dga
prod-cdn-126.global.ssl.fastly.net,0,benign_cdn,benign,True,benign
painweighstretchletterhorse.io,1,dga_cluster_43,dga,False,dga
noticeflowpresspressavoid.pro,1,dga_cluster_43,dga,False,dga
volume.site,0,tranco_benign,benign,False,benign
gumibomba.net,0,tranco_benign,benign,False,benign
ec2-66-5-116-155.compute-1.amazonaws.com,0,benign_cloud_instance,benign,True,benign
m.mantecabulletin.online,0,tranco_benign,benign,False,benign
basicbio.net,0,tranco_benign,benign,False,benign
spolek-prokop-pribram.me,0,tranco_benign,benign,False,benign
flmcfordlinnetavox.online,1,dga_cluster_42,dga,False,dga
uxedmsrqyaeh.com,1,dga_cluster_44,dga,False,dga
airlinefirmdatedogarechip.com,1,dga_cluster_44,dga,False,dga
163.149.195.121.in-addr.arpa,0,benign_reverse_dns,benign,True,benign
gding.co,0,tranco_benign,benign,False,benign
pornomir.net,0,tranco_benign,benign,False,benign
ryrvreedn.com,1,dga_cluster_44,dga,False,dga
7c74ff94960a4702f654736e14bcab19558c1395f6851e73608726853da96c11b77.ns-data.io,2,lab_dnscat2,dnscat2,True,dns_tunnel
1vlyxoj15arki71anpscei2pf4v.com,1,dga_cluster_40,dga,False,dga
sams-on.site,0,tranco_benign,benign,False,benign
login.digimax.com,0,tranco_benign,benign,False,benign
reklama-fair.xyz,0,tranco_benign,benign,False,benign
aijopartbulkyf.com,1,dga_cluster_40,dga,False,dga
dnscat.1171a555.d4989c0cd80c0b74389e6599e1a657560e70c96d536f9c9688181b5dd.tunnel-sec.biz,2,lab_dnscat2,dnscat2,True,dns_tunnel
priceshowerquestionfinance.net,1,dga_cluster_43,dga,False,dga
bigox.com,0,tranco_benign,benign,False,benign
gay-bb.pro,0,tranco_benign,benign,False,benign
ss501-irfans.org,0,tranco_benign,benign,False,benign
nd090.com,0,tranco_benign,benign,False,benign
xjqufordlinnetavox.top,1,dga_cluster_42,dga,False,dga
djpemachuslazaroqok.com,1,dga_cluster_40,dga,False,dga
hotmilfclips.biz,0,tranco_benign,benign,False,benign
classysweets.com,0,tranco_benign,benign,False,benign
vmgihbdjynmrfneedf.com,1,dga_cluster_44,dga,False,dga
dz4321.pro,0,tranco_benign,benign,False,benign
clasic.info,0,tranco_benign,benign,False,benign
fyasiangays.com,0,tranco_benign,benign,False,benign
bob-bi.net,0,tranco_benign,benign,False,benign
capertravelindia.com,0,tranco_benign,benign,False,benign
event-expo.com,0,tranco_benign,benign,False,benign
pepsi-fotbal.site,0,tranco_benign,benign,False,benign
prod-cdn-495.global.ssl.fastly.net,0,benign_cdn,benign,True,benign
oedtfordlinnetavox.com,1,dga_cluster_42,dga,False,dga
paradiso-girls.net,0,tranco_benign,benign,False,benign
medrt.org,0,tranco_benign,benign,False,benign
ifollowandlike.xyz,0,tranco_benign,benign,False,benign
ovenestimatefaultquestion.io,1,dga_cluster_43,dga,False,dga
72.30.201.214.in-addr.arpa,0,benign_reverse_dns,benign,True,benign
dev.pingtandao.org,0,tranco_benign,benign,False,benign
over.io,0,tranco_benign,benign,False,benign
themevoid.com,0,tranco_benign,benign,False,benign
qscomachuslazaroqok.xyz,1,dga_cluster_40,dga,False,dga
a224-112-142-117.deploy.static.akamaitechnologies.com,0,benign_cdn,benign,True,benign
requirecharacter.site,1,dga_cluster_43,dga,False,dga
a.u5giskfbidhk37pgeircrql5khrb33vrmb43fefre7o6a.iwrgsv6ys23rw3ttz54.dob6ooxzarunv2t24up3h7ggj.lab-tunnel.org,2,lab_iodine,iodine,True,dns_tunnel
fdscfordlinnetavox.com,1,dga_cluster_42,dga,False,dga
dtanagvtarc.co,1,dga_cluster_40,dga,False,dga
llzxererwyatanb.com,1,dga_cluster_41,dga,False,dga
deifar.online,0,tranco_benign,benign,False,benign
tarzmeselesi.org,0,tranco_benign,benign,False,benign
bonjourmoncoussin.net,0,tranco_benign,benign,False,benign
mylumia.com,0,tranco_benign,benign,False,benign
dnscat.60654947.261de51c836363e05a119ca4b3e0ad2702a06.lab-tunnel.org,2,lab_dnscat2,dnscat2,True,dns_tunnel
cstwfordlinnetavox.com,1,dga_cluster_42,dga,False,dga
womansvilla.biz,0,tranco_benign,benign,False,benign
pamafyfq.tunnel-net.net,2,original_hex_tunnel,original_tunnel,False,dns_tunnel
parkinsgroup.top,0,tranco_benign,benign,False,benign
lxrsmachuslazaroqok.com,1,dga_cluster_40,dga,False,dga
ec2-155-129-92-237.compute-1.amazonaws.com,0,benign_cloud_instance,benign,True,benign
m.bank-hlynov.org,0,tranco_benign,benign,False,benign
lawyergroundlikemeetgather.com,1,dga_cluster_41,dga,False,dga
dev.frip.io,0,tranco_benign,benign,False,benign
felge.com,0,tranco_benign,benign,False,benign
derbyjackpot.com,0,tranco_benign,benign,False,benign
52d057010cac088fe3d61c9c688033e.tunnel-sec.biz,2,lab_dnscat2,dnscat2,True,dns_tunnel
build-ee4635d9e9923e.azurewebsites.net,0,benign_hex_service,benign,True,benign
dnscat.50e098d9.4bdb460750544bb28a37c01db745f838674b0.dns-exfil.net,2,lab_dnscat2,dnscat2,True,dns_tunnel
onbackdrop.com,0,tranco_benign,benign,False,benign
build-ce7ae3abac.vercel.app,0,benign_hex_service,benign,True,benign
ssbpardubice.net,0,tranco_benign,benign,False,benign
scxxfordlinnetavox.com,1,dga_cluster_42,dga,False,dga
1bm23rzmkzmsc8bfjoy1ar5n0o.com,1,dga_cluster_40,dga,False,dga
videoprocessarewearisland.com,1,dga_cluster_40,dga,False,dga
ggqkfordlinnetavox.xyz,1,dga_cluster_42,dga,False,dga
pandas.org,0,tranco_benign,benign,False,benign
a.n3kgytru3ulbuqgcnf.hwp6lfz5p6ktwgkalj4a526riygdi.5muv2edhw7sotcx3iprwf.tunnel-sec.biz,2,lab_iodine,iodine,True,dns_tunnel
rupharma.net,0,tranco_benign,benign,False,benign
scssoft.co,0,tranco_benign,benign,False,benign
livingroomtheaters.com,0,tranco_benign,benign,False,benign
223.163.221.125.in-addr.arpa,0,benign_reverse_dns,benign,True,benign
arbeidsrechter.co,0,tranco_benign,benign,False,benign
maxvalleshop.org,0,tranco_benign,benign,False,benign
comfortdental.org,0,tranco_benign,benign,False,benign
countryipblocks.net,0,tranco_benign,benign,False,benign
fnrnpartbulkyf.com,1,dga_cluster_40,dga,False,dga
cdn.turkishost.top,0,tranco_benign,benign,False,benign
build-5e29055115a63b5.github.io,0,benign_hex_service,benign,True,benign
ksyufordlinnetavox.cc,1,dga_cluster_42,dga,False,dga
null.fju2hcezjerbbltbrc6iu.tunnel-poc.com,2,lab_iodine,iodine,True,dns_tunnel
mg3-hoban.net,0,tranco_benign,benign,False,benign
blog.escuelamilowcostblog.com,0,tranco_benign,benign,False,benign
7.131.147.83.in-addr.arpa,0,benign_reverse_dns,benign,True,benign
pfmymnbmpmartp.com,1,dga_cluster_40,dga,False,dga
v4.hvebx3763yhab74xs4vl3b.tunnel-sec.biz,2,lab_iodine,iodine,True,dns_tunnel
lightlunchsourcelimitedlook.com,1,dga_cluster_44,dga,False,dga
cgjgererwyatanb.net,1,dga_cluster_41,dga,False,dga
null.owlgatmcev77lm7jia2qteyyxit5c.nnhgnos6yxd2j47ldh4b.o3exxmdfvjrljrrcdcfvinunubpm7y4nufxxnbede5yx.tunnel-sec.biz,2,lab_iodine,iodine,True,dns_tunnel
auth7.f1evcuz08p6zwffrqhk0gjz09ekwfeyajvos.dns-exfil.net,2,lab_dns2tcp,dns2tcp,True,dns_tunnel
pam.site,0,tranco_benign,benign,False,benign
phaselikelackbandfearpicture.com,1,dga_cluster_40,dga,False,dga
hauptstadtmutti.com,0,tranco_benign,benign,False,benign
dev.tourismonline.org,0,tranco_benign,benign,False,benign
802c01a3964844e34422ba00349b543955.tunnel-com.com,2,original_hex_tunnel,original_tunnel,False,dns_tunnel
guvkpartbulkyf.com,1,dga_cluster_40,dga,False,dga
pamafsxa.tunnel-net.net,2,original_hex_tunnel,original_tunnel,False,dns_tunnel
mail.888spoker.org,0,tranco_benign,benign,False,benign
auth1.iqjwjv7puhnneohz58zuf9l0a.tunnel-poc.com,2,lab_dns2tcp,dns2tcp,True,dns_tunnel
srv.7d4sqclppqkcabehemte3lf7yfzclwlwyihgbwhjz.ns-data.io,2,lab_iodine,iodine,True,dns_tunnel
isf.net,0,tranco_benign,benign,False,benign
harddog-sport.org,0,tranco_benign,benign,False,benign
pamap3ba.tunnel-com.com,2,original_hex_tunnel,original_tunnel,False,dns_tunnel
belarus.biz,0,tranco_benign,benign,False,benign
02e801de20687b0b7f3ded000ad41aafe1.tunnel-info.info,2,original_hex_tunnel,original_tunnel,False,dns_tunnel
build-58a371fc.vercel.app,0,benign_hex_service,benign,True,benign
t6a4b645927e60f3d3996aeed92f6898a7.com,1,dga_cluster_44,dga,False,dga
guroymakhaber.org,0,tranco_benign,benign,False,benign
cdn.linkm88moinhat.com,0,tranco_benign,benign,False,benign
dnscat.42342331.5beb388e005bfab5a58f6f96ddb45be92e3b92883b0b5e6e0feda8c7392.lab-tunnel.org,2,lab_dnscat2,dnscat2,True,dns_tunnel
txt.6mi6frrhx55tig5eucvbtobowoyyojmcxdny27tqzh.mcjm6iswvtb5tonw7ksmz5jykgbx46nppnnfw.lab-tunnel.org,2,lab_iodine,iodine,True,dns_tunnel
iqfhmachuslazaroqok.com,1,dga_cluster_40,dga,False,dga
jcctunisie.com,0,tranco_benign,benign,False,benign
m.bloggingfever.info,0,tranco_benign,benign,False,benign
0d8d4b51ace2d5efdc99613e593acf4bc3820baddce20e689a68155c536cb.dns-exfil.net,2,lab_dnscat2,dnscat2,True,dns_tunnel
build-1d6486ac3c6e4.github.io,0,benign_hex_service,benign,True,benign
txt.e56kurjbvqcpoezlrbmh.iiec4nngj34qs2yhsexne.tunnel-sec.biz,2,lab_iodine,iodine,True,dns_tunnel
auth.ajansea.net,0,tranco_benign,benign,False,benign
gqnppartbulkyf.com,1,dga_cluster_40,dga,False,dga
dev.bgdeveloper.co,0,tranco_benign,benign,False,benign
w3stack.xyz,0,tranco_benign,benign,False,benign
exambreakfastlostdisappointed.pro,1,dga_cluster_43,dga,False,dga
a12-114-229-144.deploy.static.akamaitechnologies.com,0,benign_cdn,benign,True,benign
notarkawulok.com,0,tranco_benign,benign,False,benign
hasici-vzdelavani.biz,0,tranco_benign,benign,False,benign
api.procie.net,0,tranco_benign,benign,False,benign
null.7kbrcye3qye6lc7c7dh5ppa6t642xt4ay.jcceaucpxkrrs4kkymypi5v6v.u2fkuisqnmsjwhrtv2wgfdnhs6hygyrxw2cr2.tunnel-poc.com,2,lab_iodine,iodine,True,dns_tunnel
cdn.ahgbjy.cc,0,tranco_benign,benign,False,benign
wsauererwyatanb.com,1,dga_cluster_41,dga,False,dga
mas-stolovehory.net,0,tranco_benign,benign,False,benign
msrajhradice.net,0,tranco_benign,benign,False,benign
cdn.bharathautos.net,0,tranco_benign,benign,False,benign
paaifkaa.tunnel-com.com,2,original_hex_tunnel,original_tunnel,False,dns_tunnel
cdn.boardexamresults2015.cc,0,tranco_benign,benign,False,benign
mkoutletsbag.info,0,tranco_benign,benign,False,benign
painputmarketparentprogram.com,1,dga_cluster_40,dga,False,dga
chutna-voda.org,0,tranco_benign,benign,False,benign
blog.bergtrans.net,0,tranco_benign,benign,False,benign
blog.gopalanmall.net,0,tranco_benign,benign,False,benign
static.tianya200.io,0,tranco_benign,benign,False,benign
mail.notivargas.co,0,tranco_benign,benign,False,benign
portal.sberatel-ksk.org,0,tranco_benign,benign,False,benign
auth9.uffdztbq56s1l2wdwsyf2q99427itir3popdolxcomi955.ns-data.io,2,lab_dns2tcp,dns2tcp,True,dns_tunnel
de2592f1dfa0d5b.cloudfront.net,0,benign_cdn,benign,True,benign
flowersforeveryone.net,0,tranco_benign,benign,False,benign
api.ciacouponspy.biz,0,tranco_benign,benign,False,benign
nxjesagabardinedazyx.co,1,dga_cluster_44,dga,False,dga
blog.waheaven.com,0,tranco_benign,benign,False,benign
mykenytravel.org,0,tranco_benign,benign,False,benign
hjuoererwyatanb.info,1,dga_cluster_41,dga,False,dga
api.centrumrozmital.info,0,tranco_benign,benign,False,benign
build-49b86470a4669.github.io,0,benign_hex_service,benign,True,benign
crispycodes.com,0,tranco_benign,benign,False,benign
chbqvedcbqdi.com,1,dga_cluster_44,dga,False,dga
coastreporter.site,0,tranco_benign,benign,False,benign
laligalivestreaminghd.com,0,tranco_benign,benign,False,benign
129-193-91-82.bc.googleusercontent.com,0,benign_cloud_instance,benign,True,benign
penang.net,0,tranco_benign,benign,False,benign
zjbxfordlinnetavox.com,1,dga_cluster_42,dga,False,dga
paaim2uy.tunnel-com.com,2,original_hex_tunnel,original_tunnel,False,dns_tunnel
obmedcogbun.com,1,dga_cluster_44,dga,False,dga
komeererwyatanb.io,1,dga_cluster_41,dga,False,dga
dogintroduceshelterpourflower.io,1,dga_cluster_43,dga,False,dga
propertyline.co,0,tranco_benign,benign,False,benign
mail.okna-stresni.co,0,tranco_benign,benign,False,benign
v4.f6dg7236c23xrmvnibtrd7tkxdwzq3i.tunnel-sec.biz,2,lab_iodine,iodine,True,dns_tunnel
tasvirnama.com,0,tranco_benign,benign,False,benign
txt.s6aj7nlf7wicp23x3cxqw7l5jpeh.dns-exfil.net,2,lab_iodine,iodine,True,dns_tunnel
m.whmcslab.org,0,tranco_benign,benign,False,benign
dogsaholic.com,0,tranco_benign,benign,False,benign
prod-cdn-533.global.ssl.fastly.net,0,benign_cdn,benign,True,benign
auth9.phit3kr1lcv3lpyrkxndz6l9j1xyzwvfye7dzq2.tunnel-poc.com,2,lab_dns2tcp,dns2tcp,True,dns_tunnel
vm-prod-6e1f723f.westeurope.cloudapp.azure.com,0,benign_cloud_instance,benign,True,benign
build-4e80c97405f0.github.io,0,benign_hex_service,benign,True,benign
api.liebelib.info,0,tranco_benign,benign,False,benign
44.29.219.252.in-addr.arpa,0,benign_reverse_dns,benign,True,benign
rouxel.net,0,tranco_benign,benign,False,benign
login.mi-king.com,0,tranco_benign,benign,False,benign
joyinourjourney.com,0,tranco_benign,benign,False,benign
api.tcc-em-blocos.com,0,tranco_benign,benign,False,benign
login.35pip.com,0,tranco_benign,benign,False,benign
rdjbererwyatanb.com,1,dga_cluster_41,dga,False,dga
jamesonnotodofilmfest.com,0,tranco_benign,benign,False,benign
songpainmarkcriticizedesire.net,1,dga_cluster_43,dga,False,dga
7gardoon.co,0,tranco_benign,benign,False,benign
oqykedqmsddmhi.com,1,dga_cluster_44,dga,False,dga
auth5.77yjgecdchxstn4i25kn6jnx768y7tn8selpqi8s.lab-tunnel.org,2,lab_dns2tcp,dns2tcp,True,dns_tunnel
hostclation.io,0,tranco_benign,benign,False,benign
portal.botland.org,0,tranco_benign,benign,False,benign
ip89pq16oc7591d0hjed15cbt2h.com,1,dga_cluster_44,dga,False,dga
myrujukan.com,0,tranco_benign,benign,False,benign
urklngtlllpsvfar.com,1,dga_cluster_40,dga,False,dga
vtexfordlinnetavox.top,1,dga_cluster_42,dga,False,dga
shop.nidweb.com,0,tranco_benign,benign,False,benign
shop.kapesnikatalogy.online,0,tranco_benign,benign,False,benign
cristianls.com,0,tranco_benign,benign,False,benign
wimcfordlinnetavox.net,1,dga_cluster_42,dga,False,dga
bestrangehoods.site,0,tranco_benign,benign,False,benign
groovebook.net,0,tranco_benign,benign,False,benign
www.armandio.com,0,tranco_benign,benign,False,benign
16nvwbjh8xb41vgry7jpnpwhu_0_qwti3_bfw1ky_ugmig7cghizxa-xi71lkffbd.tunnel-org.org,2,original_hex_tunnel,original_tunnel,False,dns_tunnel
bryqe.pro,0,tranco_benign,benign,False,benign
hentaicrack.io,0,tranco_benign,benign,False,benign
satyajewelry.org,0,tranco_benign,benign,False,benign
build-c4d5fe1ea87.azurewebsites.net,0,benign_hex_service,benign,True,benign
vnqhpartbulkyf.com,1,dga_cluster_40,dga,False,dga
portal.fawan.com,0,tranco_benign,benign,False,benign
windowsbleu.com,0,tranco_benign,benign,False,benign
omasexpornos.com,0,tranco_benign,benign,False,benign
takmodel.com,0,tranco_benign,benign,False,benign
vnpttopup.com,0,tranco_benign,benign,False,benign
srv.enypq2jen5vjnbc5rlnapamsvw7o7q2lgi5cwrgrqbfi.dns-exfil.net,2,lab_iodine,iodine,True,dns_tunnel
cknusagabardinedazyx.com,1,dga_cluster_44,dga,False,dga
bc6a5d62057c2329c92f60dac861ca2f8afc87bb95a35f1.dns-exfil.net,2,lab_dnscat2,dnscat2,True,dns_tunnel
idealmixquestionresortinfluence.top,1,dga_cluster_43,dga,False,dga
7f40ca8260dbb2174481cf564232d3ce8d47fd.tunnel-sec.biz,2,lab_dnscat2,dnscat2,True,dns_tunnel
tvext.online,0,tranco_benign,benign,False,benign
msrtcors.com,0,tranco_benign,benign,False,benign
quebecechantillonsgratuits.com,0,tranco_benign,benign,False,benign
gafgolfnetwork.net,0,tranco_benign,benign,False,benign
gastrowelt.com,0,tranco_benign,benign,False,benign
05e8e49acacf23320f97930c98ac28d.dns-exfil.net,2,lab_dnscat2,dnscat2,True,dns_tunnel
churchur.org,0,tranco_benign,benign,False,benign
alng.me,0,tranco_benign,benign,False,benign
cdn-cache-f324b772.cf-ipfs.com,0,benign_cdn,benign,True,benign
auth3.2mvd1psi5c5pwc2xjlo9tkzczaterryqydp.ns-data.io,2,lab_dns2tcp,dns2tcp,True,dns_tunnel
blog.fishpond.com,0,tranco_benign,benign,False,benign
dfedcfolbbdj.com,1,dga_cluster_44,dga,False,dga
boltcedyhihycpuutejn.com,1,dga_cluster_44,dga,False,dga
newyoungmum.biz,0,tranco_benign,benign,False,benign
betterrestsolutions.info,0,tranco_benign,benign,False,benign
mamatainfotech.xyz,0,tranco_benign,benign,False,benign
awdamachuslazaroqok.com,1,dga_cluster_40,dga,False,dga
svezenicko.com,0,tranco_benign,benign,False,benign
tnnjeaedeiwrk.com,1,dga_cluster_44,dga,False,dga
topbelldifferdisappointed.com,1,dga_cluster_44,dga,False,dga
build-24687d2da95.pages.dev,0,benign_hex_service,benign,True,benign
asgam.org,0,tranco_benign,benign,False,benign
srv.ndxmkgg5gj2ba6inmtikz.tunnel-sec.biz,2,lab_iodine,iodine,True,dns_tunnel
bbolererwyatanb.com,1,dga_cluster_41,dga,False,dga
fb4taiwan.com,0,tranco_benign,benign,False,benign
23wyawzmmumddfu4cmd0ygxko6se8vxqr_i9vfc6jygm9si5i20i0g8cyjiin_h3s.tunnel-net.net,2,original_hex_tunnel,original_tunnel,False,dns_tunnel
hlxpqbedgfgh.com,1,dga_cluster_44,dga,False,dga
iqvdfordlinnetavox.com,1,dga_cluster_42,dga,False,dga
portal.tourance.co,0,tranco_benign,benign,False,benign
sexyolu.io,0,tranco_benign,benign,False,benign
74n3k_hvr28faqzyl0_fryigfjpqyvslwsj4q1aw5mr9or678kwzchoap-ezgogao.tunnel-com.com,2,original_hex_tunnel,original_tunnel,False,dns_tunnel
modelairplanenews.com,0,tranco_benign,benign,False,benign
socepi.com,0,tranco_benign,benign,False,benign
rawbakers.online,0,tranco_benign,benign,False,benign
dnscat.4c9ca98d.43765fefa96c5d57a23b39afa274f6503597938772c427983ddc.lab-tunnel.org,2,lab_dnscat2,dnscat2,True,dns_tunnel
auth4.uduea4pnd8289bbizceatk172rx8z7lpcb1y.tunnel-poc.com,2,lab_dns2tcp,dns2tcp,True,dns_tunnel
yusumachuslazaroqok.com,1,dga_cluster_40,dga,False,dga
fzrqfordlinnetavox.com,1,dga_cluster_42,dga,False,dga
blog.dmoptions.com,0,tranco_benign,benign,False,benign
0eabwpdnggyhambygkyai5hho5qhaycufxtrfydeajremdqgg4h4ejmzdqmpmt.tunnel-com.com,2,original_hex_tunnel,original_tunnel,False,dns_tunnel
server272.org,0,tranco_benign,benign,False,benign
0yeakpdnggyhambygkyairghxkydqma4kvsjfydeajremdqghyf0m5yz1avxfv.tunnel-top.top,2,original_hex_tunnel,original_tunnel,False,dns_tunnel
cdn.lchyyp.org,0,tranco_benign,benign,False,benign
colorbrewer2.com,0,tranco_benign,benign,False,benign
auth.nilimarket.co,0,tranco_benign,benign,False,benign
92c801c8cadc842cc6ac8d00e1b01e19a9.tunnel-cc.cc,2,original_hex_tunnel,original_tunnel,False,dns_tunnel
cdn.mariosikora.net,0,tranco_benign,benign,False,benign
fokarjlhwu.com,1,dga_cluster_40,dga,False,dga
mylingeriepics.site,0,tranco_benign,benign,False,benign
arjdyn.com,1,dga_cluster_40,dga,False,dga
vccjicin.io,0,tranco_benign,benign,False,benign
auth.okrasne-rostliny.org,0,tranco_benign,benign,False,benign
vm-prod-53da3be7.westeurope.cloudapp.azure.com,0,benign_cloud_instance,benign,True,benign
kxieadw.com,0,tranco_benign,benign,False,benign
mbrace.com,0,tranco_benign,benign,False,benign
almajd.net,0,tranco_benign,benign,False,benign
jmbokacademy.io,0,tranco_benign,benign,False,benign
jdpepartbulkyf.com,1,dga_cluster_40,dga,False,dga
paiily1i.tunnel-com.com,2,original_hex_tunnel,original_tunnel,False,dns_tunnel
mail.seqpw4.com,0,tranco_benign,benign,False,benign
cdn-cache-965e613b.cf-ipfs.com,0,benign_cdn,benign,True,benign
questionnurseplacedisappointed.com,1,dga_cluster_44,dga,False,dga
caposttv9.com,0,tranco_benign,benign,False,benign
positiontwistclaimrecover.xyz,1,dga_cluster_43,dga,False,dga
mediaweekendcashsunpagediffer.com,1,dga_cluster_44,dga,False,dga
pamafyla.tunnel-com.com,2,original_hex_tunnel,original_tunnel,False,dns_tunnel
srv.qay2hixiecl52yy3kd2zqfw3.njplsh4lwpcgslxzy5jmgbl4oyztb3qwfuw3.dns-exfil.net,2,lab_iodine,iodine,True,dns_tunnel
6rfldkglu1upedfvv2.com,1,dga_cluster_44,dga,False,dga
wszzfordlinnetavox.com,1,dga_cluster_42,dga,False,dga
build-d6360c97.pages.dev,0,benign_hex_service,benign,True,benign
citydownload1.com,0,tranco_benign,benign,False,benign
earthconflictthinkappreciate.net,1,dga_cluster_43,dga,False,dga
auth5.6g5n5pjb0cywyfrcorvow9eycfgxl53khw8565qec3adihk6jzq.dns-exfil.net,2,lab_dns2tcp,dns2tcp,True,dns_tunnel
ntznmachuslazaroqok.com,1,dga_cluster_40,dga,False,dga
mistakeshoestayboneapologize.pro,1,dga_cluster_43,dga,False,dga
prod-cdn-809.global.ssl.fastly.net,0,benign_cdn,benign,True,benign
whatvwant.org,0,tranco_benign,benign,False,benign
kausmachuslazaroqok.com,1,dga_cluster_40,dga,False,dga
hxuumngpfedg.com,1,dga_cluster_44,dga,False,dga
wglqererwyatanb.com,1,dga_cluster_41,dga,False,dga
0yxazxoxr4lflklm0u5t44xsmk25s2vj3z0fg310iz1upchstmbugcvqkubpcq.tunnel-org.org,2,original_hex_tunnel,original_tunnel,False,dns_tunnel
awjmfordlinnetavox.net,1,dga_cluster_42,dga,False,dga
goodmoviesbox.org,0,tranco_benign,benign,False,benign
pamafyma.tunnel-net.net,2,original_hex_tunnel,original_tunnel,False,dns_tunnel
mail.aforebanamex.com,0,tranco_benign,benign,False,benign
mail.teknoscrool.com,0,tranco_benign,benign,False,benign
fvblkharicnek.com,1,dga_cluster_40,dga,False,dga
golfing-simulators.net,0,tranco_benign,benign,False,benign
dnscat.b0b5cdfa.74eeeab8e86f05a53243aa.dns-exfil.net,2,lab_dnscat2,dnscat2,True,dns_tunnel
wwhypar.com,1,dga_cluster_40,dga,False,dga
auth8.qcezyjmf2b72broiy0lz8z2a5dv4voue3g87r.tunnel-poc.com,2,lab_dns2tcp,dns2tcp,True,dns_tunnel
lvlbpartbulkyf.com,1,dga_cluster_40,dga,False,dga
yii-china.com,0,tranco_benign,benign,False,benign
adultfriendfinder.com,0,tranco_benign,benign,False,benign
aopiererwyatanb.com,1,dga_cluster_41,dga,False,dga
bfnyyfgedxucxq.com,1,dga_cluster_44,dga,False,dga
bzeqererwyatanb.com,1,dga_cluster_41,dga,False,dga
code-inside.me,0,tranco_benign,benign,False,benign
marketmarriedstaffflowinsist.com,1,dga_cluster_40,dga,False,dga
unfassbares.com,0,tranco_benign,benign,False,benign
bbshowcase.com,0,tranco_benign,benign,False,benign
a216-201-84-252.deploy.static.akamaitechnologies.com,0,benign_cdn,benign,True,benign
leatheroperateconvertclaim.net,1,dga_cluster_41,dga,False,dga
static.pcguia.xyz,0,tranco_benign,benign,False,benign
dev.komet.com,0,tranco_benign,benign,False,benign
uwjqpartbulkyf.com,1,dga_cluster_40,dga,False,dga
xn--j1adjbfs.cc,0,tranco_benign,benign,False,benign
srv.gd2kjb4tro7haipp5fowvurwyt3t3fu.lab-tunnel.org,2,lab_iodine,iodine,True,dns_tunnel
1tk3qks1bd6ped19ewayd1hpll7s.com,1,dga_cluster_44,dga,False,dga
shibboleth.com,0,tranco_benign,benign,False,benign
uiyvanarianaqh.com,1,dga_cluster_40,dga,False,dga
nebotools.io,0,tranco_benign,benign,False,benign
nhvhfordlinnetavox.io,1,dga_cluster_42,dga,False,dga
d234d57e89be6e4.cloudfront.net,0,benign_cdn,benign,True,benign
hearthpwn.org,0,tranco_benign,benign,False,benign
214.170.67.195.in-addr.arpa,0,benign_reverse_dns,benign,True,benign
majon.org,0,tranco_benign,benign,False,benign
podmevon.com,0,tranco_benign,benign,False,benign
revolutionprayattendshelter.xyz,1,dga_cluster_43,dga,False,dga
tjgmfordlinnetavox.xyz,1,dga_cluster_42,dga,False,dga
softwarenetworkknowblack.com,1,dga_cluster_40,dga,False,dga
auth5.mvkrpf45i9hjb2dojlvhmk4gcr5x9h33z56ol.tunnel-poc.com,2,lab_dns2tcp,dns2tcp,True,dns_tunnel
157-167-228-214.bc.googleusercontent.com,0,benign_cloud_instance,benign,True,benign
mif-ua.com,0,tranco_benign,benign,False,benign
vazeh.org,0,tranco_benign,benign,False,benign
masjednama.com,0,tranco_benign,benign,False,benign
static.vse-zadarma.com,0,tranco_benign,benign,False,benign
interviewbroker.com,0,tranco_benign,benign,False,benign
fphhpartbulkyf.com,1,dga_cluster_40,dga,False,dga
login.stiridb.com,0,tranco_benign,benign,False,benign
ikiusagabardinedazyx.com,1,dga_cluster_44,dga,False,dga
obruchalki.xyz,0,tranco_benign,benign,False,benign
187.39.79.201.in-addr.arpa,0,benign_reverse_dns,benign,True,benign
jnarvrhldkspv.com,1,dga_cluster_40,dga,False,dga
simmworksfamily.biz,0,tranco_benign,benign,False,benign
225.127.93.161.in-addr.arpa,0,benign_reverse_dns,benign,True,benign
cdn.xitclub.org,0,tranco_benign,benign,False,benign
rugstore1.pro,0,tranco_benign,benign,False,benign
microsol.io,0,tranco_benign,benign,False,benign
auth.helena-krige.com,0,tranco_benign,benign,False,benign
portal.ukryta.org,0,tranco_benign,benign,False,benign
www.shopadocket.com,0,tranco_benign,benign,False,benign
baeblemusic.top,0,tranco_benign,benign,False,benign
bird-hd.co,0,tranco_benign,benign,False,benign
hwbbfyed.com,1,dga_cluster_44,dga,False,dga
iqtestuj.io,0,tranco_benign,benign,False,benign
rovtech.com,0,tranco_benign,benign,False,benign
hakodate-wako.biz,0,tranco_benign,benign,False,benign
kgvxmqarbafvythmr.com,1,dga_cluster_40,dga,False,dga
ec2-215-91-177-45.compute-1.amazonaws.com,0,benign_cloud_instance,benign,True,benign
blowhesitatedoubtcallrisk.io,1,dga_cluster_43,dga,False,dga
uaccpartbulkyf.com,1,dga_cluster_40,dga,False,dga
pabierpa.tunnel-xyz.xyz,2,original_hex_tunnel,original_tunnel,False,dns_tunnel
archeageblog.com,0,tranco_benign,benign,False,benign
baby2baby.com,0,tranco_benign,benign,False,benign
www.odaka-aeonmall.com,0,tranco_benign,benign,False,benign
nkl.com,0,tranco_benign,benign,False,benign
songteamsmarttradeadvantage.com,1,dga_cluster_40,dga,False,dga
mezocliq.top,0,tranco_benign,benign,False,benign
trader-sp.org,0,tranco_benign,benign,False,benign
a.ixtbm6cshu4hgbzmjammg6stac3l.stomcfebm53h7niu5zlq6wnjarih6xzbc3vbnyr.dqbk7cs2mnmedcz755cynejbgrko7dkudxyl6z57.tunnel-sec.biz,2,lab_iodine,iodine,True,dns_tunnel
auth6.tdbrzf05lnmrmlfp8436deez2h8j2scld7sf.lab-tunnel.org,2,lab_dns2tcp,dns2tcp,True,dns_tunnel
auth6.jyzcduvqdzo85junvaqyk8wbw1i1o9.ns-data.io,2,lab_dns2tcp,dns2tcp,True,dns_tunnel
verbava.online,0,tranco_benign,benign,False,benign
eujdt3iedzcf.com,1,dga_cluster_44,dga,False,dga
ecptpartbulkyf.com,1,dga_cluster_40,dga,False,dga
philology.xyz,0,tranco_benign,benign,False,benign
leaguestagedishdistricttree.net,1,dga_cluster_43,dga,False,dga
yyrjererwyatanb.com,1,dga_cluster_41,dga,False,dga
auth5.7y1z37d9nktxn948hnuaybs4tenligdm5z0.tunnel-sec.biz,2,lab_dns2tcp,dns2tcp,True,dns_tunnel
bleeererwyatanb.com,1,dga_cluster_41,dga,False,dga
jzqeererwyatanb.com,1,dga_cluster_41,dga,False,dga
mysmsagabardinedazyx.com,1,dga_cluster_44,dga,False,dga
cannapedia.site,0,tranco_benign,benign,False,benign
holis.org,0,tranco_benign,benign,False,benign
drvolkov.top,0,tranco_benign,benign,False,benign
jpkgpartbulkyf.com,1,dga_cluster_40,dga,False,dga
pcf.org,0,tranco_benign,benign,False,benign
paaqm2xq.tunnel-com.com,2,original_hex_tunnel,original_tunnel,False,dns_tunnel
frgwmachuslazaroqok.com,1,dga_cluster_40,dga,False,dga
db335a513aa7254.cloudfront.net,0,benign_cdn,benign,True,benign
auth5.d4z75a9zmzdp4lhtxh15jyx7v4krovl3s7ywk8niu470oinqoi.ns-data.io,2,lab_dns2tcp,dns2tcp,True,dns_tunnel
113.54.202.228.in-addr.arpa,0,benign_reverse_dns,benign,True,benign
dev.setek.com,0,tranco_benign,benign,False,benign
auth9.aqhn8kn33wkilpj5z2u7nr1wr6je.ns-data.io,2,lab_dns2tcp,dns2tcp,True,dns_tunnel
auth1.h4he5xj8ufzgaqfu4k3wh0q6e85bugv.dns-exfil.net,2,lab_dns2tcp,dns2tcp,True,dns_tunnel
takuki.org,0,tranco_benign,benign,False,benign
prod-cdn-585.global.ssl.fastly.net,0,benign_cdn,benign,True,benign
static.ocni-ordinace-praha.info,0,tranco_benign,benign,False,benign
auth8.ldwbq0u4k5ndzsro60i56bqi433jc78n0wt8jvicm4ybyyy.tunnel-sec.biz,2,lab_dns2tcp,dns2tcp,True,dns_tunnel
paeqgf5q.tunnel-com.com,2,original_hex_tunnel,original_tunnel,False,dns_tunnel
farmsoft.io,0,tranco_benign,benign,False,benign
static.uberdownloads.site,0,tranco_benign,benign,False,benign
auth0.rpu8gn9jsnmehkg6rhlcq163spufvpqwjflmi37ifoq28pd.lab-tunnel.org,2,lab_dns2tcp,dns2tcp,True,dns_tunnel
95960518010afb777a6394732ce41366699d6699.tunnel-poc.com,2,lab_dnscat2,dnscat2,True,dns_tunnel
bbpewk4brli013pxara1qjsvd9.com,1,dga_cluster_40,dga,False,dga
natureislandmusclemarket.site,1,dga_cluster_43,dga,False,dga
dienlanhbinhchanh.cc,0,tranco_benign,benign,False,benign
etnika-nsk.xyz,0,tranco_benign,benign,False,benign
shop.chuo-yakkyoku.com,0,tranco_benign,benign,False,benign
waprik.com,0,tranco_benign,benign,False,benign
intersteno.biz,0,tranco_benign,benign,False,benign
fshion.com,0,tranco_benign,benign,False,benign
c812ba46ebbcd604f972dfeb7daa116db9a79279c1707e7a10500649679.dns-exfil.net,2,lab_dnscat2,dnscat2,True,dns_tunnel
baresias.net,0,tranco_benign,benign,False,benign
zxpmererwyatanb.net,1,dga_cluster_41,dga,False,dga
myschoolbuilding.biz,0,tranco_benign,benign,False,benign
classicspecs.com,0,tranco_benign,benign,False,benign
1qaafpdnggyhambygkyby0es4fqgafd2ilgklqci5t5p5545021lfz3q3rurk2.tunnel-xyz.xyz,2,original_hex_tunnel,original_tunnel,False,dns_tunnel
mainkyakru.com,0,tranco_benign,benign,False,benign
agri44.biz,0,tranco_benign,benign,False,benign
www.multi-up.com,0,tranco_benign,benign,False,benign
cohsmachuslazaroqok.com,1,dga_cluster_40,dga,False,dga
blog.firenavi.info,0,tranco_benign,benign,False,benign
cloudaccesslackstudychart.com,1,dga_cluster_40,dga,False,dga
veterinarytranslations.com,0,tranco_benign,benign,False,benign
vm-prod-0bfe5a27.westeurope.cloudapp.azure.com,0,benign_cloud_instance,benign,True,benign
dnscat.ee10ba3c.0e9e61311326e95065fd96c42e844729ab3f0.ns-data.io,2,lab_dnscat2,dnscat2,True,dns_tunnel
militaryshooters.com,0,tranco_benign,benign,False,benign
autoenglish.xyz,0,tranco_benign,benign,False,benign
eebffordlinnetavox.com,1,dga_cluster_42,dga,False,dga
ax4.com,0,tranco_benign,benign,False,benign
plcypartbulkyf.com,1,dga_cluster_40,dga,False,dga
bnzkfordlinnetavox.cc,1,dga_cluster_42,dga,False,dga
cdn.imji.online,0,tranco_benign,benign,False,benign
imenno.org,0,tranco_benign,benign,False,benign
weico.com,0,tranco_benign,benign,False,benign
m.itsdispatch.net,0,tranco_benign,benign,False,benign
periergos.online,0,tranco_benign,benign,False,benign
zremmachuslazaroqok.com,1,dga_cluster_40,dga,False,dga
mail.allresultsbd.xyz,0,tranco_benign,benign,False,benign
shop.zlatydavid.com,0,tranco_benign,benign,False,benign
qqxdpartbulkyf.com,1,dga_cluster_40,dga,False,dga
angrau.com,0,tranco_benign,benign,False,benign
kqbqsagabardinedazyx.com,1,dga_cluster_44,dga,False,dga
v4.zesjx2rvlpgcbvkfcbgr.3v6efwg2snzfpn2ulta4nncr42nbtfscvprvkow4.tunnel-sec.biz,2,lab_iodine,iodine,True,dns_tunnel
truthcyclemindboxsharpgive.co,1,dga_cluster_40,dga,False,dga
cdn-cache-c9ea2585.cf-ipfs.com,0,benign_cdn,benign,True,benign
hbkxsagabardinedazyx.com,1,dga_cluster_44,dga,False,dga
directorysef.com,0,tranco_benign,benign,False,benign
auth9.t7o9bteigsqhqz25ipsli8l01henklbd630yib.lab-tunnel.org,2,lab_dns2tcp,dns2tcp,True,dns_tunnel
rikunabi-yakuzaishi.com,0,tranco_benign,benign,False,benign
mail.yahoonewsdigest-us.com,0,tranco_benign,benign,False,benign
txt.3ctvvys3pcbtz7v773z7k3hxqate2wcli.tunnel-poc.com,2,lab_iodine,iodine,True,dns_tunnel
txt.isyeikkerusfjhtk5xnmvwtemlaorx57mycxb4g2.ghjkatmt2fc5tvijqxj3b3yv2prr6mhuhu35qoatft.tunnel-sec.biz,2,lab_iodine,iodine,True,dns_tunnel
mogwfordlinnetavox.com,1,dga_cluster_42,dga,False,dga
terminosycondiciones.online,0,tranco_benign,benign,False,benign
darek-k-valentynu.io,0,tranco_benign,benign,False,benign
auth5.lygomij6ry7xu1c3cdhcv2aplz6cpc6eger7yuoe8nis.lab-tunnel.org,2,lab_dns2tcp,dns2tcp,True,dns_tunnel
korea1391.org,0,tranco_benign,benign,False,benign
build-f8d51922fcccf3.pages.dev,0,benign_hex_service,benign,True,benign
build-7371bdc7.vercel.app,0,benign_hex_service,benign,True,benign
boobsandtits.xyz,0,tranco_benign,benign,False,benign
italske-spodni-pradlo.com,0,tranco_benign,benign,False,benign
drevoastyl.co,0,tranco_benign,benign,False,benign
0inbfi2hjw.tunnel-com.com,2,original_hex_tunnel,original_tunnel,False,dns_tunnel
auth0.tmirdmxmqicjdlj10595pwpkpwb6not1qtvh1xg8l.tunnel-sec.biz,2,lab_dns2tcp,dns2tcp,True,dns_tunnel
auth.lkgraphics.org,0,tranco_benign,benign,False,benign
a198035fda0000000034239da3bce4753c61b45d3b538db38fc77e09f5fd.tunnel-com.com,2,original_hex_tunnel,original_tunnel,False,dns_tunnel
m.cytsgd.net,0,tranco_benign,benign,False,benign
qkrgererwyatanb.com,1,dga_cluster_41,dga,False,dga
giantflyingsaucer.org,0,tranco_benign,benign,False,benign
f436e8a12e96e212afe783780e860a2a5e2ed4b5649.tunnel-sec.biz,2,lab_dnscat2,dnscat2,True,dns_tunnel
90.212.161.128.in-addr.arpa,0,benign_reverse_dns,benign,True,benign
www.mahoganyandmore.com,0,tranco_benign,benign,False,benign
1d8860ca0bd4ee97178cbc6e618736ef6b5ee18e4548c0bb.tunnel-poc.com,2,lab_dnscat2,dnscat2,True,dns_tunnel
batt.info,0,tranco_benign,benign,False,benign
paiac3xy.tunnel-online.online,2,original_hex_tunnel,original_tunnel,False,dns_tunnel
1yeajpdnggyhambygkyai3euxcydqmcocdsbfydeazremdqgn1ljgxegkzg1tk.tunnel-com.com,2,original_hex_tunnel,original_tunnel,False,dns_tunnel
0eabbpdnggyhambygkyaihh233aobqfith3oarjscmidg2rqlqxwi2hh2boht1.tunnel-online.online,2,original_hex_tunnel,original_tunnel,False,dns_tunnel
api.careersinafrica.com,0,tranco_benign,benign,False,benign
build-81795157.vercel.app,0,benign_hex_service,benign,True,benign
hkgoodstore.org,0,tranco_benign,benign,False,benign
tnmpererwyatanb.com,1,dga_cluster_41,dga,False,dga
9da538bada349544f742fd25bc7d1242bc2.dns-exfil.net,2,lab_dnscat2,dnscat2,True,dns_tunnel
6383com.com,0,tranco_benign,benign,False,benign
uiimmachuslazaroqok.com,1,dga_cluster_40,dga,False,dga
118.74.142.249.in-addr.arpa,0,benign_reverse_dns,benign,True,benign
barlouie.org,0,tranco_benign,benign,False,benign
webiya.biz,0,tranco_benign,benign,False,benign
uizcererwyatanb.com,1,dga_cluster_41,dga,False,dga
manufacturerimplyoperate.net,1,dga_cluster_41,dga,False,dga
build-f15852d7ea.vercel.app,0,benign_hex_service,benign,True,benign
uctarina.com,0,tranco_benign,benign,False,benign
brisbanechildpsychologist.biz,0,tranco_benign,benign,False,benign
chos.com,0,tranco_benign,benign,False,benign
coway-tw.info,0,tranco_benign,benign,False,benign
v4.5fmyyo7dmk5dsnf67py6sfinteujt5moh6m.umoxuq4dywgnpfhftj77.bbuhugqtnskbazim3ul7cnsltudcyeatq567zi25x6q.dns-exfil.net,2,lab_iodine,iodine,True,dns_tunnel
ytbv1a.tunnel-com.com,2,original_hex_tunnel,original_tunnel,False,dns_tunnel
dev.kimgecer.org,0,tranco_benign,benign,False,benign
beforespend.xyz,0,tranco_benign,benign,False,benign
tarimdan.co,0,tranco_benign,benign,False,benign
165.80.179.73.in-addr.arpa,0,benign_reverse_dns,benign,True,benign
hometelosfirst.biz,0,tranco_benign,benign,False,benign
xftwmachuslazaroqok.com,1,dga_cluster_40,dga,False,dga
api.dogwaymedia.com,0,tranco_benign,benign,False,benign
godrejandboyce.biz,0,tranco_benign,benign,False,benign
248.175.119.139.in-addr.arpa,0,benign_reverse_dns,benign,True,benign
0ymbkts4ifiuswkfkvgv0q0tjnnuov0pl3anbsgyytkmzheaiupyn5m.tunnel-info.info,2,original_hex_tunnel,original_tunnel,False,dns_tunnel
worldlargestsafelist.site,0,tranco_benign,benign,False,benign
miamorenlinea.com,0,tranco_benign,benign,False,benign
boagpedgnkoe.com,1,dga_cluster_44,dga,False,dga
1cci3upo7amz0ned4esut7zqi.com,1,dga_cluster_44,dga,False,dga
p30rank.biz,0,tranco_benign,benign,False,benign
datavoiz.com,0,tranco_benign,benign,False,benign
dd4fb906b045fcf.cloudfront.net,0,benign_cdn,benign,True,benign
tiportips.biz,0,tranco_benign,benign,False,benign
keyword-finder.org,0,tranco_benign,benign,False,benign
mail.randolphusa.com,0,tranco_benign,benign,False,benign
office4you.org,0,tranco_benign,benign,False,benign
build-50493f3655.vercel.app,0,benign_hex_service,benign,True,benign
skiarlberg.org,0,tranco_benign,benign,False,benign
dnscat.c5d3fb28.781e034b70c4baa7609c54802f9b20c951.lab-tunnel.org,2,lab_dnscat2,dnscat2,True,dns_tunnel
ba73c1cb667a6df0c428f23d23aff98f6e251e40aed4288d8d3d464bd3a480db132.ns-data.io,2,lab_dnscat2,dnscat2,True,dns_tunnel
factornarrowdumpsockdish.com,1,dga_cluster_40,dga,False,dga
dnscat.0fe1a037.860f8dd639e55043a2c4c124411ca1.tunnel-sec.biz,2,lab_dnscat2,dnscat2,True,dns_tunnel
atfile.me,0,tranco_benign,benign,False,benign
ticket360.com,0,tranco_benign,benign,False,benign
diablohub.com,0,tranco_benign,benign,False,benign
rateinteresteddesirerent.org,1,dga_cluster_43,dga,False,dga
manufacturerensureconsider.biz,1,dga_cluster_41,dga,False,dga
combinationinvitecrashchampion.site,1,dga_cluster_43,dga,False,dga
msnaererwyatanb.com,1,dga_cluster_41,dga,False,dga
cedon.xyz,0,tranco_benign,benign,False,benign
mail.googleseo.com,0,tranco_benign,benign,False,benign
dc12112b4cc6334.cloudfront.net,0,benign_cdn,benign,True,benign
convio.io,0,tranco_benign,benign,False,benign
mystamphaven.org,0,tranco_benign,benign,False,benign
jdwetherspoon.com,0,tranco_benign,benign,False,benign
airtute.com,0,tranco_benign,benign,False,benign
yugagro.info,0,tranco_benign,benign,False,benign
pamafsyy.tunnel-com.com,2,original_hex_tunnel,original_tunnel,False,dns_tunnel
138.14.87.56.in-addr.arpa,0,benign_reverse_dns,benign,True,benign
playvision.com,0,tranco_benign,benign,False,benign
build-ac28b8301b3f.gitlab.io,0,benign_hex_service,benign,True,benign
topgamespro.top,0,tranco_benign,benign,False,benign
arpndombtoatrgws.cc,1,dga_cluster_40,dga,False,dga
floridagofishing.com,0,tranco_benign,benign,False,benign
build-d5705f95cfef8e0.azurewebsites.net,0,benign_hex_service,benign,True,benign
a63-80-69-63.deploy.static.akamaitechnologies.com,0,benign_cdn,benign,True,benign
dnscat.05099a63.01f7888497e44e07043168e5f7fc9360cb8463e445dac037.tunnel-sec.biz,2,lab_dnscat2,dnscat2,True,dns_tunnel
tsvetnik.com,0,tranco_benign,benign,False,benign
portal.corbeau.org,0,tranco_benign,benign,False,benign
ttsrsagabardinedazyx.com,1,dga_cluster_44,dga,False,dga
fztzfordlinnetavox.io,1,dga_cluster_42,dga,False,dga
248b85815312d3b39797a8570b7dfd7e6a9bd23231d92d5.tunnel-sec.biz,2,lab_dnscat2,dnscat2,True,dns_tunnel
cdn.iclup.biz,0,tranco_benign,benign,False,benign
planetechocolat.com,0,tranco_benign,benign,False,benign
cdn.openinvoice.pro,0,tranco_benign,benign,False,benign
portal.adatronix.info,0,tranco_benign,benign,False,benign
cdn.incae.com,0,tranco_benign,benign,False,benign
disneyprivileges.net,0,tranco_benign,benign,False,benign
whhuaheng.com,0,tranco_benign,benign,False,benign
farmaregno.com,0,tranco_benign,benign,False,benign
api.motoringfile.net,0,tranco_benign,benign,False,benign
fvgssagabardinedazyx.com,1,dga_cluster_44,dga,False,dga
ec2-203-163-253-196.compute-1.amazonaws.com,0,benign_cloud_instance,benign,True,benign
dev.meandrojewelry.co,0,tranco_benign,benign,False,benign
txt.b7cp2jmchgkyjnk7sg2qcg5eymwo4fv2oe4g7wv.45sys3atf663atsqx3lpjdl7zfgjar6vdsexdpohfl.yel5wrr5vzgdily6sevyupbzt2inkmt5xui.tunnel-sec.biz,2,lab_iodine,iodine,True,dns_tunnel
dev.alltrades.site,0,tranco_benign,benign,False,benign
m.brandbox.com,0,tranco_benign,benign,False,benign
mangafree.com,0,tranco_benign,benign,False,benign
22.19.149.2.in-addr.arpa,0,benign_reverse_dns,benign,True,benign
143-232-199-95.bc.googleusercontent.com,0,benign_cloud_instance,benign,True,benign
8a49b5f5abb4bd1772a467de141beeb5.tunnel-sec.biz,2,lab_dnscat2,dnscat2,True,dns_tunnel
papilu.com,0,tranco_benign,benign,False,benign
shlla.cc,0,tranco_benign,benign,False,benign
blog.dbwritingservices.com,0,tranco_benign,benign,False,benign
ffershjkywillkedm.com,1,dga_cluster_44,dga,False,dga
eb4241c1c9bb3a35090999a78114579a779dafeec45f790b58.lab-tunnel.org,2,lab_dnscat2,dnscat2,True,dns_tunnel
portal.duwu.top,0,tranco_benign,benign,False,benign
youmurman.co,0,tranco_benign,benign,False,benign
auth.tranceforinfinity.xyz,0,tranco_benign,benign,False,benign
hlwgsagabardinedazyx.com,1,dga_cluster_44,dga,False,dga
zoofilium.net,0,tranco_benign,benign,False,benign
pabiozxq.tunnel-com.com,2,original_hex_tunnel,original_tunnel,False,dns_tunnel
telecom-cafe.com,0,tranco_benign,benign,False,benign
login.guildinsurance.org,0,tranco_benign,benign,False,benign
heliguy.site,0,tranco_benign,benign,False,benign
ebfcbedcgppc.com,1,dga_cluster_44,dga,False,dga
vibelle.biz,0,tranco_benign,benign,False,benign
0umbhe4x0bkfevsrkvjvougu0llndvotw4ydimrwge0tgbyad1oym5q.tunnel-xyz.xyz,2,original_hex_tunnel,original_tunnel,False,dns_tunnel
build-5611f8665b12e896.github.io,0,benign_hex_service,benign,True,benign
branchtankhabitrequesttransition.site,1,dga_cluster_43,dga,False,dga
allergodom.org,0,tranco_benign,benign,False,benign
a.hkjpj7qkacpzsf4jrwbuq6c6wf.tqh5mlzeoopreshj42ap2jak727byehzcs6ojeijeh.tunnel-poc.com,2,lab_iodine,iodine,True,dns_tunnel
auth6.9hkic9ntjbhn8puxf1b352jkut54wp84.tunnel-poc.com,2,lab_dns2tcp,dns2tcp,True,dns_tunnel
fpttererwyatanb.net,1,dga_cluster_41,dga,False,dga
login.augasonfarms.com,0,tranco_benign,benign,False,benign
35.41.157.235.in-addr.arpa,0,benign_reverse_dns,benign,True,benign
kvalitnikod.com,0,tranco_benign,benign,False,benign
artofmemory.online,0,tranco_benign,benign,False,benign
static.nictiz.co,0,tranco_benign,benign,False,benign
gdrle.biz,0,tranco_benign,benign,False,benign
fvisererwyatanb.com,1,dga_cluster_41,dga,False,dga
hracky-sport.com,0,tranco_benign,benign,False,benign
firstreliance.com,0,tranco_benign,benign,False,benign
kaiboertiejun.org,0,tranco_benign,benign,False,benign
alfaprofi.com,0,tranco_benign,benign,False,benign
ec2-209-54-194-58.compute-1.amazonaws.com,0,benign_cloud_instance,benign,True,benign
rdgedrofnxthanfnflfbrpzgv.com,1,dga_cluster_44,dga,False,dga
celebritykick.com,0,tranco_benign,benign,False,benign
8.a.a.0.c.d.d.e.3.5.d.6.3.4.c.b.ip6.arpa,0,benign_reverse_dns,benign,True,benign
buy365.com,0,tranco_benign,benign,False,benign
build-17afb6505a42e3.azurewebsites.net,0,benign_hex_service,benign,True,benign
dualwan.com,0,tranco_benign,benign,False,benign
static.nexya.site,0,tranco_benign,benign,False,benign
static.vsenakuzi.org,0,tranco_benign,benign,False,benign
riftmchwpmblfrmarb.com,1,dga_cluster_40,dga,False,dga
xdllererwyatanb.com,1,dga_cluster_41,dga,False,dga
4b3qxn1rm0gmy1xqarziimvkmn.com,1,dga_cluster_40,dga,False,dga
hnvogrqoajmsedq.com,1,dga_cluster_44,dga,False,dga
www.iklanduta.site,0,tranco_benign,benign,False,benign
fedhgdccwvfv.com,1,dga_cluster_44,dga,False,dga
fa-stem.net,0,tranco_benign,benign,False,benign
syrovarki.org,0,tranco_benign,benign,False,benign
vmikhailov.com,0,tranco_benign,benign,False,benign
151.222.86.190.in-addr.arpa,0,benign_reverse_dns,benign,True,benign
tzmbfordlinnetavox.io,1,dga_cluster_42,dga,False,dga
mail.mzsvracov.com,0,tranco_benign,benign,False,benign
saga-s.com,0,tranco_benign,benign,False,benign
neroli.com,0,tranco_benign,benign,False,benign
txowedlc.com,1,dga_cluster_44,dga,False,dga
login.ipadforums.online,0,tranco_benign,benign,False,benign
9.f.e.1.5.d.c.d.e.7.5.9.c.9.a.f.ip6.arpa,0,benign_reverse_dns,benign,True,benign
static.yachtsport-stary.xyz,0,tranco_benign,benign,False,benign
weidmueller.com,0,tranco_benign,benign,False,benign
portal.wateruseitwisely.com,0,tranco_benign,benign,False,benign
asugnews.net,0,tranco_benign,benign,False,benign
msmvanarianaqh.com,1,dga_cluster_40,dga,False,dga
qbrkprarouxwceb.com,1,dga_cluster_40,dga,False,dga
cdn-cache-ef23017f.cf-ipfs.com,0,benign_cdn,benign,True,benign
static.weky-world.net,0,tranco_benign,benign,False,benign
ravelrycache.co,0,tranco_benign,benign,False,benign
kqvzererwyatanb.com,1,dga_cluster_41,dga,False,dga
perfectyou.org,0,tranco_benign,benign,False,benign
auth8.sumn92hrldd50bftx3j982et98mwafv9i.tunnel-sec.biz,2,lab_dns2tcp,dns2tcp,True,dns_tunnel
safestdownloadsrus109.com,0,tranco_benign,benign,False,benign
blog.vlajky-statu.xyz,0,tranco_benign,benign,False,benign
rxkysagabardinedazyx.com,1,dga_cluster_44,dga,False,dga
vdihererwyatanb.biz,1,dga_cluster_41,dga,False,dga
institucionpenitenciaria.top,0,tranco_benign,benign,False,benign
guaranteeescapeguarantee.biz,1,dga_cluster_43,dga,False,dga
auth.isudokugames.net,0,tranco_benign,benign,False,benign
memoriesbooks.com,0,tranco_benign,benign,False,benign
v4.4lpfudibtu5to2ddw.ffyjahzwogd3kk7kbdlflvywf2nffegzqk.tunnel-poc.com,2,lab_iodine,iodine,True,dns_tunnel
infoprudhommes.xyz,0,tranco_benign,benign,False,benign
v4.vwgfoc27gplfx5sww.cxpks5byjz5273eu.ns-data.io,2,lab_iodine,iodine,True,dns_tunnel
vestiprim.com,0,tranco_benign,benign,False,benign
tonethemeinterestedqualify.site,1,dga_cluster_43,dga,False,dga
anwe.net,0,tranco_benign,benign,False,benign
dhjana.com,0,tranco_benign,benign,False,benign
1ar6rzh1tm1ojo1kq885jdcttpr.com,1,dga_cluster_40,dga,False,dga
roset-shop.org,0,tranco_benign,benign,False,benign
taskque.org,0,tranco_benign,benign,False,benign
ygdfmachuslazaroqok.com,1,dga_cluster_40,dga,False,dga
build-5f56df811dec2ba.github.io,0,benign_hex_service,benign,True,benign
registersizevaluetellassociate.org,1,dga_cluster_43,dga,False,dga
qwpjererwyatanb.com,1,dga_cluster_41,dga,False,dga
dhjdpartbulkyf.com,1,dga_cluster_40,dga,False,dga
plastkontakt.com,0,tranco_benign,benign,False,benign
login.domowa.com,0,tranco_benign,benign,False,benign
evidence-praci.com,0,tranco_benign,benign,False,benign
null.d4ju4xgim62kd4wn3w6khca6e6dq2v6boey4km.lab-tunnel.org,2,lab_iodine,iodine,True,dns_tunnel
mail.leballonrond.net,0,tranco_benign,benign,False,benign
www.farq.org,0,tranco_benign,benign,False,benign
build-e2f3bb6aa39e6a6.vercel.app,0,benign_hex_service,benign,True,benign
mpmania.org,0,tranco_benign,benign,False,benign
8513539bcf21dcaa30f8f18f1379b59faf5ec54beedb9f0bfdba.dns-exfil.net,2,lab_dnscat2,dnscat2,True,dns_tunnel
5b3b0ea7968d471009e00b88da8653.tunnel-sec.biz,2,lab_dnscat2,dnscat2,True,dns_tunnel
vhrffordlinnetavox.net,1,dga_cluster_42,dga,False,dga
madeinbrazilblog.com,0,tranco_benign,benign,False,benign
a41-230-84-41.deploy.static.akamaitechnologies.com,0,benign_cdn,benign,True,benign
tnnjfordlinnetavox.cc,1,dga_cluster_42,dga,False,dga
usal.top,0,tranco_benign,benign,False,benign
portal.filtrypitnevody.xyz,0,tranco_benign,benign,False,benign
m.svlu.com,0,tranco_benign,benign,False,benign
galleriatenbangkok.top,0,tranco_benign,benign,False,benign
a.x5twzoc7gbg64ssgcxqi5fk.km6ozhoppc6uqiiigqz5sl5wlboynfoyqz.dns-exfil.net,2,lab_iodine,iodine,True,dns_tunnel
hhlpfordlinnetavox.com,1,dga_cluster_42,dga,False,dga
lzrnsagabardinedazyx.com,1,dga_cluster_44,dga,False,dga
the-hyderabad.com,0,tranco_benign,benign,False,benign
api.peredpokupkoy.co,0,tranco_benign,benign,False,benign
eggcinema.org,0,tranco_benign,benign,False,benign
ovjobs.me,0,tranco_benign,benign,False,benign
freeindiansex.biz,0,tranco_benign,benign,False,benign
lhbbererwyatanb.net,1,dga_cluster_41,dga,False,dga
ranchogordo.io,0,tranco_benign,benign,False,benign
momsincontrol.com,0,tranco_benign,benign,False,benign
qkweererwyatanb.net,1,dga_cluster_41,dga,False,dga
archbd.org,0,tranco_benign,benign,False,benign
124.185.209.31.in-addr.arpa,0,benign_reverse_dns,benign,True,benign
unfvdgartfatlj.com,1,dga_cluster_40,dga,False,dga
hitweb.com,0,tranco_benign,benign,False,benign
vm-prod-20cc6e2b.westeurope.cloudapp.azure.com,0,benign_cloud_instance,benign,True,benign
auth0.fjgrtroc0o2xii92hiojfk43zzz9zbmncmkp9zhabv727iw0ise.ns-data.io,2,lab_dns2tcp,dns2tcp,True,dns_tunnel
w41a862fd786f0d5ca2d8f88edbf895e48.com,1,dga_cluster_44,dga,False,dga
funcode-tech.info,0,tranco_benign,benign,False,benign
cryxrdriiunbofar.com,1,dga_cluster_40,dga,False,dga
blog.josyma.xyz,0,tranco_benign,benign,False,benign
auth.novinky-firmanazazitky.io,0,tranco_benign,benign,False,benign
a.uty7yj7kxd4k4356faswqun4zxsnmpfn5qhvm.bclqnmzo6aq2nqd7474c47dku6gybjcujtlm7.w3lxs7bz6v3a5a6o42kpvxluxuo3wakmwxy.tunnel-sec.biz,2,lab_iodine,iodine,True,dns_tunnel
1il0xhtsed6ogqugmof1q7glwi.com,1,dga_cluster_44,dga,False,dga
toprumy.net,0,tranco_benign,benign,False,benign
www.komprador.site,0,tranco_benign,benign,False,benign
auth2.70rla157zs02cyde3gzv2sfw.ns-data.io,2,lab_dns2tcp,dns2tcp,True,dns_tunnel
yahoo-emarketing.online,0,tranco_benign,benign,False,benign
svarinzert.org,0,tranco_benign,benign,False,benign
abago.co,0,tranco_benign,benign,False,benign
bahubalimachines.com,0,tranco_benign,benign,False,benign
yourlearningplace.cc,0,tranco_benign,benign,False,benign
ysbbpx.tunnel-org.org,2,original_hex_tunnel,original_tunnel,False,dns_tunnel
rbrcsagabardinedazyx.com,1,dga_cluster_44,dga,False,dga
eexesagabardinedazyx.com,1,dga_cluster_44,dga,False,dga
lnklfordlinnetavox.com,1,dga_cluster_42,dga,False,dga
pfelfordlinnetavox.io,1,dga_cluster_42,dga,False,dga
m.sarancar.net,0,tranco_benign,benign,False,benign
123bestdeal.xyz,0,tranco_benign,benign,False,benign
0ifa1pdnklez5n5jvafgfdwcfax0yzlcmrquafjq1145o5pv0tllr2nrefvneg.tunnel-co.co,2,original_hex_tunnel,original_tunnel,False,dns_tunnel
creamdancestoreshamereward.xyz,1,dga_cluster_43,dga,False,dga
allbestmovies.co,0,tranco_benign,benign,False,benign
petittrois.info,0,tranco_benign,benign,False,benign
m.fakecrow.com,0,tranco_benign,benign,False,benign
uydrfordlinnetavox.top,1,dga_cluster_42,dga,False,dga
mail.sfefcu.com,0,tranco_benign,benign,False,benign
6c097f5088af84f8cc9748c63c030d7d30d21aaa9c3834c214.lab-tunnel.org,2,lab_dnscat2,dnscat2,True,dns_tunnel
xn--2-8sbxpv.io,0,tranco_benign,benign,False,benign
eeddpjrnhkvi.com,1,dga_cluster_44,dga,False,dga
auth.piekneibogaci.org,0,tranco_benign,benign,False,benign
cervena-cibule.com,0,tranco_benign,benign,False,benign
merahputih.org,0,tranco_benign,benign,False,benign
login.poskytnuto.com,0,tranco_benign,benign,False,benign
eqinanarianaqh.com,1,dga_cluster_40,dga,False,dga
pakistanilounge.org,0,tranco_benign,benign,False,benign
cdn.cruisetimetables.com,0,tranco_benign,benign,False,benign
0vdb1mrwge0tgbyadudim5q.tunnel-org.org,2,original_hex_tunnel,original_tunnel,False,dns_tunnel
cceyfordlinnetavox.com,1,dga_cluster_42,dga,False,dga
eqhxpartbulkyf.com,1,dga_cluster_40,dga,False,dga
adolfodominguez.com,0,tranco_benign,benign,False,benign
disciplinebecomecoastmark.com,1,dga_cluster_40,dga,False,dga
xhzeererwyatanb.com,1,dga_cluster_41,dga,False,dga
vm-prod-05e8a5f7.westeurope.cloudapp.azure.com,0,benign_cloud_instance,benign,True,benign
prod-cdn-331.global.ssl.fastly.net,0,benign_cdn,benign,True,benign
api.denizer.net,0,tranco_benign,benign,False,benign
sacsetvalises.info,0,tranco_benign,benign,False,benign
tgc1.com,0,tranco_benign,benign,False,benign
76-203-40-184.bc.googleusercontent.com,0,benign_cloud_instance,benign,True,benign
cdn.teco.org,0,tranco_benign,benign,False,benign
cdn.unitedbankwi.top,0,tranco_benign,benign,False,benign
usumererwyatanb.io,1,dga_cluster_41,dga,False,dga
pamafsqi.tunnel-com.com,2,original_hex_tunnel,original_tunnel,False,dns_tunnel
portal.websbestmarketing.com,0,tranco_benign,benign,False,benign
auth2.7500rd5h4tvsdkfkgenusef9amxu2obone0k1d3we.dns-exfil.net,2,lab_dns2tcp,dns2tcp,True,dns_tunnel
auth3.rtheak9dlsfhxad3ta1i8dtepiky822u34hcxpcsz7q201.tunnel-poc.com,2,lab_dns2tcp,dns2tcp,True,dns_tunnel
static.freehdxnxx.org,0,tranco_benign,benign,False,benign
null.vxcciyblr2nnkwhk276oyyq3rmzps.xiiglcti26w7dmdyd53q.qrgkaygv2vbgpdflteq4gzvcdrmqsrcsfnd7gc.lab-tunnel.org,2,lab_iodine,iodine,True,dns_tunnel
dev.melodijolola.xyz,0,tranco_benign,benign,False,benign
portal.slimpasta.biz,0,tranco_benign,benign,False,benign
simcitynews.com,0,tranco_benign,benign,False,benign
vtr-voyages.com,0,tranco_benign,benign,False,benign
m.sevenseas-china.com,0,tranco_benign,benign,False,benign
ecrumachuslazaroqok.com,1,dga_cluster_40,dga,False,dga
dekhcoupon.net,0,tranco_benign,benign,False,benign
bubu.top,0,tranco_benign,benign,False,benign
build-e9129dfc.gitlab.io,0,benign_hex_service,benign,True,benign
woaxsun.net,0,tranco_benign,benign,False,benign
salekonferencyjne24.io,0,tranco_benign,benign,False,benign
build-f6ef1d5e.azurewebsites.net,0,benign_hex_service,benign,True,benign
mehfererwyatanb.com,1,dga_cluster_41,dga,False,dga
yardcomediscoverconcerned.info,1,dga_cluster_44,dga,False,dga
login.clevelandcc.org,0,tranco_benign,benign,False,benign
kartalhaber.org,0,tranco_benign,benign,False,benign
photomugs.me,0,tranco_benign,benign,False,benign
null.vvjx57qqackn3drkjtitzhg7ou6owczsg2ukgdagishst.lab-tunnel.org,2,lab_iodine,iodine,True,dns_tunnel
mrmoneymustache.site,0,tranco_benign,benign,False,benign
sulromanzo.com,0,tranco_benign,benign,False,benign
ladyvirtual.cc,0,tranco_benign,benign,False,benign
shinof.top,0,tranco_benign,benign,False,benign
tlkdfordlinnetavox.org,1,dga_cluster_42,dga,False,dga
koedknd.com,1,dga_cluster_44,dga,False,dga
0iqafi2zqaanlcihyqyqqcakbefqrcujzp.tunnel-org.org,2,original_hex_tunnel,original_tunnel,False,dns_tunnel
homeremediesmagic.org,0,tranco_benign,benign,False,benign
auth6.oqyc39ld5t98hp30ibr54elz7ut.ns-data.io,2,lab_dns2tcp,dns2tcp,True,dns_tunnel
salusvision.com,0,tranco_benign,benign,False,benign
freshgaymag.co,0,tranco_benign,benign,False,benign
mediumclaimboxbrainbeach.com,1,dga_cluster_44,dga,False,dga
filmkorku.top,0,tranco_benign,benign,False,benign
dnscat.2e303ca3.754cbf6d53abbe41144d454c3184a7833c919f7b9ba7929.tunnel-sec.biz,2,lab_dnscat2,dnscat2,True,dns_tunnel
jufjanneke.com,0,tranco_benign,benign,False,benign
dazzlingdailydeals.com,0,tranco_benign,benign,False,benign
saitcraft.com,0,tranco_benign,benign,False,benign
pedrocanchenoticias.site,0,tranco_benign,benign,False,benign
9.87.109.63.in-addr.arpa,0,benign_reverse_dns,benign,True,benign
n2yazdedu.com,0,tranco_benign,benign,False,benign
shop.lunashops.net,0,tranco_benign,benign,False,benign
dnscat.c1d022ba.f21c24871c48dd0c005723aa687d2e.ns-data.io,2,lab_dnscat2,dnscat2,True,dns_tunnel
static.candle-shack.com,0,tranco_benign,benign,False,benign
joklive.org,0,tranco_benign,benign,False,benign
blog.altea-consulting.net,0,tranco_benign,benign,False,benign
mail.qwikswitch.xyz,0,tranco_benign,benign,False,benign
clubjuegos.com,0,tranco_benign,benign,False,benign
catchtowerbringarguemarket.com,1,dga_cluster_40,dga,False,dga
rjjcsagabardinedazyx.com,1,dga_cluster_44,dga,False,dga
shop.nittan.com,0,tranco_benign,benign,False,benign
a.3zu2ugd5laq3lnljmqyepeh46adcampwtpx.tunnel-poc.com,2,lab_iodine,iodine,True,dns_tunnel
lnsds.site,0,tranco_benign,benign,False,benign
cdn-cache-0c008631.cf-ipfs.com,0,benign_cdn,benign,True,benign
ec2-74-40-248-181.compute-1.amazonaws.com,0,benign_cloud_instance,benign,True,benign
txt.6oqtjsmkw6vl5qk2sngzuxh2wllb.kizyuyjp5ntow63fbl7rudib7cyrefwyqd7ex.gntykrqbhhosqwdd5dzk3uiq.lab-tunnel.org,2,lab_iodine,iodine,True,dns_tunnel
auth8.6m6iyh44gekibkgcx356thsgm2zsziqu0aqw367ji7qh3ar5t1.tunnel-poc.com,2,lab_dns2tcp,dns2tcp,True,dns_tunnel
prazske-kancelare.info,0,tranco_benign,benign,False,benign
9.d.8.c.1.2.0.3.c.b.3.9.9.5.b.e.ip6.arpa,0,benign_reverse_dns,benign,True,benign
static.projtest.info,0,tranco_benign,benign,False,benign
vicezakazniku.me,0,tranco_benign,benign,False,benign
prod-cdn-357.global.ssl.fastly.net,0,benign_cdn,benign,True,benign
shop.calvarycare.com,0,tranco_benign,benign,False,benign
txvvsagabardinedazyx.cc,1,dga_cluster_44,dga,False,dga
stevensonschool.com,0,tranco_benign,benign,False,benign
chorvatskozajezdy.info,0,tranco_benign,benign,False,benign
0eaaqpdnggyhambygkybqkh1xkydqmd3rxqrfydeajrembo0aiyzsioj0wz2wz.tunnel-com.com,2,original_hex_tunnel,original_tunnel,False,dns_tunnel
ttdxfordlinnetavox.com,1,dga_cluster_42,dga,False,dga
ar2zwl91fe331vf4lmv1267skw.com,1,dga_cluster_40,dga,False,dga
v4.yahgt45vc7nsp2jniwwpfboq5f6wxsby4r6qvshoo5.gj7w2bl4grj6qb63jlqnqbvlpqis7lyax64.tunnel-poc.com,2,lab_iodine,iodine,True,dns_tunnel
uywifordlinnetavox.com,1,dga_cluster_42,dga,False,dga
hbpl.com,0,tranco_benign,benign,False,benign
static.gradschool.top,0,tranco_benign,benign,False,benign
xfyrrsepdaedkt.com,1,dga_cluster_44,dga,False,dga
quphfordlinnetavox.xyz,1,dga_cluster_42,dga,False,dga
squarequalifysetbusyavoid.com,1,dga_cluster_40,dga,False,dga
m.soxange.com,0,tranco_benign,benign,False,benign
dnscat.cde4e958.d1ff59809331ea40bc8f29e68655da51eb3b0e132f1c.tunnel-sec.biz,2,lab_dnscat2,dnscat2,True,dns_tunnel
ztehfordlinnetavox.xyz,1,dga_cluster_42,dga,False,dga
0mra5sgqzlfjbkddjqmzfv22l2nbpg4ysiojdgus12kfvectzeu2x0ogthkjit.tunnel-top.top,2,original_hex_tunnel,original_tunnel,False,dns_tunnel
blog.pro-sound.org,0,tranco_benign,benign,False,benign
auth1.q58ew36496qvd3bgjskeio7mnae6msan8ntdwkio93o9tue9.dns-exfil.net,2,lab_dns2tcp,dns2tcp,True,dns_tunnel
m.trteam.com,0,tranco_benign,benign,False,benign
spiritofbuddhism.org,0,tranco_benign,benign,False,benign
goweb.site,0,tranco_benign,benign,False,benign
build-de9d23a43.pages.dev,0,benign_hex_service,benign,True,benign
custom-car-wraps.net,0,tranco_benign,benign,False,benign
static.gowrealtips.info,0,tranco_benign,benign,False,benign
kousek-webu.net,0,tranco_benign,benign,False,benign
zdmgsagabardinedazyx.com,1,dga_cluster_44,dga,False,dga
electrodomesticos.io,0,tranco_benign,benign,False,benign
rentcar.online,0,tranco_benign,benign,False,benign
superestudio.com,0,tranco_benign,benign,False,benign
chailove.com,0,tranco_benign,benign,False,benign
build-29c46ac2249b.pages.dev,0,benign_hex_service,benign,True,benign
blog.xn-----jlcdqibf9aabihgblel8h.online,0,tranco_benign,benign,False,benign
72e501836fe033d6f73414000476fe5080.tunnel-com.com,2,original_hex_tunnel,original_tunnel,False,dns_tunnel
problemparenttermescapecondition.io,1,dga_cluster_43,dga,False,dga
signingshotline.co,0,tranco_benign,benign,False,benign
nhwrmachuslazaroqok.com,1,dga_cluster_40,dga,False,dga
blog.lelapinrouge.com,0,tranco_benign,benign,False,benign
e6a8632a6fe1f7c6e01b0bd34251fb4fa641201930.ns-data.io,2,lab_dnscat2,dnscat2,True,dns_tunnel
winezon.com,0,tranco_benign,benign,False,benign
auth8.t2u5wxpvs9j31p2edwy4r1r02z1i9n.dns-exfil.net,2,lab_dns2tcp,dns2tcp,True,dns_tunnel
build-0bf34b34657.gitlab.io,0,benign_hex_service,benign,True,benign
cesifo-group.info,0,tranco_benign,benign,False,benign
paaajavq.tunnel-com.com,2,original_hex_tunnel,original_tunnel,False,dns_tunnel
vm-prod-cc00bbff.westeurope.cloudapp.azure.com,0,benign_cloud_instance,benign,True,benign
cdn.schoolsworld.com,0,tranco_benign,benign,False,benign
penzionreva.biz,0,tranco_benign,benign,False,benign
1000tipsit.co,0,tranco_benign,benign,False,benign
wmpjpartbulkyf.com,1,dga_cluster_40,dga,False,dga
wyaufordlinnetavox.com,1,dga_cluster_42,dga,False,dga
soktanarianaqh.com,1,dga_cluster_40,dga,False,dga
usgkfordlinnetavox.info,1,dga_cluster_42,dga,False,dga
static.worldtrade24.com,0,tranco_benign,benign,False,benign
theenergyexchange.org,0,tranco_benign,benign,False,benign
in-cumbria.co,0,tranco_benign,benign,False,benign
jacketcoastdarepentoollecture.site,1,dga_cluster_43,dga,False,dga
ertqaa.org,0,tranco_benign,benign,False,benign
jagledam.info,0,tranco_benign,benign,False,benign
auth1.xgtdjxz3iv59e5tp3btf0ejawwfeihy5clobd94r5522xm9u.tunnel-poc.com,2,lab_dns2tcp,dns2tcp,True,dns_tunnel
d5ecc9bb9ea95a1.cloudfront.net,0,benign_cdn,benign,True,benign
quanxiong.online,0,tranco_benign,benign,False,benign
lampshado.site,0,tranco_benign,benign,False,benign
a37660f383ffaa1ff2d2621c0e9d0ce77b3ea1f5079d3d75aa82d79afe6b2fa9.lab-tunnel.org,2,lab_dnscat2,dnscat2,True,dns_tunnel
uudcmachuslazaroqok.com,1,dga_cluster_40,dga,False,dga
madebyshape.site,0,tranco_benign,benign,False,benign
thiruttuvcds.org,0,tranco_benign,benign,False,benign
login.uniqdj.net,0,tranco_benign,benign,False,benign
www.skoda-dily.me,0,tranco_benign,benign,False,benign
nailsplitsaytreeearnnose.com,1,dga_cluster_40,dga,False,dga
my2you.com,0,tranco_benign,benign,False,benign
176.187.8.239.in-addr.arpa,0,benign_reverse_dns,benign,True,benign
jftiererwyatanb.pro,1,dga_cluster_41,dga,False,dga
qunarhotel.com,0,tranco_benign,benign,False,benign
shop.cleaningservicesgroup.xyz,0,tranco_benign,benign,False,benign
de1d12d1002d719.cloudfront.net,0,benign_cdn,benign,True,benign
7e6b22d43975ec6d543d2844af52a2df7cf35a3d58e73e703.tunnel-sec.biz,2,lab_dnscat2,dnscat2,True,dns_tunnel
prod-cdn-872.global.ssl.fastly.net,0,benign_cdn,benign,True,benign
78.103.238.56.in-addr.arpa,0,benign_reverse_dns,benign,True,benign
ttqkfordlinnetavox.com,1,dga_cluster_42,dga,False,dga
mail.qrpforum.online,0,tranco_benign,benign,False,benign
smileoptic.online,0,tranco_benign,benign,False,benign
registercakematterbosspop.top,1,dga_cluster_43,dga,False,dga
vaaaakaw5tm.tunnel-com.com,2,original_hex_tunnel,original_tunnel,False,dns_tunnel
igtjererwyatanb.com,1,dga_cluster_41,dga,False,dga
ardbobvytdfcau.com,1,dga_cluster_40,dga,False,dga
euumfordlinnetavox.com,1,dga_cluster_42,dga,False,dga
build-167aecdb2890b97.gitlab.io,0,benign_hex_service,benign,True,benign
m.tennislive.online,0,tranco_benign,benign,False,benign
auth3.elkhtp84qgk6jnorxwv6l98r74yxrskqegzq9gckmgkkvn.lab-tunnel.org,2,lab_dns2tcp,dns2tcp,True,dns_tunnel
cxciltgvopariq.com,1,dga_cluster_40,dga,False,dga
ratestandneckquitaddress.info,1,dga_cluster_43,dga,False,dga
osmouk.net,0,tranco_benign,benign,False,benign
api.thekillerpunch.io,0,tranco_benign,benign,False,benign
mx456.org,0,tranco_benign,benign,False,benign
jedribokgkgmbobrgp.com,1,dga_cluster_44,dga,False,dga
skyksagabardinedazyx.com,1,dga_cluster_44,dga,False,dga
pdsvpartbulkyf.com,1,dga_cluster_40,dga,False,dga
srv.uqg6zwo4pqkcynqz6vjhtkz7yevjgo.2vwkprdld6y5sg7g3pfl.ns-data.io,2,lab_iodine,iodine,True,dns_tunnel
onfstdcfedcf.com,1,dga_cluster_44,dga,False,dga
pamafupq.tunnel-com.com,2,original_hex_tunnel,original_tunnel,False,dns_tunnel
arbuzik.com,0,tranco_benign,benign,False,benign
1q8oj0h1f2fyuy1wqzucked4y2.com,1,dga_cluster_44,dga,False,dga
xiao77.com,0,tranco_benign,benign,False,benign
safinehparvaz.com,0,tranco_benign,benign,False,benign
insidecareers.com,0,tranco_benign,benign,False,benign
mail.aukne.co,0,tranco_benign,benign,False,benign
waytofamous.info,0,tranco_benign,benign,False,benign
kozrererwyatanb.io,1,dga_cluster_41,dga,False,dga
tzfnererwyatanb.com,1,dga_cluster_41,dga,False,dga
urff.com,0,tranco_benign,benign,False,benign
partyservice-lippe.com,0,tranco_benign,benign,False,benign
dnscat.8842b06e.a5dfcac7bcfa0ed160df61aa9c54b49e7302d4262943e95d5ba3f2.ns-data.io,2,lab_dnscat2,dnscat2,True,dns_tunnel
arebtniwtgf.com,1,dga_cluster_40,dga,False,dga
srv.ybvlorhj6qoyvhak6ml2c2asbsq7g7c4aonv5osg.dns-exfil.net,2,lab_iodine,iodine,True,dns_tunnel
fevaworks.com,0,tranco_benign,benign,False,benign
gqgoererwyatanb.com,1,dga_cluster_41,dga,False,dga
lovestw.online,0,tranco_benign,benign,False,benign
bpnjfordlinnetavox.net,1,dga_cluster_42,dga,False,dga
123direct.co,0,tranco_benign,benign,False,benign
cornerstone-bali.xyz,0,tranco_benign,benign,False,benign
edcdfweykopj.com,1,dga_cluster_44,dga,False,dga
ienlfordlinnetavox.com,1,dga_cluster_42,dga,False,dga
bleekercomics.net,0,tranco_benign,benign,False,benign
omlymachuslazaroqok.co,1,dga_cluster_40,dga,False,dga
kiabal.com,0,tranco_benign,benign,False,benign
noticehabitstructurefeature.xyz,1,dga_cluster_43,dga,False,dga
auth.princegroup.top,0,tranco_benign,benign,False,benign
vesmirna.com,0,tranco_benign,benign,False,benign
xn--eckzdsa7c1f7b.xyz,0,tranco_benign,benign,False,benign
5semen.com,0,tranco_benign,benign,False,benign
suriaresorts.top,0,tranco_benign,benign,False,benign
kavazasen.online,0,tranco_benign,benign,False,benign
txt.kefc7radndj74c4vv7z.bkeybxhpojonugbjab7hzu5.dns-exfil.net,2,lab_iodine,iodine,True,dns_tunnel
pdfdeposu.com,0,tranco_benign,benign,False,benign
auth.crownaudio.com,0,tranco_benign,benign,False,benign
nemetorszagi-magyarok.cc,0,tranco_benign,benign,False,benign
legacyfamilytree.co,0,tranco_benign,benign,False,benign
bdtask.com,0,tranco_benign,benign,False,benign
jeux-fille-gratuit.com,0,tranco_benign,benign,False,benign
ntttererwyatanb.net,1,dga_cluster_41,dga,False,dga
mg-clinic.pro,0,tranco_benign,benign,False,benign
vrkqpartbulkyf.com,1,dga_cluster_40,dga,False,dga
bytos.com,0,tranco_benign,benign,False,benign
cdn-cache-913da105.cf-ipfs.com,0,benign_cdn,benign,True,benign
auth8.s0pkto5crffm8egh7kp20j638tuwybp.ns-data.io,2,lab_dns2tcp,dns2tcp,True,dns_tunnel
build-0c8301078f11279.gitlab.io,0,benign_hex_service,benign,True,benign
blogdesign.com,0,tranco_benign,benign,False,benign
jbdfsagabardinedazyx.com,1,dga_cluster_44,dga,False,dga
elimaplasty.io,0,tranco_benign,benign,False,benign
tsjbaires.me,0,tranco_benign,benign,False,benign
halvac.me,0,tranco_benign,benign,False,benign
files-downloads.info,0,tranco_benign,benign,False,benign
ec2-80-165-11-165.compute-1.amazonaws.com,0,benign_cloud_instance,benign,True,benign
rilpearu.com,1,dga_cluster_40,dga,False,dga
ppaxfordlinnetavox.info,1,dga_cluster_42,dga,False,dga
webmechta.xyz,0,tranco_benign,benign,False,benign
eaccererwyatanb.info,1,dga_cluster_41,dga,False,dga
ladypw3cjvp5pmdvlimm4as5sar3hwpi.tunnel-com.com,2,original_hex_tunnel,original_tunnel,False,dns_tunnel
hdgcbfedcbqy.com,1,dga_cluster_44,dga,False,dga
f.c.9.2.4.1.8.d.d.7.9.4.e.5.d.b.ip6.arpa,0,benign_reverse_dns,benign,True,benign
40-191-71-141.bc.googleusercontent.com,0,benign_cloud_instance,benign,True,benign
build-db313cccdd6d1.vercel.app,0,benign_hex_service,benign,True,benign
www.chatsports.info,0,tranco_benign,benign,False,benign
senpolia.net,0,tranco_benign,benign,False,benign
153-251-117-171.bc.googleusercontent.com,0,benign_cloud_instance,benign,True,benign
suite101.net,0,tranco_benign,benign,False,benign
lnuhpartbulkyf.com,1,dga_cluster_40,dga,False,dga
5bd56dfc3fb56c13ae6f3ba9e53d350bd755dcbc.ns-data.io,2,lab_dnscat2,dnscat2,True,dns_tunnel
ysthfordlinnetavox.org,1,dga_cluster_42,dga,False,dga
auth.profit-erotika.info,0,tranco_benign,benign,False,benign
greenhawk.com,0,tranco_benign,benign,False,benign
dde5318298d6dce.cloudfront.net,0,benign_cdn,benign,True,benign
ecarone.info,0,tranco_benign,benign,False,benign
54.67.237.27.in-addr.arpa,0,benign_reverse_dns,benign,True,benign
bebeshka.top,0,tranco_benign,benign,False,benign
vvnffordlinnetavox.net,1,dga_cluster_42,dga,False,dga
auth.akersolutions.biz,0,tranco_benign,benign,False,benign
auth8.yxe24z35vfl1fci614e18bbgkpi2c5h73mfcx.dns-exfil.net,2,lab_dns2tcp,dns2tcp,True,dns_tunnel
raspishop.io,0,tranco_benign,benign,False,benign
sexvideorus.io,0,tranco_benign,benign,False,benign
pamafvhy.tunnel-com.com,2,original_hex_tunnel,original_tunnel,False,dns_tunnel
hzjisagabardinedazyx.com,1,dga_cluster_44,dga,False,dga
api.farmhousepottery.co,0,tranco_benign,benign,False,benign
dfivfordlinnetavox.co,1,dga_cluster_42,dga,False,dga
m.yagg.org,0,tranco_benign,benign,False,benign
qjbxw.com,0,tranco_benign,benign,False,benign
1trgngw429shl1defarw399urr.com,1,dga_cluster_40,dga,False,dga
spacerewardcollarpackaccording.com,1,dga_cluster_40,dga,False,dga
automotobouska.net,0,tranco_benign,benign,False,benign
www.itfarrag.top,0,tranco_benign,benign,False,benign
bollywoodglitz24.org,0,tranco_benign,benign,False,benign
bathmarketridbluefishclosed.com,1,dga_cluster_44,dga,False,dga
strategysitglovedigstable.biz,1,dga_cluster_43,dga,False,dga
atfp.com,0,tranco_benign,benign,False,benign
colliderporn.pro,0,tranco_benign,benign,False,benign
fajnviktoria.io,0,tranco_benign,benign,False,benign
m.latinoshealth.com,0,tranco_benign,benign,False,benign
paaim2eq.tunnel-com.com,2,original_hex_tunnel,original_tunnel,False,dns_tunnel
theplatinum401k.net,0,tranco_benign,benign,False,benign
lboqfordlinnetavox.com,1,dga_cluster_42,dga,False,dga
www.office-outlook.com,0,tranco_benign,benign,False,benign
elite-design.info,0,tranco_benign,benign,False,benign
homevet.com,0,tranco_benign,benign,False,benign
jzxtererwyatanb.io,1,dga_cluster_41,dga,False,dga
spiritscriptzonehostexplore.top,1,dga_cluster_43,dga,False,dga
potolochek.com,0,tranco_benign,benign,False,benign
dnscat.320abe53.0f2ec48592c93a457a8a82759731fc7fb090e644d3.lab-tunnel.org,2,lab_dnscat2,dnscat2,True,dns_tunnel
arayqtgkjynhr.com,1,dga_cluster_40,dga,False,dga
60edu0lvuy07ps3jsj3nc7xp.com,1,dga_cluster_44,dga,False,dga
491pnc1cz8uofsgupzxnxe0zqtwilwsi-eth8wh44d-my2fk72kw_ej-gzd-xxldn.tunnel-net.net,2,original_hex_tunnel,original_tunnel,False,dns_tunnel
qmoyiologistbikerepil.site,1,dga_cluster_43,dga,False,dga
ztkdpartbulkyf.com,1,dga_cluster_40,dga,False,dga
ec2-165-89-37-44.compute-1.amazonaws.com,0,benign_cloud_instance,benign,True,benign
vfpmfordlinnetavox.online,1,dga_cluster_42,dga,False,dga
srv.wxasnqxxqkqxnkmtaokn36uqcnlea.n3twf2jexlgtrp3ui4jbxlkzqk5lc4dw2o.q7bfembt773e26pygpnljxkkgkji7l3h3x.dns-exfil.net,2,lab_iodine,iodine,True,dns_tunnel
login.officiallyglutenfree.biz,0,tranco_benign,benign,False,benign
489901ce4302b7bfb5987a014cdfe580e8.tunnel-com.com,2,original_hex_tunnel,original_tunnel,False,dns_tunnel
shop.pecr.xyz,0,tranco_benign,benign,False,benign
ced754c3d3c9afee5178a19efb827fb9c3.com,1,dga_cluster_44,dga,False,dga
novejsvet.co,0,tranco_benign,benign,False,benign
starhealth.com,0,tranco_benign,benign,False,benign
blog.myvedicmaths.xyz,0,tranco_benign,benign,False,benign
spolecnekrozmanitosti.org,0,tranco_benign,benign,False,benign
trendindia.org,0,tranco_benign,benign,False,benign
zbedmachuslazaroqok.com,1,dga_cluster_40,dga,False,dga
www.anfarabic.org,0,tranco_benign,benign,False,benign
linscription.com,0,tranco_benign,benign,False,benign
build-76d312aa7ddf.vercel.app,0,benign_hex_service,benign,True,benign
mail.mericekrevnihotlaku.com,0,tranco_benign,benign,False,benign
login.askbaby.com,0,tranco_benign,benign,False,benign
indianadultshows.com,0,tranco_benign,benign,False,benign
nti.com,0,tranco_benign,benign,False,benign
premium-ip.com,0,tranco_benign,benign,False,benign
berecruited.com,0,tranco_benign,benign,False,benign
esfcererwyatanb.online,1,dga_cluster_41,dga,False,dga
jtfsmachuslazaroqok.com,1,dga_cluster_40,dga,False,dga
api.breyerhorses.com,0,tranco_benign,benign,False,benign
sfippa.net,0,tranco_benign,benign,False,benign
viscopedia.org,0,tranco_benign,benign,False,benign
esfjmachuslazaroqok.com,1,dga_cluster_40,dga,False,dga
chandigarhmetro.biz,0,tranco_benign,benign,False,benign
uctpfordlinnetavox.org,1,dga_cluster_42,dga,False,dga
postalinspectors.com,0,tranco_benign,benign,False,benign
blog.ifeffect.xyz,0,tranco_benign,benign,False,benign
lpyhmachuslazaroqok.com,1,dga_cluster_40,dga,False,dga
dfikfordlinnetavox.com,1,dga_cluster_42,dga,False,dga
ptvkfordlinnetavox.com,1,dga_cluster_42,dga,False,dga
auth1.jr404068cmisfsz42hej6t2cohkftvzcfgr1ukyimzxp1ve0j2oi.tunnel-sec.biz,2,lab_dns2tcp,dns2tcp,True,dns_tunnel
000e0348745650bd03a54300009ee6961ab25040cdf43c779aadda38db80.tunnel-top.top,2,original_hex_tunnel,original_tunnel,False,dns_tunnel
www.mihistoriauniversal.io,0,tranco_benign,benign,False,benign
pamafypa.tunnel-net.net,2,original_hex_tunnel,original_tunnel,False,dns_tunnel
movescount.biz,0,tranco_benign,benign,False,benign
smartwatchtobuy.info,0,tranco_benign,benign,False,benign
nsauditor.co,0,tranco_benign,benign,False,benign
m.detki-sad.info,0,tranco_benign,benign,False,benign
21e001f059f9d08dad21840074d73decff.tunnel-org.org,2,original_hex_tunnel,original_tunnel,False,dns_tunnel
shop.amygdalabuzz.xyz,0,tranco_benign,benign,False,benign
supervidea.com,0,tranco_benign,benign,False,benign
dev.zlutava.net,0,tranco_benign,benign,False,benign
quffsagabardinedazyx.com,1,dga_cluster_44,dga,False,dga
cariverplate.com,0,tranco_benign,benign,False,benign
elektro-kebrdle.com,0,tranco_benign,benign,False,benign
pamap3oy.tunnel-top.top,2,original_hex_tunnel,original_tunnel,False,dns_tunnel
static.resforfree.biz,0,tranco_benign,benign,False,benign
teikametrics.org,0,tranco_benign,benign,False,benign
atletika-mk.biz,0,tranco_benign,benign,False,benign
beautytips4her.me,0,tranco_benign,benign,False,benign
tipangerbecomeexaminereply.site,1,dga_cluster_41,dga,False,dga
dtcn.com,0,tranco_benign,benign,False,benign
auth4.725b1vd7umarmf7gaomtf0w5u346sm54ddrpl.lab-tunnel.org,2,lab_dns2tcp,dns2tcp,True,dns_tunnel
portal.hi5arizona.org,0,tranco_benign,benign,False,benign
scbumachuslazaroqok.com,1,dga_cluster_40,dga,False,dga
zfurpartbulkyf.com,1,dga_cluster_40,dga,False,dga
yakugaku-tik.org,0,tranco_benign,benign,False,benign
c414e639816800fc07cc965c2db36ead986e5075f0e36.dns-exfil.net,2,lab_dnscat2,dnscat2,True,dns_tunnel
74990be56380e73a4ebeb51cfa77ae67e78b21cc.dns-exfil.net,2,lab_dnscat2,dnscat2,True,dns_tunnel
dvpnererwyatanb.com,1,dga_cluster_41,dga,False,dga
masterlandslideliveneckdescribe.xyz,1,dga_cluster_43,dga,False,dga
vm-prod-4c08119a.westeurope.cloudapp.azure.com,0,benign_cloud_instance,benign,True,benign
aaeapartbulkyf.com,1,dga_cluster_40,dga,False,dga
mail.vetpomosch.com,0,tranco_benign,benign,False,benign
adfindster.io,0,tranco_benign,benign,False,benign
lxrfsagabardinedazyx.com,1,dga_cluster_44,dga,False,dga
vm-prod-7ed7babd.westeurope.cloudapp.azure.com,0,benign_cloud_instance,benign,True,benign
ocsworldwide.com,0,tranco_benign,benign,False,benign
shop.wavemetrics.online,0,tranco_benign,benign,False,benign
wskwsagabardinedazyx.com,1,dga_cluster_44,dga,False,dga
vrubikino.org,0,tranco_benign,benign,False,benign
3.190.122.22.in-addr.arpa,0,benign_reverse_dns,benign,True,benign
auth5.c2ngb06r4hvxhxmb3qx52q36aqeppf4zzlpm10ltdpg.tunnel-sec.biz,2,lab_dns2tcp,dns2tcp,True,dns_tunnel
2c2901de2082c905e54568001b0c5179ff.tunnel-com.com,2,original_hex_tunnel,original_tunnel,False,dns_tunnel
101onlinetrading.com,0,tranco_benign,benign,False,benign
pafynkpi.tunnel-com.com,2,original_hex_tunnel,original_tunnel,False,dns_tunnel
elison2012.org,0,tranco_benign,benign,False,benign
demandtrustlimitedfightweigh.com,1,dga_cluster_44,dga,False,dga
148-221-39-185.bc.googleusercontent.com,0,benign_cloud_instance,benign,True,benign
hoponhopoffplus.com,0,tranco_benign,benign,False,benign
tzslererwyatanb.com,1,dga_cluster_41,dga,False,dga
m-secured.com,0,tranco_benign,benign,False,benign
therapy.co,0,tranco_benign,benign,False,benign
txt.peo4ilb2xpis4ggybqwqch4dhms4rfqphssq.gpytdwj62ls4i3bv2eymwafh6e6gzjgqlajtk.epmipy7nw5b3bfzpxlhxinsuyvifw44p6hyavsbd.lab-tunnel.org,2,lab_iodine,iodine,True,dns_tunnel
haikyu-gengaten.com,0,tranco_benign,benign,False,benign
xpnapartbulkyf.com,1,dga_cluster_40,dga,False,dga
pepipoo.xyz,0,tranco_benign,benign,False,benign
fenesta.org,0,tranco_benign,benign,False,benign
chotructuyen.org,0,tranco_benign,benign,False,benign
h704ccf2e8d7d886fde15bcea61b9ed5b7.com,1,dga_cluster_44,dga,False,dga
vjvkfordlinnetavox.com,1,dga_cluster_42,dga,False,dga
natiloo.co,0,tranco_benign,benign,False,benign
mandai-sf.com,0,tranco_benign,benign,False,benign
wsmgererwyatanb.biz,1,dga_cluster_41,dga,False,dga
caratlane.com,0,tranco_benign,benign,False,benign
cdn.nolteundlauth.org,0,tranco_benign,benign,False,benign
douchy-les-mines.com,0,tranco_benign,benign,False,benign
59a4a9e9348c64cffa69059342998ebe23ca2c0f2fedf921db96895efcb48.tunnel-poc.com,2,lab_dnscat2,dnscat2,True,dns_tunnel
72ab01f059b6cbf043f8320039ddf9331d.tunnel-com.com,2,original_hex_tunnel,original_tunnel,False,dns_tunnel
narak.info,0,tranco_benign,benign,False,benign
api.arwmedia.biz,0,tranco_benign,benign,False,benign
krematorium.site,0,tranco_benign,benign,False,benign
tuologo.top,0,tranco_benign,benign,False,benign
pedagixua.com,1,dga_cluster_44,dga,False,dga
laaytodfdam0p5uvjvavh5pgj3f3q5zi.tunnel-net.net,2,original_hex_tunnel,original_tunnel,False,dns_tunnel
cando-web.org,0,tranco_benign,benign,False,benign
build-603b38c786a92.vercel.app,0,benign_hex_service,benign,True,benign
v4.q4nz6cac6aj3mlyt3oz3tesr74rjxhd6zukylyyxh5v.mimjtfttzvv3go5dufx5hnkqbov5x4d7kuaw2nnenk.hwaa7mbfa2qokajzzeyep.dns-exfil.net,2,lab_iodine,iodine,True,dns_tunnel
qsrqpartbulkyf.com,1,dga_cluster_40,dga,False,dga
ridehelix.com,0,tranco_benign,benign,False,benign
stau1.xyz,0,tranco_benign,benign,False,benign
static.glotz-tv.org,0,tranco_benign,benign,False,benign
rouletchat.net,0,tranco_benign,benign,False,benign
shapesandwichconcernedzone.com,1,dga_cluster_44,dga,False,dga
mail.trannhuong.org,0,tranco_benign,benign,False,benign
static.torrentextras.com,0,tranco_benign,benign,False,benign
vnlbfordlinnetavox.com,1,dga_cluster_42,dga,False,dga
6404012370232d9b7af89f0075a99dbb33.tunnel-com.com,2,original_hex_tunnel,original_tunnel,False,dns_tunnel
mazzsagabardinedazyx.com,1,dga_cluster_44,dga,False,dga
dev.tamilsonline.xyz,0,tranco_benign,benign,False,benign
noaoomah.net,0,tranco_benign,benign,False,benign
cdn-cache-f06300a8.cf-ipfs.com,0,benign_cdn,benign,True,benign
igmapartbulkyf.com,1,dga_cluster_40,dga,False,dga
dev.movieslinker.com,0,tranco_benign,benign,False,benign
wwfhfordlinnetavox.com,1,dga_cluster_42,dga,False,dga
zdravakantyna.com,0,tranco_benign,benign,False,benign
a63-241-47-29.deploy.static.akamaitechnologies.com,0,benign_cdn,benign,True,benign
osedsnffuqjj.com,1,dga_cluster_44,dga,False,dga
auth1.w654x3lbf2e27h7ycgzdtcwheg.tunnel-sec.biz,2,lab_dns2tcp,dns2tcp,True,dns_tunnel
1b2ac62b677799a98f98a0c641580cec01f172dd62752b496d5ba72a39dc93dfc831.tunnel-sec.biz,2,lab_dnscat2,dnscat2,True,dns_tunnel
www.artistsweb.cc,0,tranco_benign,benign,False,benign
jzlufordlinnetavox.net,1,dga_cluster_42,dga,False,dga
guppytraders.pro,0,tranco_benign,benign,False,benign
cdn.avatrade.me,0,tranco_benign,benign,False,benign
zbecererwyatanb.com,1,dga_cluster_41,dga,False,dga
dnscat.f2061ba2.61eabde8e9683391264c3eb90c019bf9c95827ccf78ee3cac1c9cd43476d.tunnel-sec.biz,2,lab_dnscat2,dnscat2,True,dns_tunnel
addressbottleratedealsink.online,1,dga_cluster_43,dga,False,dga
klndr.site,0,tranco_benign,benign,False,benign
stuffassociateshineaward.cc,1,dga_cluster_43,dga,False,dga
m.powerleadspro.com,0,tranco_benign,benign,False,benign
satisfactionbotherclubcredit.me,1,dga_cluster_43,dga,False,dga
b31e0123708cc5f8b9e3f7006982c764ef.tunnel-net.net,2,original_hex_tunnel,original_tunnel,False,dns_tunnel
paeagezq.tunnel-com.com,2,original_hex_tunnel,original_tunnel,False,dns_tunnel
login.happybabyshop.org,0,tranco_benign,benign,False,benign
mcbefordlinnetavox.org,1,dga_cluster_42,dga,False,dga
1e55b37e714800a0224de78a714bc861.lab-tunnel.org,2,lab_dnscat2,dnscat2,True,dns_tunnel
connect2bdradio.com,0,tranco_benign,benign,False,benign
tabeshekosar.com,0,tranco_benign,benign,False,benign
njhxsagabardinedazyx.com,1,dga_cluster_44,dga,False,dga
xzjffordlinnetavox.com,1,dga_cluster_42,dga,False,dga
sapoideduh.com,1,dga_cluster_44,dga,False,dga
fvampartbulkyf.com,1,dga_cluster_40,dga,False,dga
writerflowerskirtstageresolve.biz,1,dga_cluster_43,dga,False,dga
blog.nofat.online,0,tranco_benign,benign,False,benign
login.sandraliving.com,0,tranco_benign,benign,False,benign
jonsmarketplace.site,0,tranco_benign,benign,False,benign
materialbehaveaddressbuild.net,1,dga_cluster_43,dga,False,dga
salehat.com,0,tranco_benign,benign,False,benign
auth3.7my2bpyo4jqzzivn6usg6ixx787jngdnti50gg51m.tunnel-poc.com,2,lab_dns2tcp,dns2tcp,True,dns_tunnel
jxlcmachuslazaroqok.com,1,dga_cluster_40,dga,False,dga
dnscat.f425601f.58c930765c89640ddf4833d2763268d8731b25336facb3260a653cd.ns-data.io,2,lab_dnscat2,dnscat2,True,dns_tunnel
financesmaster.com,0,tranco_benign,benign,False,benign
hbzs-ov.org,0,tranco_benign,benign,False,benign
ondeck.com,0,tranco_benign,benign,False,benign
taveshow.xyz,0,tranco_benign,benign,False,benign
495801ce43172e6db6b942015106e8421e.tunnel-net.net,2,original_hex_tunnel,original_tunnel,False,dns_tunnel
null.annq4c7k2isuin6u5wyhds.fnp7ynn7wmeuujsjt2ybqssgb62jjxmlxk.qjb4t3bjmweb54bkgx7diicfmwvrebhopqnpg55r32p47.tunnel-poc.com,2,lab_iodine,iodine,True,dns_tunnel
dnscat.0ea59af5.a7e5bfe627c0d798695d29259e76eaf9bc4b4f2d22d7f1.lab-tunnel.org,2,lab_dnscat2,dnscat2,True,dns_tunnel
a.qbjfljyrvqhff2znvteztzck3.ns-data.io,2,lab_iodine,iodine,True,dns_tunnel
eicodesign.com,0,tranco_benign,benign,False,benign
dev.tabs4ukulele.com,0,tranco_benign,benign,False,benign
hinkleylightinglights.xyz,0,tranco_benign,benign,False,benign
mercurydirect.info,0,tranco_benign,benign,False,benign
13t6zr3bvyviarbyfv11uxa16w.com,1,dga_cluster_40,dga,False,dga
clickae.com,0,tranco_benign,benign,False,benign
contentmanagement.io,0,tranco_benign,benign,False,benign
mail.hotjoomlatemplates.com,0,tranco_benign,benign,False,benign
4eaaapdnggydixon2aaaedrlp55zvgcaad.tunnel-info.info,2,original_hex_tunnel,original_tunnel,False,dns_tunnel
xndxpartbulkyf.com,1,dga_cluster_40,dga,False,dga
auth7.nlwoinwzhknbj1hkmdlsz6afc1w6u6ccd0.lab-tunnel.org,2,lab_dns2tcp,dns2tcp,True,dns_tunnel
dev.whatsgabycooking.biz,0,tranco_benign,benign,False,benign
tjkrsagabardinedazyx.com,1,dga_cluster_44,dga,False,dga
hdmob.com,0,tranco_benign,benign,False,benign
unitedtowers.com,0,tranco_benign,benign,False,benign
null.jqqhqveblf7yvbxpa7nstjboxulpk3e63mprc3upcles.dns-exfil.net,2,lab_iodine,iodine,True,dns_tunnel
f9780de6f908012f3edcb3a08394615e0a.com,1,dga_cluster_44,dga,False,dga
blog.ricosyostentosos.site,0,tranco_benign,benign,False,benign
njlcfordlinnetavox.cc,1,dga_cluster_42,dga,False,dga
influencecamptakesailmark.co,1,dga_cluster_40,dga,False,dga
herrs.com,0,tranco_benign,benign,False,benign
loz-trebic.net,0,tranco_benign,benign,False,benign
iosappspy.top,0,tranco_benign,benign,False,benign
dnscat.09e2bb1d.b3269617ae8c0baf57bd9da39e5b.ns-data.io,2,lab_dnscat2,dnscat2,True,dns_tunnel
freebookmarkjack.biz,0,tranco_benign,benign,False,benign
homeflooringpros.org,0,tranco_benign,benign,False,benign
royalroadl.com,0,tranco_benign,benign,False,benign
audiocentrum.com,0,tranco_benign,benign,False,benign
levneploty.com,0,tranco_benign,benign,False,benign
auth.infoclub74.com,0,tranco_benign,benign,False,benign
ifgfedgrqjjr.com,1,dga_cluster_44,dga,False,dga
nimhans.com,0,tranco_benign,benign,False,benign
cdd501f8db1364ef9a407e001c913a7a0c.tunnel-info.info,2,original_hex_tunnel,original_tunnel,False,dns_tunnel
build-3609bc55c37944.azurewebsites.net,0,benign_hex_service,benign,True,benign
haoid.com,0,tranco_benign,benign,False,benign
vazhnoe.com,0,tranco_benign,benign,False,benign
m.bluej.xyz,0,tranco_benign,benign,False,benign
v4.c6nd2kklmtzlo4cq3z.ns-data.io,2,lab_iodine,iodine,True,dns_tunnel
nlac.net,0,tranco_benign,benign,False,benign
vm-prod-e767575b.westeurope.cloudapp.azure.com,0,benign_cloud_instance,benign,True,benign
clubdiscussion.info,0,tranco_benign,benign,False,benign
xfnkererwyatanb.net,1,dga_cluster_41,dga,False,dga
unkmswilnede.com,1,dga_cluster_44,dga,False,dga
sat1.com,0,tranco_benign,benign,False,benign
11x2xed1kfh9pj1fsds641p2vl1g.com,1,dga_cluster_44,dga,False,dga
europefashion.org,0,tranco_benign,benign,False,benign
dgmaxinteractive.xyz,0,tranco_benign,benign,False,benign
jamishop.com,0,tranco_benign,benign,False,benign
epixeirein.com,0,tranco_benign,benign,False,benign
prod-cdn-239.global.ssl.fastly.net,0,benign_cdn,benign,True,benign
defendingbigd.com,0,tranco_benign,benign,False,benign
parkhopesurveysupportestimate.top,1,dga_cluster_43,dga,False,dga
mydlarnaleontynka.cc,0,tranco_benign,benign,False,benign
cqwufordlinnetavox.site,1,dga_cluster_42,dga,False,dga
didagrees.cc,0,tranco_benign,benign,False,benign
deskofobie.com,0,tranco_benign,benign,False,benign
keydoesputclubphasedumppoint.com,1,dga_cluster_44,dga,False,dga
luhyshop.net,0,tranco_benign,benign,False,benign
ytbiq5.tunnel-com.com,2,original_hex_tunnel,original_tunnel,False,dns_tunnel
kgcyererwyatanb.com,1,dga_cluster_41,dga,False,dga
177.39.46.14.in-addr.arpa,0,benign_reverse_dns,benign,True,benign
alfredforum.top,0,tranco_benign,benign,False,benign
dtxaererwyatanb.xyz,1,dga_cluster_41,dga,False,dga
oekuererwyatanb.net,1,dga_cluster_41,dga,False,dga
wpstage.io,0,tranco_benign,benign,False,benign
null.podfcy6q6uxqlbtd7efx5fsqmc43t4tez6zuswpi.6gwf66e3arjlyey735ounmugo4eqewtzrwgv3v2ctk7i.6ye4l54sz2dmt4mrgphxu5kf6.lab-tunnel.org,2,lab_iodine,iodine,True,dns_tunnel
qgnkfordlinnetavox.com,1,dga_cluster_42,dga,False,dga
schcererwyatanb.com,1,dga_cluster_41,dga,False,dga
horskezatisi.org,0,tranco_benign,benign,False,benign
dittco.biz,0,tranco_benign,benign,False,benign
erodvd.com,0,tranco_benign,benign,False,benign
1a16b59faecc5cd837a65d54a70b8801f814e54fb7a6d4a0556e5bcc82517.tunnel-poc.com,2,lab_dnscat2,dnscat2,True,dns_tunnel
doxa-watch.net,0,tranco_benign,benign,False,benign
qwpwererwyatanb.net,1,dga_cluster_41,dga,False,dga
385e01836fd42a79dd9f14002b465c00b2.tunnel-com.com,2,original_hex_tunnel,original_tunnel,False,dns_tunnel
ksmotorsport.top,0,tranco_benign,benign,False,benign
149.132.193.84.in-addr.arpa,0,benign_reverse_dns,benign,True,benign
maricardaodysseyoflight.org,0,tranco_benign,benign,False,benign
trafficcontributeboneservice.site,1,dga_cluster_43,dga,False,dga
pizzapracticereportrelate.io,1,dga_cluster_43,dga,False,dga
2cca03ef778c5b15140d700000f1dac8908cd6f14ea69c399e1d087d259f.tunnel-me.me,2,original_hex_tunnel,original_tunnel,False,dns_tunnel
kizzsagabardinedazyx.com,1,dga_cluster_44,dga,False,dga
cdn.tixinn.info,0,tranco_benign,benign,False,benign
qumaererwyatanb.com,1,dga_cluster_41,dga,False,dga
c93501c8ca7a55fd2b461c0041400a9d26.tunnel-site.site,2,original_hex_tunnel,original_tunnel,False,dns_tunnel
mm-antena.com,0,tranco_benign,benign,False,benign
auth2.jsqt1y7wgh8ymabdop0mrepsepk1pvz7r7o21k.lab-tunnel.org,2,lab_dns2tcp,dns2tcp,True,dns_tunnel
static.boshow.com,0,tranco_benign,benign,False,benign
auth.ussmariner.org,0,tranco_benign,benign,False,benign
ykzdsagabardinedazyx.com,1,dga_cluster_44,dga,False,dga
fhadpartbulkyf.com,1,dga_cluster_40,dga,False,dga
modernikomunikace.net,0,tranco_benign,benign,False,benign
auth7.359ziq4zqgtashweypxekics4tujkp85mdnin.ns-data.io,2,lab_dns2tcp,dns2tcp,True,dns_tunnel
dev.itatinek.info,0,tranco_benign,benign,False,benign
build-56782a64677cbdd.github.io,0,benign_hex_service,benign,True,benign
fvyzmachuslazaroqok.com,1,dga_cluster_40,dga,False,dga
pdozfordlinnetavox.com,1,dga_cluster_42,dga,False,dga
wpardvdvlrdoiyo.com,1,dga_cluster_40,dga,False,dga
shop.definiciones-de.com,0,tranco_benign,benign,False,benign
darky-pro-radost.org,0,tranco_benign,benign,False,benign
digitalpuritan.com,0,tranco_benign,benign,False,benign
test-grilu.com,0,tranco_benign,benign,False,benign
satisfactionweighinterview.net,1,dga_cluster_43,dga,False,dga
reefs2go.com,0,tranco_benign,benign,False,benign
investmenttrafficestimate.io,1,dga_cluster_43,dga,False,dga
build-6bbbac54b4b43e9.pages.dev,0,benign_hex_service,benign,True,benign
groceryansweraddressband.com,1,dga_cluster_41,dga,False,dga
pxxiererwyatanb.io,1,dga_cluster_41,dga,False,dga
zdraviahubnuti.io,0,tranco_benign,benign,False,benign
mail.eapollo.io,0,tranco_benign,benign,False,benign
ec2-51-72-86-114.compute-1.amazonaws.com,0,benign_cloud_instance,benign,True,benign
unicornjapan.biz,0,tranco_benign,benign,False,benign
info-torg.xyz,0,tranco_benign,benign,False,benign
4.c.6.d.c.7.f.a.2.d.7.f.6.9.c.b.ip6.arpa,0,benign_reverse_dns,benign,True,benign
terresiena.com,0,tranco_benign,benign,False,benign
pncvfordlinnetavox.biz,1,dga_cluster_42,dga,False,dga
hvmymachuslazaroqok.com,1,dga_cluster_40,dga,False,dga
login.extra-slots.com,0,tranco_benign,benign,False,benign
terrauniversal.com,0,tranco_benign,benign,False,benign
freesitesporn.com,0,tranco_benign,benign,False,benign
a.qsvwfasgfs7be7v2ohghqfv5ypz6nh3ase.tunnel-sec.biz,2,lab_iodine,iodine,True,dns_tunnel
melemachuslazaroqok.com,1,dga_cluster_40,dga,False,dga
brannvernforeningen.site,0,tranco_benign,benign,False,benign
bhzcpartbulkyf.com,1,dga_cluster_40,dga,False,dga
octheme.info,0,tranco_benign,benign,False,benign
berounskadopravni.com,0,tranco_benign,benign,False,benign
casinoscamreport.com,0,tranco_benign,benign,False,benign
superclix.org,0,tranco_benign,benign,False,benign
107.92.32.181.in-addr.arpa,0,benign_reverse_dns,benign,True,benign
ntzsfordlinnetavox.com,1,dga_cluster_42,dga,False,dga
wgsapartbulkyf.com,1,dga_cluster_40,dga,False,dga
fressbox.com,0,tranco_benign,benign,False,benign
hnqupartbulkyf.com,1,dga_cluster_40,dga,False,dga
mywesagabardinedazyx.com,1,dga_cluster_44,dga,False,dga
fuxicoaki.org,0,tranco_benign,benign,False,benign
login.thenewstelegraph.co,0,tranco_benign,benign,False,benign
bzoeererwyatanb.com,1,dga_cluster_41,dga,False,dga
dpzsererwyatanb.com,1,dga_cluster_41,dga,False,dga
yytysagabardinedazyx.com,1,dga_cluster_44,dga,False,dga
fxqqfordlinnetavox.biz,1,dga_cluster_42,dga,False,dga
build-46c46b8f.gitlab.io,0,benign_hex_service,benign,True,benign
jareomug.com,1,dga_cluster_40,dga,False,dga
ublend.top,0,tranco_benign,benign,False,benign
pogodiwidget.org,0,tranco_benign,benign,False,benign
primakara.com,0,tranco_benign,benign,False,benign
txt.syff3iufunk3wg7j4wlzujo3sieo6ucl.jujrp7fzrvw5oxiykj56n3vws.tunnel-sec.biz,2,lab_iodine,iodine,True,dns_tunnel
dnscat.2c0322a5.de6b716d60f72d6bbe41b91e60ea.lab-tunnel.org,2,lab_dnscat2,dnscat2,True,dns_tunnel
spacestartwakealarmlackattract.com,1,dga_cluster_40,dga,False,dga
screentiediscoversmileremove.net,1,dga_cluster_41,dga,False,dga
rascals.com,0,tranco_benign,benign,False,benign
login.naughtyseries.com,0,tranco_benign,benign,False,benign
cn51.biz,0,tranco_benign,benign,False,benign
edzo8647zxcp1naa82hiud54x.com,1,dga_cluster_44,dga,False,dga
vicnezprace.info,0,tranco_benign,benign,False,benign
51-115-203-45.bc.googleusercontent.com,0,benign_cloud_instance,benign,True,benign
smbyauedjkmppkf.com,1,dga_cluster_44,dga,False,dga
animpark.com,0,tranco_benign,benign,False,benign
tempcloudsite.top,0,tranco_benign,benign,False,benign
dztxpartbulkyf.com,1,dga_cluster_40,dga,False,dga
oneconvo.com,0,tranco_benign,benign,False,benign
vm-prod-1f4ceef4.westeurope.cloudapp.azure.com,0,benign_cloud_instance,benign,True,benign
silocompartomeparto.org,0,tranco_benign,benign,False,benign
yokothemes.org,0,tranco_benign,benign,False,benign
eftprozivot.com,0,tranco_benign,benign,False,benign
autoadmit.org,0,tranco_benign,benign,False,benign
bndupartbulkyf.com,1,dga_cluster_40,dga,False,dga
buffdudes.co,0,tranco_benign,benign,False,benign
nzfepartbulkyf.com,1,dga_cluster_40,dga,False,dga
luc-bodin.com,0,tranco_benign,benign,False,benign
purefamille.io,0,tranco_benign,benign,False,benign
shinyeh.com,0,tranco_benign,benign,False,benign
auth9.g5e6pvspj74sgqyyl9omnl646mlty.tunnel-poc.com,2,lab_dns2tcp,dns2tcp,True,dns_tunnel
auth6.njqbla641gl5z2j0r43ngbttnwutswvjr67bu5t90047yoef4k.lab-tunnel.org,2,lab_dns2tcp,dns2tcp,True,dns_tunnel
armpower.com,0,tranco_benign,benign,False,benign
nisshin-pharma.site,0,tranco_benign,benign,False,benign
auth9.r5tle7x52x924wtfk0v3ari6dh210g7.lab-tunnel.org,2,lab_dns2tcp,dns2tcp,True,dns_tunnel
solvedns.com,0,tranco_benign,benign,False,benign
newsletterlab.com,0,tranco_benign,benign,False,benign
dinajpurtimes.top,0,tranco_benign,benign,False,benign
plqrfordlinnetavox.info,1,dga_cluster_42,dga,False,dga
atlantiscasino.com,0,tranco_benign,benign,False,benign
auth0.78ylxep70z1kmo7afwd12yn1vdrl9253zh2i5gw1b.dns-exfil.net,2,lab_dns2tcp,dns2tcp,True,dns_tunnel
login.unakrt-online.org,0,tranco_benign,benign,False,benign
tryggivann.net,0,tranco_benign,benign,False,benign
1vp.net,0,tranco_benign,benign,False,benign
gfedhccqfkdp.com,1,dga_cluster_44,dga,False,dga
eorqererwyatanb.site,1,dga_cluster_41,dga,False,dga
nizkovice.co,0,tranco_benign,benign,False,benign
rpuwererwyatanb.com,1,dga_cluster_41,dga,False,dga
24gliwice.com,0,tranco_benign,benign,False,benign
ggvosagabardinedazyx.com,1,dga_cluster_44,dga,False,dga
jfvnews.co,0,tranco_benign,benign,False,benign
042d016ee971ee277e0145001265ec0ea3.tunnel-net.net,2,original_hex_tunnel,original_tunnel,False,dns_tunnel
231.187.98.82.in-addr.arpa,0,benign_reverse_dns,benign,True,benign
mashupcorner.org,0,tranco_benign,benign,False,benign
roxik.io,0,tranco_benign,benign,False,benign
volumepressureframecrewzone.io,1,dga_cluster_43,dga,False,dga
www.presthemes.com,0,tranco_benign,benign,False,benign
insightfultips.info,0,tranco_benign,benign,False,benign
blog.eidioma.info,0,tranco_benign,benign,False,benign
xfnvpartbulkyf.com,1,dga_cluster_40,dga,False,dga
vetoncologist.com,0,tranco_benign,benign,False,benign
srv.f5w5n4qynlk3ol2jwsxnkk5a7pfcvwn4hwh3g57.ns-data.io,2,lab_iodine,iodine,True,dns_tunnel
static.hhrma-career.com,0,tranco_benign,benign,False,benign
blog.globtour-bratislava.top,0,tranco_benign,benign,False,benign
9377a.com,0,tranco_benign,benign,False,benign
nzaspartbulkyf.com,1,dga_cluster_40,dga,False,dga
ouewpartbulkyf.com,1,dga_cluster_40,dga,False,dga
mail.cakespy.org,0,tranco_benign,benign,False,benign
jzeofordlinnetavox.com,1,dga_cluster_42,dga,False,dga
graselovy-stezky.org,0,tranco_benign,benign,False,benign
vrknmachuslazaroqok.com,1,dga_cluster_40,dga,False,dga
blog.digi-ana.com,0,tranco_benign,benign,False,benign
parksizetreeparkbendbecome.com,1,dga_cluster_40,dga,False,dga
txt.pmzvnomjvw3dkymba7t3veyfo4r4mu.iad6idnsq6q3xmi6v7l6vj.tunnel-sec.biz,2,lab_iodine,iodine,True,dns_tunnel
penzionneco.cc,0,tranco_benign,benign,False,benign
parkingadmireeffectproposed.com,1,dga_cluster_44,dga,False,dga
optionstarchartislanddiscover.com,1,dga_cluster_40,dga,False,dga
static.uhopefinded.top,0,tranco_benign,benign,False,benign
nptnererwyatanb.biz,1,dga_cluster_41,dga,False,dga
m.makephotogallery.com,0,tranco_benign,benign,False,benign
19.158.1.124.in-addr.arpa,0,benign_reverse_dns,benign,True,benign
253501c8ca6138c633516f002a301ecd86.tunnel-com.com,2,original_hex_tunnel,original_tunnel,False,dns_tunnel
codemeetpartkickpurchase.co,1,dga_cluster_40,dga,False,dga
silgererwyatanb.com,1,dga_cluster_41,dga,False,dga
fearplacesecuremarketconsult.com,1,dga_cluster_40,dga,False,dga
granny1.com,0,tranco_benign,benign,False,benign
dvedouqptake.com,1,dga_cluster_44,dga,False,dga
mauirealestate.xyz,0,tranco_benign,benign,False,benign
auth4.kiab7axw470sx20doxzspq39enor72apyv.tunnel-poc.com,2,lab_dns2tcp,dns2tcp,True,dns_tunnel
prwafordlinnetavox.pro,1,dga_cluster_42,dga,False,dga
filmrecordavoidbearprint.co,1,dga_cluster_40,dga,False,dga
delfinakia.net,0,tranco_benign,benign,False,benign
weddingappealpagepainbox.com,1,dga_cluster_44,dga,False,dga
login.superhostingcloud.com,0,tranco_benign,benign,False,benign
prod-cdn-273.global.ssl.fastly.net,0,benign_cdn,benign,True,benign
kwedftwsnhjfxx.com,1,dga_cluster_44,dga,False,dga
totaltren.com,0,tranco_benign,benign,False,benign
trainerstuffsailislandwheel.site,1,dga_cluster_43,dga,False,dga
pamafwdi.tunnel-info.info,2,original_hex_tunnel,original_tunnel,False,dns_tunnel
ajeer.info,0,tranco_benign,benign,False,benign
redtape.xyz,0,tranco_benign,benign,False,benign
classpullsaveclueselectmarket.com,1,dga_cluster_40,dga,False,dga
canyonstatecu.org,0,tranco_benign,benign,False,benign
mixnmachuslazaroqok.com,1,dga_cluster_40,dga,False,dga
anachron.biz,0,tranco_benign,benign,False,benign
liveto110.co,0,tranco_benign,benign,False,benign
cdn.ehealthbook.com,0,tranco_benign,benign,False,benign
assistcoastdistancepressure.biz,1,dga_cluster_43,dga,False,dga
dev.juniorkids.com,0,tranco_benign,benign,False,benign
vidadoestradeiro.org,0,tranco_benign,benign,False,benign
allfacades.com,0,tranco_benign,benign,False,benign
static.bezpecnostni-tabulky-shop.net,0,tranco_benign,benign,False,benign
voiceofcongo.co,0,tranco_benign,benign,False,benign
formulacerta.com,0,tranco_benign,benign,False,benign
propelrr.com,0,tranco_benign,benign,False,benign
landcruiser.net,0,tranco_benign,benign,False,benign
ndvhmachuslazaroqok.com,1,dga_cluster_40,dga,False,dga
socialmarketingwriting.pro,0,tranco_benign,benign,False,benign
templ.com,0,tranco_benign,benign,False,benign
njrrererwyatanb.info,1,dga_cluster_41,dga,False,dga
brilhoimoveis.net,0,tranco_benign,benign,False,benign
vrsjvarg.com,1,dga_cluster_40,dga,False,dga
static.tomaspavlik.me,0,tranco_benign,benign,False,benign
miniatletiberoun.com,0,tranco_benign,benign,False,benign
dev.welcomelinks.pro,0,tranco_benign,benign,False,benign
housestablepartnerpaceimply.com,1,dga_cluster_40,dga,False,dga
uaswererwyatanb.site,1,dga_cluster_41,dga,False,dga
iagcererwyatanb.net,1,dga_cluster_41,dga,False,dga
recordcourier.com,0,tranco_benign,benign,False,benign
facemediagroup.online,0,tranco_benign,benign,False,benign
travelbloggerbuzz.org,0,tranco_benign,benign,False,benign
www.hindibook.com,0,tranco_benign,benign,False,benign
ask-leo.com,0,tranco_benign,benign,False,benign
ne1ebd7161ad784d99fd59edff7b3ef5e4.co,1,dga_cluster_44,dga,False,dga
m.onsele.site,0,tranco_benign,benign,False,benign
dev.comptoirauto.biz,0,tranco_benign,benign,False,benign
ammanmessage.net,0,tranco_benign,benign,False,benign
txempartbulkyf.com,1,dga_cluster_40,dga,False,dga
ycxwfordlinnetavox.com,1,dga_cluster_42,dga,False,dga
tippswetten.org,0,tranco_benign,benign,False,benign
28-195-238-171.bc.googleusercontent.com,0,benign_cloud_instance,benign,True,benign
clubpleasedrentwebshowbone.com,1,dga_cluster_44,dga,False,dga
cdn.zontes.co,0,tranco_benign,benign,False,benign
www.wearearise.biz,0,tranco_benign,benign,False,benign
diochan.xyz,0,tranco_benign,benign,False,benign
paaim2rq.tunnel-io.io,2,original_hex_tunnel,original_tunnel,False,dns_tunnel
kwvimachuslazaroqok.com,1,dga_cluster_40,dga,False,dga
amxoererwyatanb.info,1,dga_cluster_41,dga,False,dga
auth5.479kyvy7irds7sm8ps1x76j3jzuu1bgeks19d038i0qg7.tunnel-sec.biz,2,lab_dns2tcp,dns2tcp,True,dns_tunnel
goldsilver.com,0,tranco_benign,benign,False,benign
ufn.info,0,tranco_benign,benign,False,benign
yoopygames.org,0,tranco_benign,benign,False,benign
lhscfordlinnetavox.co,1,dga_cluster_42,dga,False,dga
build-67f22c21.vercel.app,0,benign_hex_service,benign,True,benign
api.corsicanabedding.co,0,tranco_benign,benign,False,benign
jzeser.online,0,tranco_benign,benign,False,benign
m.levendstandbeeld.xyz,0,tranco_benign,benign,False,benign
yogoiaharjdqr.com,1,dga_cluster_40,dga,False,dga
trickfigureliftsendmarch.com,1,dga_cluster_40,dga,False,dga
v4.bbdxm7h7v5xgsjsjwr3s7.dns-exfil.net,2,lab_iodine,iodine,True,dns_tunnel
adventurebikerider.com,0,tranco_benign,benign,False,benign
greatdanes.com,0,tranco_benign,benign,False,benign
auth7.6jr2meqgfjbwkua79m6ss55iuqsudu.ns-data.io,2,lab_dns2tcp,dns2tcp,True,dns_tunnel
230-189-162-9.bc.googleusercontent.com,0,benign_cloud_instance,benign,True,benign
teensexwhores.cc,0,tranco_benign,benign,False,benign
auth5.1dw3s5x9iw6f6jxeah26gi0hrvqff3r2v9.ns-data.io,2,lab_dns2tcp,dns2tcp,True,dns_tunnel
kpssuzmani.com,0,tranco_benign,benign,False,benign
auth8.ewz9y3u33agfv4l5j9nm98t9nv74ay36df2.tunnel-sec.biz,2,lab_dns2tcp,dns2tcp,True,dns_tunnel
www.vistaimagens.biz,0,tranco_benign,benign,False,benign
pc-games.com,0,tranco_benign,benign,False,benign
saberparts.net,0,tranco_benign,benign,False,benign
stranamasterovv.co,0,tranco_benign,benign,False,benign
sprig.com,0,tranco_benign,benign,False,benign
bloggingx.online,0,tranco_benign,benign,False,benign
a114-116-192-182.deploy.static.akamaitechnologies.com,0,benign_cdn,benign,True,benign
jnqymachuslazaroqok.com,1,dga_cluster_40,dga,False,dga
imop.com,0,tranco_benign,benign,False,benign
tpfgpartbulkyf.com,1,dga_cluster_40,dga,False,dga
rpzvererwyatanb.cc,1,dga_cluster_41,dga,False,dga
xhhtererwyatanb.com,1,dga_cluster_41,dga,False,dga
popdust.cc,0,tranco_benign,benign,False,benign
build-e35f6f9f8.pages.dev,0,benign_hex_service,benign,True,benign
indicky-nabytek.org,0,tranco_benign,benign,False,benign
pamafuka.tunnel-com.com,2,original_hex_tunnel,original_tunnel,False,dns_tunnel
upschannel.com,0,tranco_benign,benign,False,benign
ljvwererwyatanb.com,1,dga_cluster_41,dga,False,dga
paylink.biz,0,tranco_benign,benign,False,benign
openairplane.top,0,tranco_benign,benign,False,benign
rbsmererwyatanb.com,1,dga_cluster_41,dga,False,dga
m.lurkbd.info,0,tranco_benign,benign,False,benign
bidsedponshq.com,1,dga_cluster_44,dga,False,dga
static.projector-manual.com,0,tranco_benign,benign,False,benign
purpleevidenceharmsmokepleased.com,1,dga_cluster_44,dga,False,dga
yrbxav.tunnel-com.com,2,original_hex_tunnel,original_tunnel,False,dns_tunnel
7.122.30.242.in-addr.arpa,0,benign_reverse_dns,benign,True,benign
yqfwererwyatanb.info,1,dga_cluster_41,dga,False,dga
squashhk.co,0,tranco_benign,benign,False,benign
blog.bbv.com,0,tranco_benign,benign,False,benign
arachne.com,0,tranco_benign,benign,False,benign
celbfordlinnetavox.com,1,dga_cluster_42,dga,False,dga
obecdobrany.com,0,tranco_benign,benign,False,benign
wirwinzer.com,0,tranco_benign,benign,False,benign
paradym.info,0,tranco_benign,benign,False,benign
ohmynews.com,0,tranco_benign,benign,False,benign
pornlinks4u.com,0,tranco_benign,benign,False,benign
mama-arbeitet.com,0,tranco_benign,benign,False,benign
auth.mobilix.site,0,tranco_benign,benign,False,benign
pornbanana.net,0,tranco_benign,benign,False,benign
static.nubika.com,0,tranco_benign,benign,False,benign
yeoofordlinnetavox.org,1,dga_cluster_42,dga,False,dga
dev.mrsdelonika.com,0,tranco_benign,benign,False,benign
daddistributecoastplantfinance.biz,1,dga_cluster_43,dga,False,dga
srv.x45pi4fhjaf4df4lr3uugyzgbmcvh4dsqabz66kfq5m2.dns-exfil.net,2,lab_iodine,iodine,True,dns_tunnel
myadrenalin.io,0,tranco_benign,benign,False,benign
yqjsererwyatanb.com,1,dga_cluster_41,dga,False,dga
tepelna-cerpadla-spirala.com,0,tranco_benign,benign,False,benign
xzhdmachuslazaroqok.com,1,dga_cluster_40,dga,False,dga
schlund.org,0,tranco_benign,benign,False,benign
celebritynet.net,0,tranco_benign,benign,False,benign
cmtopartbulkyf.com,1,dga_cluster_40,dga,False,dga
ztanfordlinnetavox.io,1,dga_cluster_42,dga,False,dga
mylabcorp.com,0,tranco_benign,benign,False,benign
41302b329d8374cfe6047428246646e7305ce8b79b83b8.tunnel-sec.biz,2,lab_dnscat2,dnscat2,True,dns_tunnel
www.hit-u.top,0,tranco_benign,benign,False,benign
hhpkfordlinnetavox.org,1,dga_cluster_42,dga,False,dga
m.institutvzdelavani.com,0,tranco_benign,benign,False,benign
searchinginformation.org,0,tranco_benign,benign,False,benign
dwwwonkvvyed.com,1,dga_cluster_44,dga,False,dga
holdthecarbs.net,0,tranco_benign,benign,False,benign
superdeporte.co,0,tranco_benign,benign,False,benign
pf18ed4401d1d1f9b660aea8cb3e3b8797.com,1,dga_cluster_44,dga,False,dga
dev.eastcoastgenerators.info,0,tranco_benign,benign,False,benign
lxrlpartbulkyf.com,1,dga_cluster_40,dga,False,dga
colorhunt.com,0,tranco_benign,benign,False,benign
02nbmztwaaz0ibklq.tunnel-cc.cc,2,original_hex_tunnel,original_tunnel,False,dns_tunnel
beyeah.org,0,tranco_benign,benign,False,benign
0ulbie4x0bkfevsrkvjvougu0llndvotw4ydimrwge0tgbyae4bim5q.tunnel-com.com,2,original_hex_tunnel,original_tunnel,False,dns_tunnel
m.snpmotors.com,0,tranco_benign,benign,False,benign
xflqererwyatanb.com,1,dga_cluster_41,dga,False,dga
searchfunmoods.info,0,tranco_benign,benign,False,benign
migame.me,0,tranco_benign,benign,False,benign
jfrog.com,0,tranco_benign,benign,False,benign
catoday.online,0,tranco_benign,benign,False,benign
funburg.io,0,tranco_benign,benign,False,benign
rxrmsagabardinedazyx.com,1,dga_cluster_44,dga,False,dga
afvkfeedsvfqfijoa147gk7i.com,1,dga_cluster_44,dga,False,dga
dnscat.e2e984b3.3dd09277ee038c7e508b7efadeee715fcdde023457f317450147ddb.dns-exfil.net,2,lab_dnscat2,dnscat2,True,dns_tunnel
esamakal.org,0,tranco_benign,benign,False,benign
a175-171-242-118.deploy.static.akamaitechnologies.com,0,benign_cdn,benign,True,benign
rowad.biz,0,tranco_benign,benign,False,benign
api.galtop.com,0,tranco_benign,benign,False,benign
blog.geniusboxbooks.net,0,tranco_benign,benign,False,benign
spaldingbulb.com,0,tranco_benign,benign,False,benign
booksite.com,0,tranco_benign,benign,False,benign
3mibeldjavkbygtmdksgx0ho3kd3ize20gkb5g4ztiv45zrgm4qgp1dmniuwp0.tunnel-xyz.xyz,2,original_hex_tunnel,original_tunnel,False,dns_tunnel
1m2hed61uaxoy1122dsj261xq1g.com,1,dga_cluster_44,dga,False,dga
paqigjja.tunnel-org.org,2,original_hex_tunnel,original_tunnel,False,dns_tunnel
6cdi8dybwsfvj6edrxm6lvl4.com,1,dga_cluster_44,dga,False,dga
15971a31090031a8bc07a7b51a9a7b45.tunnel-poc.com,2,lab_dnscat2,dnscat2,True,dns_tunnel
jvjbererwyatanb.com,1,dga_cluster_41,dga,False,dga
iuacfordlinnetavox.cc,1,dga_cluster_42,dga,False,dga
portal.countinganimals.site,0,tranco_benign,benign,False,benign
kuchenmeister.com,0,tranco_benign,benign,False,benign
vm-prod-34b40511.westeurope.cloudapp.azure.com,0,benign_cloud_instance,benign,True,benign
modeles-powerpoint.com,0,tranco_benign,benign,False,benign
ptp0qc1lwo78i1edqxy21fxmlcg.com,1,dga_cluster_44,dga,False,dga
jollibee.com,0,tranco_benign,benign,False,benign
catalogue.online,0,tranco_benign,benign,False,benign
xhvnfordlinnetavox.com,1,dga_cluster_42,dga,False,dga
livemp3.org,0,tranco_benign,benign,False,benign
login.radiojar.com,0,tranco_benign,benign,False,benign
253.154.4.97.in-addr.arpa,0,benign_reverse_dns,benign,True,benign
jlnimachuslazaroqok.com,1,dga_cluster_40,dga,False,dga
ps3brasil.com,0,tranco_benign,benign,False,benign
kimhartman.com,0,tranco_benign,benign,False,benign
vlzbpartbulkyf.com,1,dga_cluster_40,dga,False,dga
aczdmachuslazaroqok.com,1,dga_cluster_40,dga,False,dga
vm-prod-31f9a377.westeurope.cloudapp.azure.com,0,benign_cloud_instance,benign,True,benign
elektroherink.cc,0,tranco_benign,benign,False,benign
vnzxfordlinnetavox.info,1,dga_cluster_42,dga,False,dga
pamafxoy.tunnel-xyz.xyz,2,original_hex_tunnel,original_tunnel,False,dns_tunnel
playerprovideoperatezone.xyz,1,dga_cluster_43,dga,False,dga
lxjdfordlinnetavox.com,1,dga_cluster_42,dga,False,dga
auth8.ebg27gtnb3vr1qdvc7lt57y9qdl870p7z.lab-tunnel.org,2,lab_dns2tcp,dns2tcp,True,dns_tunnel
6ea366873dc684909dee182fcd5fd.tunnel-poc.com,2,lab_dnscat2,dnscat2,True,dns_tunnel
perceptionreserveinvitesalary.io,1,dga_cluster_43,dga,False,dga
downloadmillions.com,0,tranco_benign,benign,False,benign
4ed970c959572d17b23eeac8a299b25.tunnel-poc.com,2,lab_dnscat2,dnscat2,True,dns_tunnel
aabwfordlinnetavox.org,1,dga_cluster_42,dga,False,dga
hnsmfordlinnetavox.org,1,dga_cluster_42,dga,False,dga
fcmeiller.com,0,tranco_benign,benign,False,benign
0ama1qzeeduxryxq3koepf4judfq4j0zlhujnleqsd0knj1fvycqni0aelcuis.tunnel-com.com,2,original_hex_tunnel,original_tunnel,False,dns_tunnel
kravinunetice.xyz,0,tranco_benign,benign,False,benign
pamafupy.tunnel-com.com,2,original_hex_tunnel,original_tunnel,False,dns_tunnel
genevecreation.net,0,tranco_benign,benign,False,benign
metalbookdiearguewishcelebrate.site,1,dga_cluster_43,dga,False,dga
amawaterways.org,0,tranco_benign,benign,False,benign
mpips.com,0,tranco_benign,benign,False,benign
glassexperiencedpausechart.com,1,dga_cluster_40,dga,False,dga
xzugmachuslazaroqok.com,1,dga_cluster_40,dga,False,dga
ec2-43-249-134-231.compute-1.amazonaws.com,0,benign_cloud_instance,benign,True,benign
soulguidedcoach.com,0,tranco_benign,benign,False,benign
weblogixinfotech.cc,0,tranco_benign,benign,False,benign
freshsavingsplus.com,0,tranco_benign,benign,False,benign
asqa.me,0,tranco_benign,benign,False,benign
shop.bs-log.com,0,tranco_benign,benign,False,benign
notizie365.co,0,tranco_benign,benign,False,benign
dnscat.03248dff.0c6439dbd7e0d2880b599dd5b691cd007803859.lab-tunnel.org,2,lab_dnscat2,dnscat2,True,dns_tunnel
apmstavby.com,0,tranco_benign,benign,False,benign
coachplanattemptassurereward.net,1,dga_cluster_41,dga,False,dga
unpoxkgarupswgxbqujdjm.com,1,dga_cluster_40,dga,False,dga
kcjqsagabardinedazyx.com,1,dga_cluster_44,dga,False,dga
1qkbge4x0bkfevsrkvjvougu0llndvotw4ydimrwge0tgbyadl4im5q.tunnel-net.net,2,original_hex_tunnel,original_tunnel,False,dns_tunnel
shopkm.org,0,tranco_benign,benign,False,benign
auth1.p3ycphmxh3qe3h4atody39e89mgdec.lab-tunnel.org,2,lab_dns2tcp,dns2tcp,True,dns_tunnel
swpyfordlinnetavox.org,1,dga_cluster_42,dga,False,dga
valuedielaypreferappreciate.net,1,dga_cluster_43,dga,False,dga
dnscat.80013afb.e4ace2c3664028e0a6cb171b083afccdaab74e4afb502bf222.lab-tunnel.org,2,lab_dnscat2,dnscat2,True,dns_tunnel
dskharlsdqsrjmgrlck.com,1,dga_cluster_40,dga,False,dga
faifai29.net,0,tranco_benign,benign,False,benign
fxlufordlinnetavox.site,1,dga_cluster_42,dga,False,dga
vvagfordlinnetavox.site,1,dga_cluster_42,dga,False,dga
nzyyfordlinnetavox.net,1,dga_cluster_42,dga,False,dga
chernilov.com,0,tranco_benign,benign,False,benign
mqnzfordlinnetavox.com,1,dga_cluster_42,dga,False,dga
quicksurveys.info,0,tranco_benign,benign,False,benign
eurodicas.site,0,tranco_benign,benign,False,benign
sportsxproject.net,0,tranco_benign,benign,False,benign
vvxjererwyatanb.com,1,dga_cluster_41,dga,False,dga
pamafx5a.tunnel-xyz.xyz,2,original_hex_tunnel,original_tunnel,False,dns_tunnel
doulingo.com,0,tranco_benign,benign,False,benign
m.eugene-lazarev.info,0,tranco_benign,benign,False,benign
beautifulplacestovisit.com,0,tranco_benign,benign,False,benign
newcastleairport.org,0,tranco_benign,benign,False,benign
seasonharmmarketmachineaward.com,1,dga_cluster_40,dga,False,dga
jrsmith.org,0,tranco_benign,benign,False,benign
85ab01f640e49d4884a475000810e41f9f.tunnel-top.top,2,original_hex_tunnel,original_tunnel,False,dns_tunnel
cdn.purinaone.com,0,tranco_benign,benign,False,benign
odsradio.com,0,tranco_benign,benign,False,benign
shop.bbcmusic.com,0,tranco_benign,benign,False,benign
vaaaakatnce.tunnel-cc.cc,2,original_hex_tunnel,original_tunnel,False,dns_tunnel
shop.yourbrainhealth.site,0,tranco_benign,benign,False,benign
54_t_hierix1cscnfqumn5llk14jazm2xitd-zrzeknswkxhieui3kx0e71tqa3il.tunnel-com.com,2,original_hex_tunnel,original_tunnel,False,dns_tunnel
portal.parkeninwien.com,0,tranco_benign,benign,False,benign
auth0.l7wdg43rdnpljvuq1mhmgjs3snt7w7kwepm2u8ii.ns-data.io,2,lab_dns2tcp,dns2tcp,True,dns_tunnel
lrjeererwyatanb.online,1,dga_cluster_41,dga,False,dga
necessaryfinger.com,1,dga_cluster_40,dga,False,dga
euplatesc.info,0,tranco_benign,benign,False,benign
imbiererwyatanb.com,1,dga_cluster_41,dga,False,dga
gites-corsica.io,0,tranco_benign,benign,False,benign
blog.waterchina.com,0,tranco_benign,benign,False,benign
psdbank-ht.io,0,tranco_benign,benign,False,benign
24-57-245-212.bc.googleusercontent.com,0,benign_cloud_instance,benign,True,benign
fac-chariaa.org,0,tranco_benign,benign,False,benign
132-57-82-194.bc.googleusercontent.com,0,benign_cloud_instance,benign,True,benign
salon-krasy-praha.com,0,tranco_benign,benign,False,benign
dnscat.5a425f62.232ae0feca37726f68d26f00c31088c3992d6a8e7ad1f385ff06bafbfc.dns-exfil.net,2,lab_dnscat2,dnscat2,True,dns_tunnel
qrt.com,0,tranco_benign,benign,False,benign
mobistarted.com,0,tranco_benign,benign,False,benign
btfefordlinnetavox.org,1,dga_cluster_42,dga,False,dga
pncffordlinnetavox.com,1,dga_cluster_42,dga,False,dga
kafekadinca.net,0,tranco_benign,benign,False,benign
ladders-online.com,0,tranco_benign,benign,False,benign
auth.australian1.io,0,tranco_benign,benign,False,benign
71.254.140.231.in-addr.arpa,0,benign_reverse_dns,benign,True,benign
saholic.com,0,tranco_benign,benign,False,benign
static.lyricsviews.com,0,tranco_benign,benign,False,benign
nveunwbtoqi15dqlrb58arb18dxa37a67d30a37.com,1,dga_cluster_40,dga,False,dga
auth.rin-fr.org,0,tranco_benign,benign,False,benign
damagepoundlimitedfixedrisk.com,1,dga_cluster_44,dga,False,dga
nsigulf.org,0,tranco_benign,benign,False,benign
auth1.3315p43fai0q7nhwpoj3exilovy3g.lab-tunnel.org,2,lab_dns2tcp,dns2tcp,True,dns_tunnel
femalefranchise.org,0,tranco_benign,benign,False,benign
sanalmagaza.com,0,tranco_benign,benign,False,benign
login.suriyegercekleri.io,0,tranco_benign,benign,False,benign
auth.mamaymaestra.biz,0,tranco_benign,benign,False,benign
rlmgfordlinnetavox.biz,1,dga_cluster_42,dga,False,dga
1f48666029fa260b9cc57f4f1832b774ccf3df6c1a71ec9f1fe06eff324.lab-tunnel.org,2,lab_dnscat2,dnscat2,True,dns_tunnel
mail.kaluyala.com,0,tranco_benign,benign,False,benign
dbatricksworld.pro,0,tranco_benign,benign,False,benign
dnscat.c1886e98.73e2850daea7540e3a800.tunnel-poc.com,2,lab_dnscat2,dnscat2,True,dns_tunnel
collarsearchgiveiceestimate.net,1,dga_cluster_43,dga,False,dga
romantick.org,0,tranco_benign,benign,False,benign
www.prodejparfemu.com,0,tranco_benign,benign,False,benign
all4masti.org,0,tranco_benign,benign,False,benign
moedigi.xyz,0,tranco_benign,benign,False,benign
zztgererwyatanb.com,1,dga_cluster_41,dga,False,dga
ltyiererwyatanb.info,1,dga_cluster_41,dga,False,dga
null.wajwjl7egg3vrlhyqlkmkidstpwfu25wcq2a6zwufqgbl.am3riy2vduvmhixivdqblc6hu2nu.dns-exfil.net,2,lab_iodine,iodine,True,dns_tunnel
redlimitedlecturecollarshine.biz,1,dga_cluster_43,dga,False,dga
build-6acb4615b6a39.azurewebsites.net,0,benign_hex_service,benign,True,benign
build-8d3eeebdd.pages.dev,0,benign_hex_service,benign,True,benign
aaapraha.xyz,0,tranco_benign,benign,False,benign
login.postabezhranic.site,0,tranco_benign,benign,False,benign
discounthesitateassociate.org,1,dga_cluster_43,dga,False,dga
frhwfordlinnetavox.net,1,dga_cluster_42,dga,False,dga
v4.zzo6hkrcsziv5r7nqunkip6u2fdsxqqmjkhwkrovmdl7.ns-data.io,2,lab_iodine,iodine,True,dns_tunnel
tbzbpartbulkyf.com,1,dga_cluster_40,dga,False,dga
alianzaporlasolidaridad.com,0,tranco_benign,benign,False,benign
static.la-bs.com,0,tranco_benign,benign,False,benign
piemonte.top,0,tranco_benign,benign,False,benign
doubboard.com,1,dga_cluster_40,dga,False,dga
khemo.io,0,tranco_benign,benign,False,benign
prod-cdn-596.global.ssl.fastly.net,0,benign_cdn,benign,True,benign
djoisagabardinedazyx.com,1,dga_cluster_44,dga,False,dga
02va4gmydbmnqhcyta2lqnuz4uyyhreztem3tam.tunnel-io.io,2,original_hex_tunnel,original_tunnel,False,dns_tunnel
pohlcovacevlhkosti.io,0,tranco_benign,benign,False,benign
reportase5.io,0,tranco_benign,benign,False,benign
rrmdpartbulkyf.com,1,dga_cluster_40,dga,False,dga
datalinkek.co,0,tranco_benign,benign,False,benign
qeuaererwyatanb.net,1,dga_cluster_41,dga,False,dga
cdn.dropshippershop.com,0,tranco_benign,benign,False,benign
lnbjererwyatanb.com,1,dga_cluster_41,dga,False,dga
ici-club.com,0,tranco_benign,benign,False,benign
www.sogood.com,0,tranco_benign,benign,False,benign
myfinanceplanning.cc,0,tranco_benign,benign,False,benign
m.travelzonegroup.com,0,tranco_benign,benign,False,benign
18f501732a5f4b605808b30001f20e56d6.tunnel-com.com,2,original_hex_tunnel,original_tunnel,False,dns_tunnel
nxabfordlinnetavox.com,1,dga_cluster_42,dga,False,dga
tresemcasa.xyz,0,tranco_benign,benign,False,benign
d8239a569d3aabd.cloudfront.net,0,benign_cdn,benign,True,benign
codapartbulkyf.com,1,dga_cluster_40,dga,False,dga
api.juicerecipes.info,0,tranco_benign,benign,False,benign
txvrfordlinnetavox.org,1,dga_cluster_42,dga,False,dga
l24.com,0,tranco_benign,benign,False,benign
nxqvedshf.com,1,dga_cluster_44,dga,False,dga
ec2-43-76-107-67.compute-1.amazonaws.com,0,benign_cloud_instance,benign,True,benign
a.twlstplyrnjor6klcrsuh2iglg4x.dnd5c7ltoswf5xzdefwft.tunnel-sec.biz,2,lab_iodine,iodine,True,dns_tunnel
empowernetworkstats.online,0,tranco_benign,benign,False,benign
kenchikukenken.com,0,tranco_benign,benign,False,benign
build-b2beb6e057b9481d.pages.dev,0,benign_hex_service,benign,True,benign
usplastic.xyz,0,tranco_benign,benign,False,benign
18e501a396a8119d11d254005b3dc70fef.tunnel-net.net,2,original_hex_tunnel,original_tunnel,False,dns_tunnel
da97bcd12db795e.cloudfront.net,0,benign_cdn,benign,True,benign
always-nude.com,0,tranco_benign,benign,False,benign
vm-prod-3bd08e94.westeurope.cloudapp.azure.com,0,benign_cloud_instance,benign,True,benign
fa-ubon.net,0,tranco_benign,benign,False,benign
ekaie.net,0,tranco_benign,benign,False,benign
lartvlcldohf.com,1,dga_cluster_40,dga,False,dga
1f4tledh3ka9oi38so120ot9p.com,1,dga_cluster_44,dga,False,dga
build-5c9697f6d.github.io,0,benign_hex_service,benign,True,benign
avtogsm.cc,0,tranco_benign,benign,False,benign
covinda.com,0,tranco_benign,benign,False,benign
fjfedbckyhyv.com,1,dga_cluster_44,dga,False,dga
cellenza.org,0,tranco_benign,benign,False,benign
jbscfordlinnetavox.io,1,dga_cluster_42,dga,False,dga
od10z.com,0,tranco_benign,benign,False,benign
build-3966de1a.vercel.app,0,benign_hex_service,benign,True,benign
skinmedica.info,0,tranco_benign,benign,False,benign
mynysmls.net,0,tranco_benign,benign,False,benign
philcarrick.com,0,tranco_benign,benign,False,benign
makerspace.com,0,tranco_benign,benign,False,benign
forart.io,0,tranco_benign,benign,False,benign
jbctererwyatanb.com,1,dga_cluster_41,dga,False,dga
c8761bc64d990adc908e5981c80134459c885cccb4244febd179b0c572.tunnel-sec.biz,2,lab_dnscat2,dnscat2,True,dns_tunnel
dlfwsagabardinedazyx.com,1,dga_cluster_44,dga,False,dga
auth5.f634lxdu15b1qk9zep9jhf0d6zj3aig.tunnel-poc.com,2,lab_dns2tcp,dns2tcp,True,dns_tunnel
mfso.xyz,0,tranco_benign,benign,False,benign
uabfererwyatanb.net,1,dga_cluster_41,dga,False,dga
build-015ac79e64c7070.azurewebsites.net,0,benign_hex_service,benign,True,benign
auth.laffont.org,0,tranco_benign,benign,False,benign
lfqtmachuslazaroqok.com,1,dga_cluster_40,dga,False,dga
joesoldlures.net,0,tranco_benign,benign,False,benign
ayvsererwyatanb.online,1,dga_cluster_41,dga,False,dga
goshenschools.io,0,tranco_benign,benign,False,benign
barefootboty.io,0,tranco_benign,benign,False,benign
carinsurancescomparisons.com,0,tranco_benign,benign,False,benign
dnscat.d491e95c.ff5f2cecdf9f0266c76485d0.ns-data.io,2,lab_dnscat2,dnscat2,True,dns_tunnel
portal.norwayheritage.org,0,tranco_benign,benign,False,benign
d1eddd7c1ba3795.cloudfront.net,0,benign_cdn,benign,True,benign
3es56vqb8duj-3wzog-qmsp5suyebvvwdwodpvg36fgs6jvj4f0fbo0k4eotl4vm.tunnel-com.com,2,original_hex_tunnel,original_tunnel,False,dns_tunnel
auth.mcguirefurniture.biz,0,tranco_benign,benign,False,benign
butbiquangcaohcm.com,0,tranco_benign,benign,False,benign
abiunity.me,0,tranco_benign,benign,False,benign
api.ziaruldevalcea.top,0,tranco_benign,benign,False,benign
extrafotos.com,0,tranco_benign,benign,False,benign
vm-prod-3de1376d.westeurope.cloudapp.azure.com,0,benign_cloud_instance,benign,True,benign
plat4m.info,0,tranco_benign,benign,False,benign
prod-cdn-655.global.ssl.fastly.net,0,benign_cdn,benign,True,benign
beptssheddtc.com,1,dga_cluster_44,dga,False,dga
doshisha.com,0,tranco_benign,benign,False,benign
dnscat.1a11ba02.ef0a08e2c06fd5b94187ba8.tunnel-poc.com,2,lab_dnscat2,dnscat2,True,dns_tunnel
tlsdfordlinnetavox.online,1,dga_cluster_42,dga,False,dga
ltvyroeuarsi1p48vh11tbvup6.com,1,dga_cluster_40,dga,False,dga
dlruererwyatanb.net,1,dga_cluster_41,dga,False,dga
podarki-dla-druzey.info,0,tranco_benign,benign,False,benign
jdownloads.com,0,tranco_benign,benign,False,benign
factroofcareerzonewantdie.com,1,dga_cluster_40,dga,False,dga
pamaftqi.tunnel-com.com,2,original_hex_tunnel,original_tunnel,False,dns_tunnel
telefonguru.online,0,tranco_benign,benign,False,benign
pamafuia.tunnel-org.org,2,original_hex_tunnel,original_tunnel,False,dns_tunnel
qcljfordlinnetavox.net,1,dga_cluster_42,dga,False,dga
184.50.82.97.in-addr.arpa,0,benign_reverse_dns,benign,True,benign
advocatesforyouth.org,0,tranco_benign,benign,False,benign
static.openoffice.org,0,tranco_benign,benign,False,benign
univ-internationale.co,0,tranco_benign,benign,False,benign
hdrefordlinnetavox.com,1,dga_cluster_42,dga,False,dga
teen18-20.co,0,tranco_benign,benign,False,benign
6.124.55.81.in-addr.arpa,0,benign_reverse_dns,benign,True,benign
null.h3u67oavvq76nl3qugm23ucphyjpsmjflbamzgsul6.lbh7imyz7fvvrseyh6pjjsn6auhuomi.dns-exfil.net,2,lab_iodine,iodine,True,dns_tunnel
githubrank.io,0,tranco_benign,benign,False,benign
wwvcfordlinnetavox.site,1,dga_cluster_42,dga,False,dga
certstaff.org,0,tranco_benign,benign,False,benign
narutonine.online,0,tranco_benign,benign,False,benign
riverpromiseneckconcerned.com,1,dga_cluster_44,dga,False,dga
phisense.site,0,tranco_benign,benign,False,benign
500euro.com,0,tranco_benign,benign,False,benign
e.3.e.e.2.5.e.8.9.6.7.5.c.b.8.6.ip6.arpa,0,benign_reverse_dns,benign,True,benign
build-4f9fa9688eb1cc.gitlab.io,0,benign_hex_service,benign,True,benign
lbzxfordlinnetavox.com,1,dga_cluster_42,dga,False,dga
mpktoys.org,0,tranco_benign,benign,False,benign
67-109-135-116.bc.googleusercontent.com,0,benign_cloud_instance,benign,True,benign
loop-media.io,0,tranco_benign,benign,False,benign
yourvirtuoso.xyz,0,tranco_benign,benign,False,benign
eleftheriskepsii.com,0,tranco_benign,benign,False,benign
aglcc.com,0,tranco_benign,benign,False,benign
coreequipment.com,0,tranco_benign,benign,False,benign
a219-57-131-119.deploy.static.akamaitechnologies.com,0,benign_cdn,benign,True,benign
beautyjunkies.com,0,tranco_benign,benign,False,benign
lappeenrannanuutiset.com,0,tranco_benign,benign,False,benign
xtnbfordlinnetavox.io,1,dga_cluster_42,dga,False,dga
pttgdsedebcd.com,1,dga_cluster_44,dga,False,dga
online-microphone.com,0,tranco_benign,benign,False,benign
dizistarhd.com,0,tranco_benign,benign,False,benign
t9x0101q7zrb21s71r1w1yaro4p.com,1,dga_cluster_40,dga,False,dga
kwf.com,0,tranco_benign,benign,False,benign
skigohome.online,0,tranco_benign,benign,False,benign
creativebits.com,0,tranco_benign,benign,False,benign
pamafyqq.tunnel-top.top,2,original_hex_tunnel,original_tunnel,False,dns_tunnel
gigascore.com,0,tranco_benign,benign,False,benign
breathhostassistattemptreward.net,1,dga_cluster_43,dga,False,dga
gkbqfordlinnetavox.com,1,dga_cluster_42,dga,False,dga
ucdavisstores.org,0,tranco_benign,benign,False,benign
artguaranteedumppersuade.com,1,dga_cluster_40,dga,False,dga
kueepartbulkyf.com,1,dga_cluster_40,dga,False,dga
auth2.4jnn9nrcqblsdmtup8j5kc5paaw3pc7g4gbc8pb5gw2qzfff.tunnel-poc.com,2,lab_dns2tcp,dns2tcp,True,dns_tunnel
gwznfordlinnetavox.co,1,dga_cluster_42,dga,False,dga
okheemall.xyz,0,tranco_benign,benign,False,benign
dhnrererwyatanb.com,1,dga_cluster_41,dga,False,dga
gqwksagabardinedazyx.co,1,dga_cluster_44,dga,False,dga
aceae1c137e98d4d02f8b58444ad034b8bd3.lab-tunnel.org,2,lab_dnscat2,dnscat2,True,dns_tunnel
yodobashi.net,0,tranco_benign,benign,False,benign
www.holidaysheetmusic.com,0,tranco_benign,benign,False,benign
auth.architettiroma.com,0,tranco_benign,benign,False,benign
orbitalfasteners.cc,0,tranco_benign,benign,False,benign
static.videoamadorbrasil.com,0,tranco_benign,benign,False,benign
kkesh.top,0,tranco_benign,benign,False,benign
login.lendbox.net,0,tranco_benign,benign,False,benign
auth0.hx0l7rornl3f5tn2m3prescj8cf.ns-data.io,2,lab_dns2tcp,dns2tcp,True,dns_tunnel
fernlehrgang-heilpraktiker.com,0,tranco_benign,benign,False,benign
autostudy.co,0,tranco_benign,benign,False,benign
1caromz3oia1cob1rgb17bbdu3.me,1,dga_cluster_40,dga,False,dga
peppermintmag.net,0,tranco_benign,benign,False,benign
husbandpressrentresearch.io,1,dga_cluster_43,dga,False,dga
prod-cdn-293.global.ssl.fastly.net,0,benign_cdn,benign,True,benign
tdqimachuslazaroqok.co,1,dga_cluster_40,dga,False,dga
a.m4yxhlhspjc2vaghulyiniaf2ogy5zcx3.gkblx5h2izmsi5sfp.dns-exfil.net,2,lab_iodine,iodine,True,dns_tunnel
hopedisappointedsalarymonitor.cc,1,dga_cluster_44,dga,False,dga
sonhaberizle.org,0,tranco_benign,benign,False,benign
0qkbgsnlvavcskzivku4x0dknfvwr0xjtombugi1dcnjta2aeadim5q.tunnel-co.co,2,original_hex_tunnel,original_tunnel,False,dns_tunnel
whtsnews.org,0,tranco_benign,benign,False,benign
325e2cdd68b750b807bb908785c3059509510a2b24e9ce415246a0f0dcd7c7642d56.dns-exfil.net,2,lab_dnscat2,dnscat2,True,dns_tunnel
112-34-179-115.bc.googleusercontent.com,0,benign_cloud_instance,benign,True,benign
lxvnsagabardinedazyx.com,1,dga_cluster_44,dga,False,dga
praguerace.org,0,tranco_benign,benign,False,benign
bajajallianz.com,0,tranco_benign,benign,False,benign
entel.com,0,tranco_benign,benign,False,benign
biblelovenotes.com,0,tranco_benign,benign,False,benign
shop.zamalekfans.xyz,0,tranco_benign,benign,False,benign
auth4.7gb5k4b721zqqi9ojjjtytunypizw9bzj6yx.tunnel-sec.biz,2,lab_dns2tcp,dns2tcp,True,dns_tunnel
mail.kompletnizahrada.com,0,tranco_benign,benign,False,benign
pamafuvq.tunnel-com.com,2,original_hex_tunnel,original_tunnel,False,dns_tunnel
0bd3015fda0f26265735be00230dc6f42c.tunnel-site.site,2,original_hex_tunnel,original_tunnel,False,dns_tunnel
owecsagabardinedazyx.com,1,dga_cluster_44,dga,False,dga
ecf6d625deb202c5ac1c6a4a57e0a09cf1391ccabc.tunnel-sec.biz,2,lab_dnscat2,dnscat2,True,dns_tunnel
tennistours.com,0,tranco_benign,benign,False,benign
grandcentralbakery.co,0,tranco_benign,benign,False,benign
0mfagpdnggyhambygkybqchn4bqhayddpxcklqciqtcazc3darrxmsugk10bk5.tunnel-com.com,2,original_hex_tunnel,original_tunnel,False,dns_tunnel
vblkererwyatanb.biz,1,dga_cluster_41,dga,False,dga
kino-zeit.com,0,tranco_benign,benign,False,benign
gmigsagabardinedazyx.com,1,dga_cluster_44,dga,False,dga
wesign.com,0,tranco_benign,benign,False,benign
login.alterna-i.io,0,tranco_benign,benign,False,benign
avyxlcvbvhsupddyoed.com,1,dga_cluster_44,dga,False,dga
0mbbdpdnggyhambygkyaigf44dqhayd2g2huxaarrgebtoiyny4he1pbmbjg5w.tunnel-site.site,2,original_hex_tunnel,original_tunnel,False,dns_tunnel
dnscat.95555a59.9a6183ff9119008659d3c73006109d7b5f8bbb519f606d7539.lab-tunnel.org,2,lab_dnscat2,dnscat2,True,dns_tunnel
simon-o.net,0,tranco_benign,benign,False,benign
build-cbe397fbf97bd.github.io,0,benign_hex_service,benign,True,benign
107-38-239-225.bc.googleusercontent.com,0,benign_cloud_instance,benign,True,benign
build-bffd4034353.vercel.app,0,benign_hex_service,benign,True,benign
46-11-30-152.bc.googleusercontent.com,0,benign_cloud_instance,benign,True,benign
0iaabpdnggyhambygkyai2fkxmydqmake5yismbsaeysgb0dmkztgyegiy35tk.tunnel-net.net,2,original_hex_tunnel,original_tunnel,False,dns_tunnel
ec2-178-239-233-242.compute-1.amazonaws.com,0,benign_cloud_instance,benign,True,benign
gqyuererwyatanb.io,1,dga_cluster_41,dga,False,dga
haidy.com,0,tranco_benign,benign,False,benign
duveryhodny-archiv.top,0,tranco_benign,benign,False,benign
trs-international.org,0,tranco_benign,benign,False,benign
aousererwyatanb.info,1,dga_cluster_41,dga,False,dga
566801ac48bac076e21c9e0010c8481a5b.tunnel-org.org,2,original_hex_tunnel,original_tunnel,False,dns_tunnel
85-56-129-210.bc.googleusercontent.com,0,benign_cloud_instance,benign,True,benign
build-2325f11c7077d.azurewebsites.net,0,benign_hex_service,benign,True,benign
jdxysagabardinedazyx.co,1,dga_cluster_44,dga,False,dga
vm-prod-d2c7f64b.westeurope.cloudapp.azure.com,0,benign_cloud_instance,benign,True,benign
mail.gamesjam.com,0,tranco_benign,benign,False,benign
lmdeuedrxqkg.com,1,dga_cluster_44,dga,False,dga
princetalal.xyz,0,tranco_benign,benign,False,benign
portal.trangvang.site,0,tranco_benign,benign,False,benign
auth.cxybl.net,0,tranco_benign,benign,False,benign
seositecheckup.net,0,tranco_benign,benign,False,benign
177.14.58.97.in-addr.arpa,0,benign_reverse_dns,benign,True,benign
islamonlive.com,0,tranco_benign,benign,False,benign
reynspooner.org,0,tranco_benign,benign,False,benign
yohonews.net,0,tranco_benign,benign,False,benign
fdkjfordlinnetavox.com,1,dga_cluster_42,dga,False,dga
mail.coelce.info,0,tranco_benign,benign,False,benign
ysbwzo.tunnel-com.com,2,original_hex_tunnel,original_tunnel,False,dns_tunnel
whitelabel-ol.com,0,tranco_benign,benign,False,benign
nzfzsagabardinedazyx.com,1,dga_cluster_44,dga,False,dga
dr-bernhard-peter.com,0,tranco_benign,benign,False,benign
crissic.site,0,tranco_benign,benign,False,benign
oqgssagabardinedazyx.com,1,dga_cluster_44,dga,False,dga
doctorfreelance.net,0,tranco_benign,benign,False,benign
dev.lesanek.org,0,tranco_benign,benign,False,benign
hbjtsagabardinedazyx.com,1,dga_cluster_44,dga,False,dga
1sgkxhedjnv9j1dyx2ng1sph0ri.com,1,dga_cluster_44,dga,False,dga
dev.mariadol.com,0,tranco_benign,benign,False,benign
sharemtv.com,0,tranco_benign,benign,False,benign
armyremovetellsurveystaff.com,1,dga_cluster_40,dga,False,dga
bidsmartvaluefearsurprised.com,1,dga_cluster_40,dga,False,dga
dfmkiologistbikerepil.site,1,dga_cluster_43,dga,False,dga
m.asahnetwork.org,0,tranco_benign,benign,False,benign
stalbans.com,0,tranco_benign,benign,False,benign
wobaqdjscnedri.com,1,dga_cluster_44,dga,False,dga
porno-pruvodce.org,0,tranco_benign,benign,False,benign
txokmachuslazaroqok.com,1,dga_cluster_40,dga,False,dga
dudu-sex.online,0,tranco_benign,benign,False,benign
estrenosdoramas.org,0,tranco_benign,benign,False,benign
societytakepackspraygarden.com,1,dga_cluster_40,dga,False,dga
knowledgeprocesssearchpursue.com,1,dga_cluster_44,dga,False,dga
socialshops.me,0,tranco_benign,benign,False,benign
sssupersports.site,0,tranco_benign,benign,False,benign
dnscat.8ad6a025.cd68317aeae7248c02c32e3e637e8692d50185f7dab0e.dns-exfil.net,2,lab_dnscat2,dnscat2,True,dns_tunnel
177-221-237-211.bc.googleusercontent.com,0,benign_cloud_instance,benign,True,benign
votogear.com,1,dga_cluster_40,dga,False,dga
46.239.60.24.in-addr.arpa,0,benign_reverse_dns,benign,True,benign
shortnews.com,0,tranco_benign,benign,False,benign
iysyfordlinnetavox.net,1,dga_cluster_42,dga,False,dga
utwe7e4dh7hslargs76s4qnf.com,1,dga_cluster_40,dga,False,dga
valentiargenti.site,0,tranco_benign,benign,False,benign
securemac.com,0,tranco_benign,benign,False,benign
pk-naradi.org,0,tranco_benign,benign,False,benign
techulator.org,0,tranco_benign,benign,False,benign
newcmyk.xyz,0,tranco_benign,benign,False,benign
cieb.com,0,tranco_benign,benign,False,benign
kt250.com,0,tranco_benign,benign,False,benign
wallstone.com,0,tranco_benign,benign,False,benign
jasapoker.xyz,0,tranco_benign,benign,False,benign
dnscat.645672fd.84525cacdd73be400846edeea6e831b1c1e3c3c5bb3e7d8366dbaa97a71.dns-exfil.net,2,lab_dnscat2,dnscat2,True,dns_tunnel
palqa.pro,0,tranco_benign,benign,False,benign
cooneycarey.top,0,tranco_benign,benign,False,benign
k3d41k0p1.net,0,tranco_benign,benign,False,benign
ptuqfordlinnetavox.com,1,dga_cluster_42,dga,False,dga
build-adb2fb2a7c8f81.github.io,0,benign_hex_service,benign,True,benign
tajerbank.com,0,tranco_benign,benign,False,benign
paayhzgi.tunnel-com.com,2,original_hex_tunnel,original_tunnel,False,dns_tunnel
freeadsinuk.io,0,tranco_benign,benign,False,benign
auth5.mfvxworp1cxwo31axhzesl0atgjhxn0nec799ev.tunnel-poc.com,2,lab_dns2tcp,dns2tcp,True,dns_tunnel
hjlvmachuslazaroqok.co,1,dga_cluster_40,dga,False,dga
inova.me,0,tranco_benign,benign,False,benign
0iibchf2qkrjfmukvknlvbvgs01i3lu4x0a0denrrguztomaktnqo5i.tunnel-com.com,2,original_hex_tunnel,original_tunnel,False,dns_tunnel
fac93003e916bb37afb8018efb6dbff0dfb530a2dadd181e67cf30f8.dns-exfil.net,2,lab_dnscat2,dnscat2,True,dns_tunnel
wheelauthorrewardfalldecide.com,1,dga_cluster_40,dga,False,dga
ecuadortimes.net,0,tranco_benign,benign,False,benign
189-1-66-253.bc.googleusercontent.com,0,benign_cloud_instance,benign,True,benign
igxyererwyatanb.com,1,dga_cluster_41,dga,False,dga
mynamepao.info,0,tranco_benign,benign,False,benign
awptfordlinnetavox.com,1,dga_cluster_42,dga,False,dga
cgpress.org,0,tranco_benign,benign,False,benign
bxtrfordlinnetavox.io,1,dga_cluster_42,dga,False,dga
vpaemachuslazaroqok.com,1,dga_cluster_40,dga,False,dga
rowbaseboxdelaywakecompare.com,1,dga_cluster_40,dga,False,dga
jardiland.org,0,tranco_benign,benign,False,benign
fieldprovidedfixadoptman.com,1,dga_cluster_44,dga,False,dga
lipomasaz.net,0,tranco_benign,benign,False,benign
isc103.info,0,tranco_benign,benign,False,benign
resboiu.co,0,tranco_benign,benign,False,benign
postrider.xyz,0,tranco_benign,benign,False,benign
login.peruvea.info,0,tranco_benign,benign,False,benign
streamit.xyz,0,tranco_benign,benign,False,benign
sxh.com,0,tranco_benign,benign,False,benign
maijia.site,0,tranco_benign,benign,False,benign
login.mc2elearning.com,0,tranco_benign,benign,False,benign
portal.jobcheckit.com,0,tranco_benign,benign,False,benign
newsphere.com,0,tranco_benign,benign,False,benign
fztesagabardinedazyx.com,1,dga_cluster_44,dga,False,dga
52enfdaqi6huxrzwgpnrgb6oqqpyybomkxupn-fgvuiqi5mpauvg31vlxwv75lzra.tunnel-com.com,2,original_hex_tunnel,original_tunnel,False,dns_tunnel
fedkfedcskfi.com,1,dga_cluster_44,dga,False,dga
116-183-181-221.bc.googleusercontent.com,0,benign_cloud_instance,benign,True,benign
cest-pour-vous.co,0,tranco_benign,benign,False,benign
dhouse.org,0,tranco_benign,benign,False,benign
bxayererwyatanb.pro,1,dga_cluster_41,dga,False,dga
build-b586f3abba45a.vercel.app,0,benign_hex_service,benign,True,benign
labprwqe50avepiysychbk4k1xfj1f5y.tunnel-com.com,2,original_hex_tunnel,original_tunnel,False,dns_tunnel
ruanko.com,0,tranco_benign,benign,False,benign
pamaalrq.tunnel-cc.cc,2,original_hex_tunnel,original_tunnel,False,dns_tunnel
hofstein.site,0,tranco_benign,benign,False,benign
pbiysagabardinedazyx.com,1,dga_cluster_44,dga,False,dga
berenice.me,0,tranco_benign,benign,False,benign
rlieererwyatanb.com,1,dga_cluster_41,dga,False,dga
allureorganic.com,0,tranco_benign,benign,False,benign
pamaaw1y.tunnel-com.com,2,original_hex_tunnel,original_tunnel,False,dns_tunnel
caae01c8ca9373408298fb0104b152fc4d.tunnel-org.org,2,original_hex_tunnel,original_tunnel,False,dns_tunnel
wrarlbpdocgqgpyq.com,1,dga_cluster_40,dga,False,dga
5a1fde1bf2e2e29337a6440cbd35703b78a82165.tunnel-sec.biz,2,lab_dnscat2,dnscat2,True,dns_tunnel
wmzzi.net,0,tranco_benign,benign,False,benign
a.6tm2t7yfexfj44fmvcrxossntffqej.hgxdl37dhjoxpmoimff3sly.3sq3nxmnbcby7fptjzd7zqqbsbu7.dns-exfil.net,2,lab_iodine,iodine,True,dns_tunnel
kagoshima-u.cc,0,tranco_benign,benign,False,benign
blog.shaonolami.com,0,tranco_benign,benign,False,benign
txt.e3uaq6zoq2p5lizsjghqbmpeazhjsagm.lab-tunnel.org,2,lab_iodine,iodine,True,dns_tunnel
pgroarhbttyc.com,1,dga_cluster_40,dga,False,dga
m.wagan.com,0,tranco_benign,benign,False,benign
h2porn.org,0,tranco_benign,benign,False,benign
build-b93a565dcaf767.gitlab.io,0,benign_hex_service,benign,True,benign
mkbhpartbulkyf.com,1,dga_cluster_40,dga,False,dga
d955fd9a5af3232.cloudfront.net,0,benign_cdn,benign,True,benign
auth4.01yqmmfeah7qk0yl4d7yk29fwuv197rw.dns-exfil.net,2,lab_dns2tcp,dns2tcp,True,dns_tunnel
hebron.com,0,tranco_benign,benign,False,benign
drawingacademy.com,0,tranco_benign,benign,False,benign
146603136c473ebfa4486f00005dfb98fbe10c9b8ab601190aa41548c9ba.tunnel-com.com,2,original_hex_tunnel,original_tunnel,False,dns_tunnel
catfeardelaydishclosedwould.com,1,dga_cluster_40,dga,False,dga
m.planetofcakes.net,0,tranco_benign,benign,False,benign
eaglrufpxhyrnxarc.com,1,dga_cluster_40,dga,False,dga
ssuggest.com,0,tranco_benign,benign,False,benign
luminatibrindes.com,0,tranco_benign,benign,False,benign
wpenginecouponcodes.cc,0,tranco_benign,benign,False,benign
bakecaannunci.com,0,tranco_benign,benign,False,benign
nfuyererwyatanb.xyz,1,dga_cluster_41,dga,False,dga
shortnote.com,0,tranco_benign,benign,False,benign
txt.gs5ldkroqid54td6aisani.tunnel-poc.com,2,lab_iodine,iodine,True,dns_tunnel
papre.com,0,tranco_benign,benign,False,benign
yslhererwyatanb.net,1,dga_cluster_41,dga,False,dga
melouncredit.com,0,tranco_benign,benign,False,benign
mosname.info,0,tranco_benign,benign,False,benign
golfgrip.site,0,tranco_benign,benign,False,benign
global-bilgi.io,0,tranco_benign,benign,False,benign
steelsoldiers.com,0,tranco_benign,benign,False,benign
infocomunio.org,0,tranco_benign,benign,False,benign
chobuon.com,0,tranco_benign,benign,False,benign
clockscoremarkfaultground.com,1,dga_cluster_40,dga,False,dga
login.optyczne.com,0,tranco_benign,benign,False,benign
auth8.l3ucvpml1qyz7yswkiuuv3el72b269j7tfylc93zwu9ij0zc.lab-tunnel.org,2,lab_dns2tcp,dns2tcp,True,dns_tunnel
fu-now.biz,0,tranco_benign,benign,False,benign
build-7430855687c5.pages.dev,0,benign_hex_service,benign,True,benign
xhpkmachuslazaroqok.com,1,dga_cluster_40,dga,False,dga
lbwvmachuslazaroqok.com,1,dga_cluster_40,dga,False,dga
blog.bridesofukraine.com,0,tranco_benign,benign,False,benign
www.rafservis.com,0,tranco_benign,benign,False,benign
txt.lwphxaeupkpei62sglwpo3rech7ohxg4uy7.aytt65qwptagnaoom.ns-data.io,2,lab_iodine,iodine,True,dns_tunnel
d7aca84892dd9a7.cloudfront.net,0,benign_cdn,benign,True,benign
beautyslim.xyz,0,tranco_benign,benign,False,benign
espacemariage.com,0,tranco_benign,benign,False,benign
e-tableaux.biz,0,tranco_benign,benign,False,benign
egwaererwyatanb.com,1,dga_cluster_41,dga,False,dga
shop.smggzy.info,0,tranco_benign,benign,False,benign
turizm-nsk.top,0,tranco_benign,benign,False,benign
gurukulacademia.org,0,tranco_benign,benign,False,benign
auth9.7x2jojskaycgpyik46d8tivmjj126hq18c4vlppxcso.lab-tunnel.org,2,lab_dns2tcp,dns2tcp,True,dns_tunnel
hopesitekicksetassistparent.top,1,dga_cluster_43,dga,False,dga
dnscat.38ab0b8b.fdf2058b58f061c53095158872039602dfa0976b611707d7f2518a46c1.tunnel-poc.com,2,lab_dnscat2,dnscat2,True,dns_tunnel
shareblackannouncedealcatch.com,1,dga_cluster_40,dga,False,dga
v4.ts3zy3c4yjyyjvtf.3laow3ppqa6a4fghpxkqn3m4j2mn.5hpyzjhagnxwo6t5.lab-tunnel.org,2,lab_iodine,iodine,True,dns_tunnel
dnscat.a158823c.4223e75e20b0ea6b8b6ccec7593.ns-data.io,2,lab_dnscat2,dnscat2,True,dns_tunnel
auth.pixelprocursos.com,0,tranco_benign,benign,False,benign
texasgrassfedbeef.biz,0,tranco_benign,benign,False,benign
pieenso.com,0,tranco_benign,benign,False,benign
vm-prod-09640106.westeurope.cloudapp.azure.com,0,benign_cloud_instance,benign,True,benign
glass1989.site,0,tranco_benign,benign,False,benign
girl2.com,0,tranco_benign,benign,False,benign
surplus-warehouse.org,0,tranco_benign,benign,False,benign
blog.uniacc.com,0,tranco_benign,benign,False,benign
myakira.com,0,tranco_benign,benign,False,benign
monroecc.net,0,tranco_benign,benign,False,benign
hhdtmachuslazaroqok.com,1,dga_cluster_40,dga,False,dga
developercentrum.com,0,tranco_benign,benign,False,benign
uecwfordlinnetavox.com,1,dga_cluster_42,dga,False,dga
bosswaitwashlacklackadmire.com,1,dga_cluster_40,dga,False,dga
ftujfordlinnetavox.net,1,dga_cluster_42,dga,False,dga
terus.cc,0,tranco_benign,benign,False,benign
pamafx2a.tunnel-biz.biz,2,original_hex_tunnel,original_tunnel,False,dns_tunnel
uniline.info,0,tranco_benign,benign,False,benign
yhedecbhehnhwr.com,1,dga_cluster_44,dga,False,dga
dobri-sad.org,0,tranco_benign,benign,False,benign
bravocompanyusa.com,0,tranco_benign,benign,False,benign
mail.mizonahogar.com,0,tranco_benign,benign,False,benign
tjnjererwyatanb.cc,1,dga_cluster_41,dga,False,dga
taxizeleznaruda.com,0,tranco_benign,benign,False,benign
austinbazaar.net,0,tranco_benign,benign,False,benign
txt.7gbvzhjmueo6dhs3w6a3z3p4ah2wjpzuaqmsmnhfzdx.z35i7as3xi6ii7vforiwuvc7qivsug2eq.ns-data.io,2,lab_iodine,iodine,True,dns_tunnel
weare732.com,0,tranco_benign,benign,False,benign
31-199-179-103.bc.googleusercontent.com,0,benign_cloud_instance,benign,True,benign
dnscat.ede2c8dc.8e1f450eb9a5b0f53a2b5420ef4963731562cea8.tunnel-sec.biz,2,lab_dnscat2,dnscat2,True,dns_tunnel
kidizen.com,0,tranco_benign,benign,False,benign
fjpafordlinnetavox.xyz,1,dga_cluster_42,dga,False,dga
auth.normacomics.net,0,tranco_benign,benign,False,benign
larkinlove.top,0,tranco_benign,benign,False,benign
sibrank.com,0,tranco_benign,benign,False,benign
xoops.org,0,tranco_benign,benign,False,benign
fredmansur.online,0,tranco_benign,benign,False,benign
spa-gourmet.org,0,tranco_benign,benign,False,benign
brpdmachuslazaroqok.com,1,dga_cluster_40,dga,False,dga
wardifferslidegardendiscount.com,1,dga_cluster_40,dga,False,dga
portal.chounyuu.com,0,tranco_benign,benign,False,benign
prod-cdn-543.global.ssl.fastly.net,0,benign_cdn,benign,True,benign
contentsparks.com,0,tranco_benign,benign,False,benign
login.mutrank.com,0,tranco_benign,benign,False,benign
pafqnkmi.tunnel-com.com,2,original_hex_tunnel,original_tunnel,False,dns_tunnel
txt.xgdhwkncsmr2kiq4zdpv2pd.fxqrbtgywqk6pksrvrgqs.hxo3k7rfff2m77xxb52px.ns-data.io,2,lab_iodine,iodine,True,dns_tunnel
vm-prod-efed502b.westeurope.cloudapp.azure.com,0,benign_cloud_instance,benign,True,benign
vulongtran.com,0,tranco_benign,benign,False,benign
2yeajpdnggyhambygkyaiwhfhkydqmb4cltrfydeafremdqgl5bhuuqmvrondk.tunnel-net.net,2,original_hex_tunnel,original_tunnel,False,dns_tunnel
cdn.letnikoupalistesobeslav.online,0,tranco_benign,benign,False,benign
mail.barvylakycolorway.site,0,tranco_benign,benign,False,benign
osfzererwyatanb.cc,1,dga_cluster_41,dga,False,dga
audio-database.io,0,tranco_benign,benign,False,benign
schreder.com,0,tranco_benign,benign,False,benign
starplusserialz.online,0,tranco_benign,benign,False,benign
oovesagabardinedazyx.com,1,dga_cluster_44,dga,False,dga
bnhffordlinnetavox.org,1,dga_cluster_42,dga,False,dga
vm-prod-c681fb8e.westeurope.cloudapp.azure.com,0,benign_cloud_instance,benign,True,benign
aeolivais.com,0,tranco_benign,benign,False,benign
mppbbnaruokxefiecqoghyu.com,1,dga_cluster_40,dga,False,dga
artemis.com,0,tranco_benign,benign,False,benign
ccvj.co,0,tranco_benign,benign,False,benign
chatbaaran.com,0,tranco_benign,benign,False,benign
helus-tour.net,0,tranco_benign,benign,False,benign
114study.online,0,tranco_benign,benign,False,benign
shop.javavideokurs.com,0,tranco_benign,benign,False,benign
audioint.com,0,tranco_benign,benign,False,benign
ok-magazin.com,0,tranco_benign,benign,False,benign
coolmore.top,0,tranco_benign,benign,False,benign
prod-cdn-781.global.ssl.fastly.net,0,benign_cdn,benign,True,benign
dnscat.41d3ee1a.17a0fc40182e0157a61350b78c92a0b44b9.tunnel-sec.biz,2,lab_dnscat2,dnscat2,True,dns_tunnel
4d60a9fb43646f54034a4a0d2f67489bae1997c1b0d27179188a40.tunnel-poc.com,2,lab_dnscat2,dnscat2,True,dns_tunnel
kompasslev.io,0,tranco_benign,benign,False,benign
auth9.p1pc2w5u4eth062644nkhtbxrcvfn4135n3tx.ns-data.io,2,lab_dns2tcp,dns2tcp,True,dns_tunnel
paaaptqq.tunnel-com.com,2,original_hex_tunnel,original_tunnel,False,dns_tunnel
zvalfordlinnetavox.xyz,1,dga_cluster_42,dga,False,dga
jvqlpartbulkyf.com,1,dga_cluster_40,dga,False,dga
escolaedti.biz,0,tranco_benign,benign,False,benign
pestoandchilli.online,0,tranco_benign,benign,False,benign
frumfordlinnetavox.com,1,dga_cluster_42,dga,False,dga
m.lowongan-bumn.biz,0,tranco_benign,benign,False,benign
jugadorex.org,0,tranco_benign,benign,False,benign
67004eaec7ac2c9d2f615c7ceb70a1e3f4d876d994069.tunnel-poc.com,2,lab_dnscat2,dnscat2,True,dns_tunnel
dev.lunadominante.net,0,tranco_benign,benign,False,benign
stackenbills.net,0,tranco_benign,benign,False,benign
kajxererwyatanb.net,1,dga_cluster_41,dga,False,dga
kahma.com,0,tranco_benign,benign,False,benign
silverabuserelycakegrandfather.co,1,dga_cluster_41,dga,False,dga
mail.anaheimducks.org,0,tranco_benign,benign,False,benign
ztpdsagabardinedazyx.com,1,dga_cluster_44,dga,False,dga
sportsmanager.org,0,tranco_benign,benign,False,benign
time2track.com,0,tranco_benign,benign,False,benign
savetrick.info,0,tranco_benign,benign,False,benign
llhufordlinnetavox.com,1,dga_cluster_42,dga,False,dga
xlhcererwyatanb.com,1,dga_cluster_41,dga,False,dga
profipoptavky.top,0,tranco_benign,benign,False,benign
ysjqererwyatanb.com,1,dga_cluster_41,dga,False,dga
jjakpartbulkyf.com,1,dga_cluster_40,dga,False,dga
bbybgxiartajth.com,1,dga_cluster_40,dga,False,dga
shop.onestore.info,0,tranco_benign,benign,False,benign
login.futureacademy.com,0,tranco_benign,benign,False,benign
essayavoidresortresolvecalendar.top,1,dga_cluster_43,dga,False,dga
1mjbesnlvavcskzivku4x0dknfvwr0xjtombugi1dcnjta2apcyyl5u.tunnel-top.top,2,original_hex_tunnel,original_tunnel,False,dns_tunnel
insgid.online,0,tranco_benign,benign,False,benign
zahradnictvi-gardenia.com,0,tranco_benign,benign,False,benign
auwiesen.info,0,tranco_benign,benign,False,benign
examcardpackadvancednegotiate.com,1,dga_cluster_44,dga,False,dga
codiceinverso.io,0,tranco_benign,benign,False,benign
betonpres.com,0,tranco_benign,benign,False,benign
yuvallerner.com,0,tranco_benign,benign,False,benign
blog.buysellusedstuff.com,0,tranco_benign,benign,False,benign
ukewfordlinnetavox.biz,1,dga_cluster_42,dga,False,dga
knac.com,0,tranco_benign,benign,False,benign
notkrmytmedw.com,1,dga_cluster_44,dga,False,dga
a.i5qbvk76wqj2njn4sakxwlguumzhb44.tunnel-poc.com,2,lab_iodine,iodine,True,dns_tunnel
srv.rp5kxgqb2yscdisnvxlsidj37kamkbfbrtywsa6mf.ryitgdvdf4lvg3rwtakqe7dmcq.tunnel-sec.biz,2,lab_iodine,iodine,True,dns_tunnel
uteuqsmtiparvciept.com,1,dga_cluster_40,dga,False,dga
33a501f059d95bb5647dba00575419fe5c.tunnel-com.com,2,original_hex_tunnel,original_tunnel,False,dns_tunnel
wazka.co,0,tranco_benign,benign,False,benign
hq-wallpapers.top,0,tranco_benign,benign,False,benign
113.51.134.32.in-addr.arpa,0,benign_reverse_dns,benign,True,benign
okvziologistbikerepil.site,1,dga_cluster_43,dga,False,dga
hvqefordlinnetavox.net,1,dga_cluster_42,dga,False,dga
vluksagabardinedazyx.com,1,dga_cluster_44,dga,False,dga
iqzdmachuslazaroqok.com,1,dga_cluster_40,dga,False,dga
lfugsagabardinedazyx.com,1,dga_cluster_44,dga,False,dga
macula.top,0,tranco_benign,benign,False,benign
paaim2my.tunnel-com.com,2,original_hex_tunnel,original_tunnel,False,dns_tunnel
uogvanarianaqh.com,1,dga_cluster_40,dga,False,dga
ycdvererwyatanb.net,1,dga_cluster_41,dga,False,dga
palson.io,0,tranco_benign,benign,False,benign
mybbiran.org,0,tranco_benign,benign,False,benign
motherdropstablelearncake.site,1,dga_cluster_43,dga,False,dga
emvgfordlinnetavox.com,1,dga_cluster_42,dga,False,dga
tumblrfollow.net,0,tranco_benign,benign,False,benign
141.239.242.83.in-addr.arpa,0,benign_reverse_dns,benign,True,benign
petsathome.com,0,tranco_benign,benign,False,benign
agawfordlinnetavox.net,1,dga_cluster_42,dga,False,dga
kesfetsene.online,0,tranco_benign,benign,False,benign
jaimebatistadasilva.top,0,tranco_benign,benign,False,benign
myhealthrecord.com,0,tranco_benign,benign,False,benign
opinionpl.co,0,tranco_benign,benign,False,benign
1hkw4301ymmted1bfps0kzbcnr.com,1,dga_cluster_44,dga,False,dga
bigdatapartnership.com,0,tranco_benign,benign,False,benign
hicars.io,0,tranco_benign,benign,False,benign
mavyererwyatanb.io,1,dga_cluster_41,dga,False,dga
pdqlererwyatanb.com,1,dga_cluster_41,dga,False,dga
rglwpsgarypmpcbebw.com,1,dga_cluster_40,dga,False,dga
rdfqdbtmqydambqgaydambqgaydambqgaydambqgaydambqgaydambqgaydamb.tunnel-io.io,2,original_hex_tunnel,original_tunnel,False,dns_tunnel
vepak.com,0,tranco_benign,benign,False,benign
lovely-cards.com,0,tranco_benign,benign,False,benign
build-547394699900.gitlab.io,0,benign_hex_service,benign,True,benign
xtjzererwyatanb.com,1,dga_cluster_41,dga,False,dga
endole.com,0,tranco_benign,benign,False,benign
90.132.200.135.in-addr.arpa,0,benign_reverse_dns,benign,True,benign
dainikchitro.com,0,tranco_benign,benign,False,benign
a.bs4ua5xaubkbfnihgf24o5mlbs.jvtjqkpf4mjqh4hgm4wtl6dkmv6dnt4f4vj4a76.nzhemjg5t5jzfkxqw2ai4hw.dns-exfil.net,2,lab_iodine,iodine,True,dns_tunnel
uvydryska.com,0,tranco_benign,benign,False,benign
ec2-196-53-160-211.compute-1.amazonaws.com,0,benign_cloud_instance,benign,True,benign
tfforums.org,0,tranco_benign,benign,False,benign
cdn.mtbank.com,0,tranco_benign,benign,False,benign
uxiharpo.com,1,dga_cluster_40,dga,False,dga
brilliantdiy.com,0,tranco_benign,benign,False,benign
periodjumprewardletprefer.com,1,dga_cluster_41,dga,False,dga
a49-179-52-236.deploy.static.akamaitechnologies.com,0,benign_cdn,benign,True,benign
static.gamingesports.com,0,tranco_benign,benign,False,benign
kmbzfordlinnetavox.com,1,dga_cluster_42,dga,False,dga
dev.howtomechatronics.io,0,tranco_benign,benign,False,benign
tdbcererwyatanb.net,1,dga_cluster_41,dga,False,dga
ytbshn.tunnel-me.me,2,original_hex_tunnel,original_tunnel,False,dns_tunnel
gadoe.net,0,tranco_benign,benign,False,benign
cdn.mein-key.com,0,tranco_benign,benign,False,benign
travelshopuk.net,0,tranco_benign,benign,False,benign
sqsosagabardinedazyx.com,1,dga_cluster_44,dga,False,dga
login.agenceeurope.online,0,tranco_benign,benign,False,benign
motoobleceni-nazran.com,0,tranco_benign,benign,False,benign
halfawardtextreasonscrew.net,1,dga_cluster_43,dga,False,dga
auth0.3fs267jxlrh4sv07fuyyqtfmismke86.tunnel-poc.com,2,lab_dns2tcp,dns2tcp,True,dns_tunnel
checktheregister.xyz,0,tranco_benign,benign,False,benign
shop.iscaip.net,0,tranco_benign,benign,False,benign
otrrecycling.com,0,tranco_benign,benign,False,benign
api.quotes-inspirational.top,0,tranco_benign,benign,False,benign
txt.fox7zorv3usw3fgl7tzn2fbkmq33ggmt5xbbr.2iz5npkhytkj76vxss4zn47m.lab-tunnel.org,2,lab_iodine,iodine,True,dns_tunnel
flirtlocal.biz,0,tranco_benign,benign,False,benign
hsoniclartyhnmffx.com,1,dga_cluster_40,dga,False,dga
auremo.com,0,tranco_benign,benign,False,benign
mapnik.co,0,tranco_benign,benign,False,benign
dev.gorgeousfemalebodies.top,0,tranco_benign,benign,False,benign
1ulbie4x0bkfevsrkvjvougu0llndvotw4ydimrwge0tgbyac1uym5q.tunnel-info.info,2,original_hex_tunnel,original_tunnel,False,dns_tunnel
pamafyqi.tunnel-com.com,2,original_hex_tunnel,original_tunnel,False,dns_tunnel
ypbvyedgtqmcyf.com,1,dga_cluster_44,dga,False,dga
kasandra-firanki.com,0,tranco_benign,benign,False,benign
ec2-214-48-149-208.compute-1.amazonaws.com,0,benign_cloud_instance,benign,True,benign
field-watch.org,0,tranco_benign,benign,False,benign
wzcedrge.com,1,dga_cluster_44,dga,False,dga
lztlpartbulkyf.com,1,dga_cluster_40,dga,False,dga
reggionline.io,0,tranco_benign,benign,False,benign
73gc.top,0,tranco_benign,benign,False,benign
aeb201de20f840068e344e0061bc1fc984.tunnel-com.com,2,original_hex_tunnel,original_tunnel,False,dns_tunnel
build-8521fd9f28.vercel.app,0,benign_hex_service,benign,True,benign
dev.codnex.co,0,tranco_benign,benign,False,benign
ttozsagabardinedazyx.com,1,dga_cluster_44,dga,False,dga
shop.sunlifedirect.com,0,tranco_benign,benign,False,benign
electomania.com,0,tranco_benign,benign,False,benign
auth.kraftloft.com,0,tranco_benign,benign,False,benign
mark-taylor.me,0,tranco_benign,benign,False,benign
kqxlsagabardinedazyx.com,1,dga_cluster_44,dga,False,dga
dhflpartbulkyf.com,1,dga_cluster_40,dga,False,dga
blog.geracaomkt.net,0,tranco_benign,benign,False,benign
wnalul1yl1phownmg4t1erhed4.com,1,dga_cluster_44,dga,False,dga
dev.honobono-life.com,0,tranco_benign,benign,False,benign
800app.com,0,tranco_benign,benign,False,benign
investmentbabyfearblueapologize.site,1,dga_cluster_43,dga,False,dga
paiiaopq.tunnel-io.io,2,original_hex_tunnel,original_tunnel,False,dns_tunnel
auth.menscommunity.com,0,tranco_benign,benign,False,benign
auth5.e5646zqzh53a8pecleehtkm1ayf12pr.lab-tunnel.org,2,lab_dns2tcp,dns2tcp,True,dns_tunnel
obiotr.tunnel-cc.cc,2,original_hex_tunnel,original_tunnel,False,dns_tunnel
jxespartbulkyf.com,1,dga_cluster_40,dga,False,dga
anuncialoquequieras.org,0,tranco_benign,benign,False,benign
chartliftforceincorporate.com,1,dga_cluster_42,dga,False,dga
4.e.f.4.0.d.1.a.1.7.c.6.c.4.b.a.ip6.arpa,0,benign_reverse_dns,benign,True,benign
efedgmbsfepe.com,1,dga_cluster_44,dga,False,dga
djgame.me,0,tranco_benign,benign,False,benign
aifppartbulkyf.com,1,dga_cluster_40,dga,False,dga
hotelrunner.net,0,tranco_benign,benign,False,benign
api.imageenforcement.online,0,tranco_benign,benign,False,benign
shop.yjcontentdelivery.me,0,tranco_benign,benign,False,benign
soap.com,0,tranco_benign,benign,False,benign
jnsyererwyatanb.com,1,dga_cluster_41,dga,False,dga
bjsgsagabardinedazyx.com,1,dga_cluster_44,dga,False,dga
d68ac1f70024f6f.cloudfront.net,0,benign_cdn,benign,True,benign
burrard-lucas.online,0,tranco_benign,benign,False,benign
050plus.com,0,tranco_benign,benign,False,benign
api.opensearchserver.info,0,tranco_benign,benign,False,benign
maaseuduntulevaisuus.com,0,tranco_benign,benign,False,benign
d40731664f7ded3.cloudfront.net,0,benign_cdn,benign,True,benign
mail.thelittlehouseshop.co,0,tranco_benign,benign,False,benign
cdn-cache-c512e1b1.cf-ipfs.com,0,benign_cdn,benign,True,benign
mediamarchsoundarmreactbecome.com,1,dga_cluster_40,dga,False,dga
towntrot.com,0,tranco_benign,benign,False,benign
dwamericanride.net,0,tranco_benign,benign,False,benign
nvphfordlinnetavox.net,1,dga_cluster_42,dga,False,dga
vahynetto.top,0,tranco_benign,benign,False,benign
srv.zbzj5c4shmuc6y44cjikpp3eqhc.dns-exfil.net,2,lab_iodine,iodine,True,dns_tunnel
bannerbuzz.online,0,tranco_benign,benign,False,benign
shop.troybaylissevents.com,0,tranco_benign,benign,False,benign
ztvxfordlinnetavox.com,1,dga_cluster_42,dga,False,dga
0mjajemjram1sgckpi0gggmyctbvnrztabatdxu.tunnel-com.com,2,original_hex_tunnel,original_tunnel,False,dns_tunnel
affilinet-verzeichnis.com,0,tranco_benign,benign,False,benign
37-149-134-159.bc.googleusercontent.com,0,benign_cloud_instance,benign,True,benign
projectcontrols.com,0,tranco_benign,benign,False,benign
swkkmachuslazaroqok.com,1,dga_cluster_40,dga,False,dga
ilvinoeleviole.io,0,tranco_benign,benign,False,benign
ltuoererwyatanb.net,1,dga_cluster_41,dga,False,dga
syvmfordlinnetavox.com,1,dga_cluster_42,dga,False,dga
jjj8.org,0,tranco_benign,benign,False,benign
xxgksagabardinedazyx.co,1,dga_cluster_44,dga,False,dga
king4news.info,0,tranco_benign,benign,False,benign
www.domazlicke-lesy.com,0,tranco_benign,benign,False,benign
bezobavdyjice.biz,0,tranco_benign,benign,False,benign
comptoir-de-famille.com,0,tranco_benign,benign,False,benign
htgzbew8o8ch1eqhed0yjtllw.com,1,dga_cluster_44,dga,False,dga
crocodilecreek.com,0,tranco_benign,benign,False,benign
e.0.a.8.0.c.c.c.5.d.a.f.2.3.0.3.ip6.arpa,0,benign_reverse_dns,benign,True,benign
arabsook.xyz,0,tranco_benign,benign,False,benign
build-a7242366ce.pages.dev,0,benign_hex_service,benign,True,benign
muscleavoidcalculatelisten.net,1,dga_cluster_43,dga,False,dga
e-toker.org,0,tranco_benign,benign,False,benign
symhost1.com,0,tranco_benign,benign,False,benign
shop.opc-asp.net,0,tranco_benign,benign,False,benign
salon-patrice.net,0,tranco_benign,benign,False,benign
static.klub-azyl.top,0,tranco_benign,benign,False,benign
bedcfvxxgngc.com,1,dga_cluster_44,dga,False,dga
eliasjornalista.com,0,tranco_benign,benign,False,benign
c0c4012370cdf62782524f00176895fd7dedaf96b8fa30.tunnel-com.com,2,original_hex_tunnel,original_tunnel,False,dns_tunnel
resbank.net,0,tranco_benign,benign,False,benign
4g6mu0592pxj0e6p0ojh8qkggq2-f8t8zurc8h1knbrvrtevhuvvshfc4xcn94ed.tunnel-org.org,2,original_hex_tunnel,original_tunnel,False,dns_tunnel
vm-prod-4b98942d.westeurope.cloudapp.azure.com,0,benign_cloud_instance,benign,True,benign
paiac3nq.tunnel-org.org,2,original_hex_tunnel,original_tunnel,False,dns_tunnel
fnbsf.com,0,tranco_benign,benign,False,benign
lavozdigital.net,0,tranco_benign,benign,False,benign
togelsg.io,0,tranco_benign,benign,False,benign
static.cervidira.org,0,tranco_benign,benign,False,benign
gmfdfordlinnetavox.org,1,dga_cluster_42,dga,False,dga
thecoachingmanual.com,0,tranco_benign,benign,False,benign
stjohns.xyz,0,tranco_benign,benign,False,benign
mail.lazne-hegyko.com,0,tranco_benign,benign,False,benign
cluz.com,0,tranco_benign,benign,False,benign
pztxfordlinnetavox.co,1,dga_cluster_42,dga,False,dga
consumereviews.com,0,tranco_benign,benign,False,benign
pianoofferinvitepipestay.xyz,1,dga_cluster_43,dga,False,dga
globalengage.com,0,tranco_benign,benign,False,benign
ec2-39-115-107-160.compute-1.amazonaws.com,0,benign_cloud_instance,benign,True,benign
siteworx.site,0,tranco_benign,benign,False,benign
a.ucgi6v5mnmyy2sli35.4qbic3p3irqfpiey2amj.tunnel-poc.com,2,lab_iodine,iodine,True,dns_tunnel
vietnamonline.org,0,tranco_benign,benign,False,benign
managementscope.info,0,tranco_benign,benign,False,benign
auth.nationaalcomputerforum.com,0,tranco_benign,benign,False,benign
esgterionirkutskagl.cc,1,dga_cluster_43,dga,False,dga
prod-cdn-313.global.ssl.fastly.net,0,benign_cdn,benign,True,benign
portal.mahidevranlovers.com,0,tranco_benign,benign,False,benign
build-7bbf9ca3f3.vercel.app,0,benign_hex_service,benign,True,benign
lucciestetica.com,0,tranco_benign,benign,False,benign
cwpvmachuslazaroqok.com,1,dga_cluster_40,dga,False,dga
izabelsadallagrispino.site,0,tranco_benign,benign,False,benign
pbhusagabardinedazyx.com,1,dga_cluster_44,dga,False,dga
dev.joomrebirth.cc,0,tranco_benign,benign,False,benign
dev.lemedigital.com,0,tranco_benign,benign,False,benign
portal.profootballspot.com,0,tranco_benign,benign,False,benign
lhowpartbulkyf.com,1,dga_cluster_40,dga,False,dga
milkpictureinvitetacklespace.io,1,dga_cluster_43,dga,False,dga
komarketingassociates.org,0,tranco_benign,benign,False,benign
portal.pujcovna-naradi-ostrava.com,0,tranco_benign,benign,False,benign
pur-life.com,0,tranco_benign,benign,False,benign
v4.qbal6oqmmtmotxywchwswl5letgxgrlvuw.xywufsipk6fsn4jhic.qkxwuakuhiuzvjch6dsxussdjio62ebwr3dlcds4.lab-tunnel.org,2,lab_iodine,iodine,True,dns_tunnel
24be0148740412ddd13e8e000cfe823cca.tunnel-org.org,2,original_hex_tunnel,original_tunnel,False,dns_tunnel
izmir.com,0,tranco_benign,benign,False,benign
chaparralboats.info,0,tranco_benign,benign,False,benign
kgkyererwyatanb.info,1,dga_cluster_41,dga,False,dga
build-5f50cc96.pages.dev,0,benign_hex_service,benign,True,benign
paiajyja.tunnel-org.org,2,original_hex_tunnel,original_tunnel,False,dns_tunnel
inkablog.com,0,tranco_benign,benign,False,benign
dtjimachuslazaroqok.com,1,dga_cluster_40,dga,False,dga
pabierjq.tunnel-com.com,2,original_hex_tunnel,original_tunnel,False,dns_tunnel
auth9.dup62t67dmhrkqisnc6lzmo4hoet5oyxnjzrshzl.tunnel-sec.biz,2,lab_dns2tcp,dns2tcp,True,dns_tunnel
thoughtknowconsultresttower.site,1,dga_cluster_43,dga,False,dga
login.flycolumbus.co,0,tranco_benign,benign,False,benign
cnbpisurvey.com,0,tranco_benign,benign,False,benign
jobsiteprofessional.com,0,tranco_benign,benign,False,benign
mail.codestation.org,0,tranco_benign,benign,False,benign
portal.planetakino.com,0,tranco_benign,benign,False,benign
gainbacklink.me,0,tranco_benign,benign,False,benign
blogsocl.com,0,tranco_benign,benign,False,benign
gybmsagabardinedazyx.com,1,dga_cluster_44,dga,False,dga
sczmsagabardinedazyx.com,1,dga_cluster_44,dga,False,dga
potatoprintgrandfatherrent.com,1,dga_cluster_41,dga,False,dga
bluebreeze.me,0,tranco_benign,benign,False,benign
eronity.com,0,tranco_benign,benign,False,benign
nvwlmachuslazaroqok.com,1,dga_cluster_40,dga,False,dga
cleanexpo.info,0,tranco_benign,benign,False,benign
cdn.kollytalk.com,0,tranco_benign,benign,False,benign
likablescaldfelted.co,0,tranco_benign,benign,False,benign
58com.org,0,tranco_benign,benign,False,benign
htmlandcssbook.org,0,tranco_benign,benign,False,benign
auth2.xdm15h88vvd3tflj9kz2p4vwr2rm6trcfgoq91bo2fsvl.tunnel-poc.com,2,lab_dns2tcp,dns2tcp,True,dns_tunnel
xeotar19d80slmka7qzdkyyb3.com,1,dga_cluster_40,dga,False,dga
shop.palas-m.com,0,tranco_benign,benign,False,benign
ajda.com,0,tranco_benign,benign,False,benign
paaabrmy.tunnel-com.com,2,original_hex_tunnel,original_tunnel,False,dns_tunnel
kylksagabardinedazyx.com,1,dga_cluster_44,dga,False,dga
topcydiasources.top,0,tranco_benign,benign,False,benign
sstore.org,0,tranco_benign,benign,False,benign
945fm.com,0,tranco_benign,benign,False,benign
auth1.0rssg8e691d6w3q111rr546gdqn4fhn3.ns-data.io,2,lab_dns2tcp,dns2tcp,True,dns_tunnel
auth1.xaqkobzmlidzfcb1vx5ikl4pqk8n.ns-data.io,2,lab_dns2tcp,dns2tcp,True,dns_tunnel
dafafootball.org,0,tranco_benign,benign,False,benign
xzbnmachuslazaroqok.com,1,dga_cluster_40,dga,False,dga
zjkcfordlinnetavox.com,1,dga_cluster_42,dga,False,dga
bbycscdtedun.com,1,dga_cluster_44,dga,False,dga
pengertianpengertian.co,0,tranco_benign,benign,False,benign
shop-foglinen.com,0,tranco_benign,benign,False,benign
build-02c0365a6f6.azurewebsites.net,0,benign_hex_service,benign,True,benign
cihjuvedspjkutanyjk.com,1,dga_cluster_44,dga,False,dga
zsamskluky.xyz,0,tranco_benign,benign,False,benign
swqkpartbulkyf.com,1,dga_cluster_40,dga,False,dga
storyjobattemptpricesize.net,1,dga_cluster_43,dga,False,dga
mspa7520.net,0,tranco_benign,benign,False,benign
txt.ctw47xyw6fu6m3h3o.tunnel-sec.biz,2,lab_iodine,iodine,True,dns_tunnel
mwelanarianaqh.com,1,dga_cluster_40,dga,False,dga
jicindnes.com,0,tranco_benign,benign,False,benign
ec2-177-113-197-124.compute-1.amazonaws.com,0,benign_cloud_instance,benign,True,benign
txt.6e577vfhzejk2yz3h5mvqjvngy6w66pdlezom7mdl.cbfusijzgqpiebrcodrtkgn4lfokzdebo4rn.dns-exfil.net,2,lab_iodine,iodine,True,dns_tunnel
sitedeprezentare.co,0,tranco_benign,benign,False,benign
login.biialab.com,0,tranco_benign,benign,False,benign
srv.bqqoxsxwzotrjl2qp.hrqxfuul5xojadmh5ctj2tzr.tunnel-poc.com,2,lab_iodine,iodine,True,dns_tunnel
paaim1ua.tunnel-net.net,2,original_hex_tunnel,original_tunnel,False,dns_tunnel
m.levergunscommunity.org,0,tranco_benign,benign,False,benign
1yizgfj1cx6ljowr3fwmca5ed.com,1,dga_cluster_44,dga,False,dga
tl3gnf1s8l5arjz8x1a1zq950.com,1,dga_cluster_40,dga,False,dga
malabedi.com,1,dga_cluster_44,dga,False,dga
houstonlandscaper.com,0,tranco_benign,benign,False,benign
bilisim-kulubu.com,0,tranco_benign,benign,False,benign
paaylcca.tunnel-com.com,2,original_hex_tunnel,original_tunnel,False,dns_tunnel
api.ellehomme.xyz,0,tranco_benign,benign,False,benign
2aab7pdnggyhambygkyaihfz3xaobqeyxyjmxaarqwebtoiyojhjixxembk1vo.tunnel-net.net,2,original_hex_tunnel,original_tunnel,False,dns_tunnel
toothwishspacediscoverseparate.net,1,dga_cluster_43,dga,False,dga
kolobezky-brandys.info,0,tranco_benign,benign,False,benign
tesarstviprofites.com,0,tranco_benign,benign,False,benign
cmaicmai.com,0,tranco_benign,benign,False,benign
sf-misis.org,0,tranco_benign,benign,False,benign
wwxxfordlinnetavox.online,1,dga_cluster_42,dga,False,dga
tekniikkatalous.co,0,tranco_benign,benign,False,benign
speedoptions.com,0,tranco_benign,benign,False,benign
milflibre.com,0,tranco_benign,benign,False,benign
dnscat.ea7f7a54.b9a42b9c234eeeb9bcb5d6d44.tunnel-sec.biz,2,lab_dnscat2,dnscat2,True,dns_tunnel
auth7.ybeeb6zso57ru0j8t21lmklqb23nn08245yb38415w8ijuqd1gov.dns-exfil.net,2,lab_dns2tcp,dns2tcp,True,dns_tunnel
optikkandr.com,0,tranco_benign,benign,False,benign
edgjsgpxyryx.com,1,dga_cluster_44,dga,False,dga
mwgesydamspoed.com,1,dga_cluster_44,dga,False,dga
xhwbsagabardinedazyx.com,1,dga_cluster_44,dga,False,dga
www.tradeitnetwork.me,0,tranco_benign,benign,False,benign
kukksi.com,0,tranco_benign,benign,False,benign
zvuefordlinnetavox.com,1,dga_cluster_42,dga,False,dga
mmlgmachuslazaroqok.com,1,dga_cluster_40,dga,False,dga
m.vikhotels.com,0,tranco_benign,benign,False,benign
rikunabi-direct.site,0,tranco_benign,benign,False,benign
frimererwyatanb.net,1,dga_cluster_41,dga,False,dga
webpay.org,0,tranco_benign,benign,False,benign
jrbvjcxyvrarkjlfkqf.com,1,dga_cluster_40,dga,False,dga
tourisme-quimper.cc,0,tranco_benign,benign,False,benign
static.rallystream.co,0,tranco_benign,benign,False,benign
irdes.com,0,tranco_benign,benign,False,benign
ec2-84-164-57-3.compute-1.amazonaws.com,0,benign_cloud_instance,benign,True,benign
edlqvtllsrut.com,1,dga_cluster_44,dga,False,dga
0ce5fac493343f3e4fe4cd1f4731.tunnel-poc.com,2,lab_dnscat2,dnscat2,True,dns_tunnel
shop.otelrus.com,0,tranco_benign,benign,False,benign
soundgasm.com,0,tranco_benign,benign,False,benign
yonkis.co,0,tranco_benign,benign,False,benign
saledns.com,0,tranco_benign,benign,False,benign
qkkllcamiemwyoedatv.com,1,dga_cluster_44,dga,False,dga
yejqfordlinnetavox.xyz,1,dga_cluster_42,dga,False,dga
crorec.xyz,0,tranco_benign,benign,False,benign
cdn-cache-a9d9edab.cf-ipfs.com,0,benign_cdn,benign,True,benign
adfreehost.org,0,tranco_benign,benign,False,benign
644001ce434c688da83bea014ac31b24fb.tunnel-com.com,2,original_hex_tunnel,original_tunnel,False,dns_tunnel
levnedalekohledy.net,0,tranco_benign,benign,False,benign
srv.x6zurg3imjfkgqrkixugc3hoeisfqaciuh7adxpe2v.ihpr7ujjgzyfnbu475ony4h27cvpsfboki.u46dzyf4r22hgdqzsguu4k2yd762bq.ns-data.io,2,lab_iodine,iodine,True,dns_tunnel
biketo.org,0,tranco_benign,benign,False,benign
blog.optiktereza.com,0,tranco_benign,benign,False,benign
bgamods.biz,0,tranco_benign,benign,False,benign
dev.ahw-shop.com,0,tranco_benign,benign,False,benign
leadsolutions.com,0,tranco_benign,benign,False,benign
build-0e205e7ac7.gitlab.io,0,benign_hex_service,benign,True,benign
imaibooks.me,0,tranco_benign,benign,False,benign
login.olomouc-katalog.io,0,tranco_benign,benign,False,benign
sfawdm.com,0,tranco_benign,benign,False,benign
mail.mykeralahouseboat.com,0,tranco_benign,benign,False,benign
ymbzererwyatanb.com,1,dga_cluster_41,dga,False,dga
bikiniphotosafari.org,0,tranco_benign,benign,False,benign
cinema2000.net,0,tranco_benign,benign,False,benign
build-a325bf0be05.azurewebsites.net,0,benign_hex_service,benign,True,benign
stats-fj.com,0,tranco_benign,benign,False,benign
nursingworld.top,0,tranco_benign,benign,False,benign
thenotice.com,0,tranco_benign,benign,False,benign
wido.net,0,tranco_benign,benign,False,benign
ftjbererwyatanb.cc,1,dga_cluster_41,dga,False,dga
ec2-142-242-137-145.compute-1.amazonaws.com,0,benign_cloud_instance,benign,True,benign
povleceni-obchod.io,0,tranco_benign,benign,False,benign
0qfbgpdnggyhambygkyaitgv4nqhaydmj3qbfydeajremdqgnhpuuquydblr3h.tunnel-com.com,2,original_hex_tunnel,original_tunnel,False,dns_tunnel
startupsafary.org,0,tranco_benign,benign,False,benign
pamaftgy.tunnel-org.org,2,original_hex_tunnel,original_tunnel,False,dns_tunnel
fcstracker.net,0,tranco_benign,benign,False,benign
memphistour.com,0,tranco_benign,benign,False,benign
xizhezhe.com,0,tranco_benign,benign,False,benign
portal.linen4less.xyz,0,tranco_benign,benign,False,benign
mkfkererwyatanb.net,1,dga_cluster_41,dga,False,dga
lfsxmjkrdgeduofyxbup.com,1,dga_cluster_44,dga,False,dga
6ce67c00f1b164def4ace2e857bcf8840ea.dns-exfil.net,2,lab_dnscat2,dnscat2,True,dns_tunnel
redbjrglrnkybvuz.com,1,dga_cluster_44,dga,False,dga
42csndm0jlxetmpc6anpj9kligp7bieiclu3n-u3f5mtuuh3lst-nm3qxhhpiersw.tunnel-xyz.xyz,2,original_hex_tunnel,original_tunnel,False,dns_tunnel
cloudfeed.com,1,dga_cluster_44,dga,False,dga
westernmustangs.com,0,tranco_benign,benign,False,benign
yejxererwyatanb.com,1,dga_cluster_41,dga,False,dga
a.jgvvn7f6wccpliq5aokumuw5d6danepqt23dxch4d.ns-data.io,2,lab_iodine,iodine,True,dns_tunnel
ielwpartbulkyf.com,1,dga_cluster_40,dga,False,dga
xbxdererwyatanb.online,1,dga_cluster_41,dga,False,dga
awczanarianaqh.com,1,dga_cluster_40,dga,False,dga
bejicaqirei.org,0,tranco_benign,benign,False,benign
eastapplyboatexamplestart.org,1,dga_cluster_43,dga,False,dga
skykmachuslazaroqok.com,1,dga_cluster_40,dga,False,dga
m88cvf.com,0,tranco_benign,benign,False,benign
0yua3i2zqbqmvww4cbcsbibieqwcekrgfy.tunnel-io.io,2,original_hex_tunnel,original_tunnel,False,dns_tunnel
edfentreprises.com,0,tranco_benign,benign,False,benign
auth5.xo7xh3lkxtfls9u5xhkzmysttig51clq71m6x9xjrr7hrygk.lab-tunnel.org,2,lab_dns2tcp,dns2tcp,True,dns_tunnel
toolboxoffice.co,0,tranco_benign,benign,False,benign
burtsbees.com,0,tranco_benign,benign,False,benign
dnscat.e471f7cc.3ed0b33fe74c08b58d5dd9209.dns-exfil.net,2,lab_dnscat2,dnscat2,True,dns_tunnel
vietnammuaban.com,0,tranco_benign,benign,False,benign
txt.rooyr3oag52vw4eu3pw5vvwcqae.7xayhrwdzd37n25ppbqt3j.wx7kugfq5xngwwc3647vxzhqljock7p.tunnel-sec.biz,2,lab_iodine,iodine,True,dns_tunnel
auth7.gbaj4gbs229ddaaxn6rx4hl82b2bf1625a3oip1jw.lab-tunnel.org,2,lab_dns2tcp,dns2tcp,True,dns_tunnel
pixnet.xyz,0,tranco_benign,benign,False,benign
auth3.og863mg5unoj0mlo0px8660o7fip7fb.tunnel-sec.biz,2,lab_dns2tcp,dns2tcp,True,dns_tunnel
build-399d6063c.azurewebsites.net,0,benign_hex_service,benign,True,benign
dreamandhustle.com,0,tranco_benign,benign,False,benign
api.vttventures.net,0,tranco_benign,benign,False,benign
null.ahvzqabfqxqa3khwpwutjhopjnhx45johek3kma.j2hfh5lvbbndctws4antd4pgmve5sttsbxgyqos5zth.j2stlspopqp7w7sxnl4wrj2dj7.lab-tunnel.org,2,lab_iodine,iodine,True,dns_tunnel
mrgarments.biz,0,tranco_benign,benign,False,benign
penzion-vlasta.info,0,tranco_benign,benign,False,benign
cymatic.com,0,tranco_benign,benign,False,benign
germancarforum.pro,0,tranco_benign,benign,False,benign
m.sitesazi.org,0,tranco_benign,benign,False,benign
sextapetube.com,0,tranco_benign,benign,False,benign
understandingfirmcardzone.com,1,dga_cluster_40,dga,False,dga
33.137.132.185.in-addr.arpa,0,benign_reverse_dns,benign,True,benign
sagranarianaqh.com,1,dga_cluster_40,dga,False,dga
dxsmsagabardinedazyx.com,1,dga_cluster_44,dga,False,dga
danfoss.org,0,tranco_benign,benign,False,benign
rtjspartbulkyf.com,1,dga_cluster_40,dga,False,dga
auth9.thihpmx721cmeezfe4wdr8adgbm04yqxjtvizeu.tunnel-poc.com,2,lab_dns2tcp,dns2tcp,True,dns_tunnel
fanaticos.net,0,tranco_benign,benign,False,benign
txt.loqrer5zjx7ho64aaji.ef7cg3xh44auuzg7nctajhre.dns-exfil.net,2,lab_iodine,iodine,True,dns_tunnel
torontochristmasmarket.com,0,tranco_benign,benign,False,benign
login.drean.biz,0,tranco_benign,benign,False,benign
portal.nehty-lenka.net,0,tranco_benign,benign,False,benign
jehuuniuungwana.io,0,tranco_benign,benign,False,benign
73.237.85.88.in-addr.arpa,0,benign_reverse_dns,benign,True,benign
kagikyaramfcpbj.com,1,dga_cluster_40,dga,False,dga
build-c862f47069db.github.io,0,benign_hex_service,benign,True,benign
prod-cdn-578.global.ssl.fastly.net,0,benign_cdn,benign,True,benign
filerentplacestarchartground.com,1,dga_cluster_40,dga,False,dga
xe1648d3429e4c1e7227a87eeddf44030f.com,1,dga_cluster_44,dga,False,dga
rackaddik.info,0,tranco_benign,benign,False,benign
declaire.com,0,tranco_benign,benign,False,benign
paeqgf1y.tunnel-site.site,2,original_hex_tunnel,original_tunnel,False,dns_tunnel
vbonwchagcldedbaelt.com,1,dga_cluster_44,dga,False,dga
mail.idmantv.net,0,tranco_benign,benign,False,benign
vm-prod-135700e8.westeurope.cloudapp.azure.com,0,benign_cloud_instance,benign,True,benign
hosteam.co,0,tranco_benign,benign,False,benign
www.wpincomes.net,0,tranco_benign,benign,False,benign
srv.5po3misxvtmxp27qwubkor3rd3fhl4.ztygpy5itozfsjaoz6rawwl6meokt3hlqup4pvbg.lab-tunnel.org,2,lab_iodine,iodine,True,dns_tunnel
pabadqcy.tunnel-net.net,2,original_hex_tunnel,original_tunnel,False,dns_tunnel
fhlfsagabardinedazyx.com,1,dga_cluster_44,dga,False,dga
hegen.org,0,tranco_benign,benign,False,benign
dnscat.a19d0bb9.d9da52ff85b780b4b1d3b4e416257e48a.tunnel-sec.biz,2,lab_dnscat2,dnscat2,True,dns_tunnel
dev.rezackyvizitek.net,0,tranco_benign,benign,False,benign
srv.zf2ung4zb53e32bzycxpgguuookhic2gz.lab-tunnel.org,2,lab_iodine,iodine,True,dns_tunnel
cdn-cache-635a079f.cf-ipfs.com,0,benign_cdn,benign,True,benign
geoparkvysocina.org,0,tranco_benign,benign,False,benign
ecoring.com,0,tranco_benign,benign,False,benign
whatisindia.com,0,tranco_benign,benign,False,benign
heywander.net,0,tranco_benign,benign,False,benign
mail.emersonfry.com,0,tranco_benign,benign,False,benign
paaap41a.tunnel-com.com,2,original_hex_tunnel,original_tunnel,False,dns_tunnel
jrxdar.com,1,dga_cluster_40,dga,False,dga
podolskeschody.online,0,tranco_benign,benign,False,benign
gfedefrcrwne.com,1,dga_cluster_44,dga,False,dga
dnscat.e4063833.6e83bc1cb6be743046aca8b12111b7a93830c29dd5c84d8458d54c76cea.tunnel-sec.biz,2,lab_dnscat2,dnscat2,True,dns_tunnel
dnscat.2db33268.b302a33e634896bfcdd9b87c2.dns-exfil.net,2,lab_dnscat2,dnscat2,True,dns_tunnel
vm-prod-ea079834.westeurope.cloudapp.azure.com,0,benign_cloud_instance,benign,True,benign
xbycsagabardinedazyx.com,1,dga_cluster_44,dga,False,dga
sixhfordlinnetavox.me,1,dga_cluster_42,dga,False,dga
201.221.66.98.in-addr.arpa,0,benign_reverse_dns,benign,True,benign
travelpr.xyz,0,tranco_benign,benign,False,benign
gopofordlinnetavox.com,1,dga_cluster_42,dga,False,dga
scaleimaginemarchavoidfactor.com,1,dga_cluster_40,dga,False,dga
scriptsly.top,0,tranco_benign,benign,False,benign
xact.com,0,tranco_benign,benign,False,benign
zrcgfordlinnetavox.org,1,dga_cluster_42,dga,False,dga
respigbreed.net,0,tranco_benign,benign,False,benign
frhqaarempcxkuptaptvlue.com,1,dga_cluster_40,dga,False,dga
vm-prod-3c059ff6.westeurope.cloudapp.azure.com,0,benign_cloud_instance,benign,True,benign
vm-prod-0d1c3c0b.westeurope.cloudapp.azure.com,0,benign_cloud_instance,benign,True,benign
duckandcover.xyz,0,tranco_benign,benign,False,benign
portal.adsellerator.com,0,tranco_benign,benign,False,benign
salamander.biz,0,tranco_benign,benign,False,benign
build-4734c498.vercel.app,0,benign_hex_service,benign,True,benign
novidadediaria.com,0,tranco_benign,benign,False,benign
hrqhpartbulkyf.com,1,dga_cluster_40,dga,False,dga
is-found.com,0,tranco_benign,benign,False,benign
ec2-132-172-4-228.compute-1.amazonaws.com,0,benign_cloud_instance,benign,True,benign
d5ff60a73a69177.cloudfront.net,0,benign_cdn,benign,True,benign
work-life-b.xyz,0,tranco_benign,benign,False,benign
build-7f0a181609e55f.github.io,0,benign_hex_service,benign,True,benign
2.0.f.9.2.f.d.f.6.5.2.8.a.2.1.2.ip6.arpa,0,benign_reverse_dns,benign,True,benign
ecgtanarianaqh.com,1,dga_cluster_40,dga,False,dga
34fa4a74756816774f9d5a4077873ebe62bc19b96a9e4fec4985a.tunnel-sec.biz,2,lab_dnscat2,dnscat2,True,dns_tunnel
wgh.info,0,tranco_benign,benign,False,benign
rboqiyaedr.com,1,dga_cluster_44,dga,False,dga
qeqeqe.com,0,tranco_benign,benign,False,benign
build-e6c7ebc979.gitlab.io,0,benign_hex_service,benign,True,benign
static.diaspark.co,0,tranco_benign,benign,False,benign
cdn-cache-9bf27425.cf-ipfs.com,0,benign_cdn,benign,True,benign
batikhajadi.com,0,tranco_benign,benign,False,benign
7.c.7.4.8.1.6.7.2.1.0.b.3.9.d.8.ip6.arpa,0,benign_reverse_dns,benign,True,benign
easyadventurewayy.com,0,tranco_benign,benign,False,benign
pamafvri.tunnel-com.com,2,original_hex_tunnel,original_tunnel,False,dns_tunnel
xnmzererwyatanb.com,1,dga_cluster_41,dga,False,dga
pamafxyq.tunnel-org.org,2,original_hex_tunnel,original_tunnel,False,dns_tunnel
0eoa8k5kb5qmp2aojvkcdewp0y45xxxxxxx1x2321xxttn5t4v2xsza31v2z04.tunnel-top.top,2,original_hex_tunnel,original_tunnel,False,dns_tunnel
m.abrowntable.com,0,tranco_benign,benign,False,benign
frenchpress.co,0,tranco_benign,benign,False,benign
d23901ce43696c85add636007c2464f904.tunnel-xyz.xyz,2,original_hex_tunnel,original_tunnel,False,dns_tunnel
a.hbcpbfnhi6fj5nicy4drnudo.iqxaohrkmirc2fiqyhy.tunnel-sec.biz,2,lab_iodine,iodine,True,dns_tunnel
awxufordlinnetavox.top,1,dga_cluster_42,dga,False,dga
19u5gtip_acwl4erdm2bsivdppad_kabp54dgbcn0kbyh_5awulyb5lqjvc4injcc.tunnel-org.org,2,original_hex_tunnel,original_tunnel,False,dns_tunnel
m.hotellysice.org,0,tranco_benign,benign,False,benign
dudelol.site,0,tranco_benign,benign,False,benign
waawfordlinnetavox.com,1,dga_cluster_42,dga,False,dga
fhokfordlinnetavox.net,1,dga_cluster_42,dga,False,dga
lavozdelmuro.org,0,tranco_benign,benign,False,benign
bbknererwyatanb.com,1,dga_cluster_41,dga,False,dga
pncopartbulkyf.com,1,dga_cluster_40,dga,False,dga
www.xiuxiu456.info,0,tranco_benign,benign,False,benign
weoofordlinnetavox.org,1,dga_cluster_42,dga,False,dga
flowfreesolutions.info,0,tranco_benign,benign,False,benign
onespout.pro,0,tranco_benign,benign,False,benign
auth4.ifumz99di5a47nzxkfsbizdm9hg4jw18v9dbo682fqhg3rmdb0.lab-tunnel.org,2,lab_dns2tcp,dns2tcp,True,dns_tunnel
shoewantsizereviewcakesteal.site,1,dga_cluster_43,dga,False,dga
gdedcbmlduvh.com,1,dga_cluster_44,dga,False,dga
smalldeadanimals.org,0,tranco_benign,benign,False,benign
dphvfordlinnetavox.io,1,dga_cluster_42,dga,False,dga
tivibox.com,0,tranco_benign,benign,False,benign
api.artgk.net,0,tranco_benign,benign,False,benign
vegaoopro.net,0,tranco_benign,benign,False,benign
dfrlererwyatanb.com,1,dga_cluster_41,dga,False,dga
build-a82b9ca6c9.gitlab.io,0,benign_hex_service,benign,True,benign
dnscat.f3fdd8b8.811ba99ba3d112405d0617bf.lab-tunnel.org,2,lab_dnscat2,dnscat2,True,dns_tunnel
blog.sbtonline.com,0,tranco_benign,benign,False,benign
conclusionrewardresistdance.net,1,dga_cluster_43,dga,False,dga
jpxqpartbulkyf.com,1,dga_cluster_40,dga,False,dga
zvpxfordlinnetavox.net,1,dga_cluster_42,dga,False,dga
kidrock.pro,0,tranco_benign,benign,False,benign
a55-190-81-206.deploy.static.akamaitechnologies.com,0,benign_cdn,benign,True,benign
onijiang.com,0,tranco_benign,benign,False,benign
blog.palsawa.com,0,tranco_benign,benign,False,benign
newbedford-ma.site,0,tranco_benign,benign,False,benign
accidentwindboardregister.me,1,dga_cluster_43,dga,False,dga
efuedydi.com,1,dga_cluster_44,dga,False,dga
c5231518ce8e7b17e6fbadba162e4.ns-data.io,2,lab_dnscat2,dnscat2,True,dns_tunnel
e-sushi.com,0,tranco_benign,benign,False,benign
paeqgf2q.tunnel-info.info,2,original_hex_tunnel,original_tunnel,False,dns_tunnel
keshinformatics.io,0,tranco_benign,benign,False,benign
vm-prod-ee20c0ec.westeurope.cloudapp.azure.com,0,benign_cloud_instance,benign,True,benign
kulinarneprzeboje.com,0,tranco_benign,benign,False,benign
auth2.7mb4lzikqjmk25why7ebgbgchu8.tunnel-sec.biz,2,lab_dns2tcp,dns2tcp,True,dns_tunnel
auth3.v2cgkb0ai1jao7v228iezlhmpqw1.lab-tunnel.org,2,lab_dns2tcp,dns2tcp,True,dns_tunnel
mapexdrums.com,0,tranco_benign,benign,False,benign
my-sberbank.com,0,tranco_benign,benign,False,benign
nastinblog.com,0,tranco_benign,benign,False,benign
oqtz5j1j0karp13bilzb1qddor7.com,1,dga_cluster_40,dga,False,dga
uplay.com,0,tranco_benign,benign,False,benign
hda41w1b001eh158xar413xvcny.com,1,dga_cluster_40,dga,False,dga
forsythco.org,0,tranco_benign,benign,False,benign
gameee.com,0,tranco_benign,benign,False,benign
celebswonderland.com,0,tranco_benign,benign,False,benign
apnet.info,0,tranco_benign,benign,False,benign
0u3a803iturrpscfynsnsjiczhiayaogzsbqarkodbdm3chsjh4ojztvxkgu3x.tunnel-org.org,2,original_hex_tunnel,original_tunnel,False,dns_tunnel
auth6.un04fnjwbbhpo7mfgc470tfdtreua7qmw0dl7vleegbjj.dns-exfil.net,2,lab_dns2tcp,dns2tcp,True,dns_tunnel
20-211-156-23.bc.googleusercontent.com,0,benign_cloud_instance,benign,True,benign
xrtxererwyatanb.me,1,dga_cluster_41,dga,False,dga
toskanskevino.top,0,tranco_benign,benign,False,benign
2.8.90.165.in-addr.arpa,0,benign_reverse_dns,benign,True,benign
portal.cprintermodal.online,0,tranco_benign,benign,False,benign
pamin5ja.tunnel-cc.cc,2,original_hex_tunnel,original_tunnel,False,dns_tunnel
login.powerproduction.top,0,tranco_benign,benign,False,benign
uludag.com,0,tranco_benign,benign,False,benign
0inahcgcbtfzjbhdmrtwubjrabaqfjsqrukoxda.tunnel-co.co,2,original_hex_tunnel,original_tunnel,False,dns_tunnel
level5.top,0,tranco_benign,benign,False,benign
build-93781774ea1b91.azurewebsites.net,0,benign_hex_service,benign,True,benign
enjoyphoenix.com,0,tranco_benign,benign,False,benign
blog.heritageweb.com,0,tranco_benign,benign,False,benign
websoveti.com,0,tranco_benign,benign,False,benign
otoinstagram.com,0,tranco_benign,benign,False,benign
forexbinarypipprofit.com,0,tranco_benign,benign,False,benign
csloxinfo.xyz,0,tranco_benign,benign,False,benign
a126-62-41-237.deploy.static.akamaitechnologies.com,0,benign_cdn,benign,True,benign
build-3b26bf05.gitlab.io,0,benign_hex_service,benign,True,benign
static.horalkynavylet.co,0,tranco_benign,benign,False,benign
meaemachuslazaroqok.com,1,dga_cluster_40,dga,False,dga
vstricnabanka.io,0,tranco_benign,benign,False,benign
shop.pandorabylp.com,0,tranco_benign,benign,False,benign
136.213.181.26.in-addr.arpa,0,benign_reverse_dns,benign,True,benign
intactsoftware.com,0,tranco_benign,benign,False,benign
wwmmmachuslazaroqok.com,1,dga_cluster_40,dga,False,dga
0qcafpdnggyhambygkyaiwffxiydqmb4knsrfydeajremdqgb4gpnpqmjrw4kk.tunnel-org.org,2,original_hex_tunnel,original_tunnel,False,dns_tunnel
api.bakinruss.com,0,tranco_benign,benign,False,benign
termkniferentmustoperate.io,1,dga_cluster_43,dga,False,dga
juick.com,0,tranco_benign,benign,False,benign
dfea8fc2bb21c486ddd89c36ddb6c332.lab-tunnel.org,2,lab_dnscat2,dnscat2,True,dns_tunnel
pravnipredpisy.org,0,tranco_benign,benign,False,benign
rzwesagabardinedazyx.pro,1,dga_cluster_44,dga,False,dga
prod-cdn-336.global.ssl.fastly.net,0,benign_cdn,benign,True,benign
a69-116-124-205.deploy.static.akamaitechnologies.com,0,benign_cdn,benign,True,benign
dev.management.com,0,tranco_benign,benign,False,benign
auth8.lsxn4nnywgf2o6p8urjhrk0zqmeqvkjwdr.dns-exfil.net,2,lab_dns2tcp,dns2tcp,True,dns_tunnel
txt.bsmblx4uf5lo4754ni.prdbzrhi6dks7jpsm46gke4xw5u.cfob3scnng55pmy7vxe6w.tunnel-poc.com,2,lab_iodine,iodine,True,dns_tunnel
which-50.cc,0,tranco_benign,benign,False,benign
1sthxvo1imukybbarncn8v5dus.com,1,dga_cluster_40,dga,False,dga
cdn.metodosedona.io,0,tranco_benign,benign,False,benign
7.e.c.2.0.a.d.5.3.f.7.f.6.1.f.2.ip6.arpa,0,benign_reverse_dns,benign,True,benign
eeamfordlinnetavox.me,1,dga_cluster_42,dga,False,dga
progresosemanal.com,0,tranco_benign,benign,False,benign
htsnsagabardinedazyx.com,1,dga_cluster_44,dga,False,dga
static.oik-plugins.net,0,tranco_benign,benign,False,benign
cdn.neo4j.net,0,tranco_benign,benign,False,benign
blog.moderntasteblog.com,0,tranco_benign,benign,False,benign
collegeparkmd.org,0,tranco_benign,benign,False,benign
portal.realincesttube.org,0,tranco_benign,benign,False,benign
denth.info,0,tranco_benign,benign,False,benign
txt.joocdvoiu4kgmxiknpfs4qjpppeoepbd36eq3i.lab-tunnel.org,2,lab_iodine,iodine,True,dns_tunnel
sqsqfordlinnetavox.site,1,dga_cluster_42,dga,False,dga
auth9.8tuaxbitub7ed4zay0tmp41pcg7ne6jrgknith2qyjpx.ns-data.io,2,lab_dns2tcp,dns2tcp,True,dns_tunnel
rdeydb5mq4dypb2hq4dypb2hq4dypb2hq4dypb2hq4dypb2hq4dypb2hq4dypb.tunnel-online.online,2,original_hex_tunnel,original_tunnel,False,dns_tunnel
telemgroup.com,0,tranco_benign,benign,False,benign
turcopolier.org,0,tranco_benign,benign,False,benign
czechcoal.com,0,tranco_benign,benign,False,benign
mail.sapglass.com,0,tranco_benign,benign,False,benign
dnscat.2bed0a2c.6893d180db519c3790db8a30139db3a2003678f7211c.dns-exfil.net,2,lab_dnscat2,dnscat2,True,dns_tunnel
m.radiorasa.com,0,tranco_benign,benign,False,benign
static.ezcall.com,0,tranco_benign,benign,False,benign
sitexdata.net,0,tranco_benign,benign,False,benign
3201e811d9652ee56d95fa583a2679226a2644a12eb.lab-tunnel.org,2,lab_dnscat2,dnscat2,True,dns_tunnel
ciuofordlinnetavox.com,1,dga_cluster_42,dga,False,dga
blog.uksubtitles.xyz,0,tranco_benign,benign,False,benign
etpowerofideas.com,0,tranco_benign,benign,False,benign
professioninterestedbone.biz,1,dga_cluster_43,dga,False,dga
2eiabks2x0423g0nn35wpysaazgc0de1jy.tunnel-com.com,2,original_hex_tunnel,original_tunnel,False,dns_tunnel
lebensmittelzeitung.com,0,tranco_benign,benign,False,benign
87-186-137-197.bc.googleusercontent.com,0,benign_cloud_instance,benign,True,benign
19.41.148.197.in-addr.arpa,0,benign_reverse_dns,benign,True,benign
pamaftei.tunnel-com.com,2,original_hex_tunnel,original_tunnel,False,dns_tunnel
mail.silicondust.info,0,tranco_benign,benign,False,benign
simymachuslazaroqok.com,1,dga_cluster_40,dga,False,dga
build-e3c0514e1fb120dc.vercel.app,0,benign_hex_service,benign,True,benign
dandyspet.biz,0,tranco_benign,benign,False,benign
k2radio.com,0,tranco_benign,benign,False,benign
gyfopartbulkyf.com,1,dga_cluster_40,dga,False,dga
m.topschooljobs.com,0,tranco_benign,benign,False,benign
0ced0118c47725e7384f6f0028e0e89d841eeb02a06e104920.tunnel-com.com,2,original_hex_tunnel,original_tunnel,False,dns_tunnel
auth2.e8n4mtxy5fb3stuv2l129sn28o9rixf01lvj4qamr6i.ns-data.io,2,lab_dns2tcp,dns2tcp,True,dns_tunnel
prod-cdn-397.global.ssl.fastly.net,0,benign_cdn,benign,True,benign
shopblackfriday.com,0,tranco_benign,benign,False,benign
build-2e916a614.azurewebsites.net,0,benign_hex_service,benign,True,benign
focus-partner.com,0,tranco_benign,benign,False,benign
actulegales.com,0,tranco_benign,benign,False,benign
login.dumgobelinu.org,0,tranco_benign,benign,False,benign
26-143-141-250.bc.googleusercontent.com,0,benign_cloud_instance,benign,True,benign
cefkariadqhycvdssow.com,1,dga_cluster_40,dga,False,dga
rentexpandmistakegradeprofile.net,1,dga_cluster_43,dga,False,dga
stm.net,0,tranco_benign,benign,False,benign
build-31f283e93.azurewebsites.net,0,benign_hex_service,benign,True,benign
auth8.pxhpm53ktdzjzzq238yg90bt8aw1c.lab-tunnel.org,2,lab_dns2tcp,dns2tcp,True,dns_tunnel
2iiaezms2bsacysgbydbxpqw2kgiypmffo.tunnel-org.org,2,original_hex_tunnel,original_tunnel,False,dns_tunnel
ikraikra.org,0,tranco_benign,benign,False,benign
3b9f01c8ca4c2bdd499bf3006ced43158a.tunnel-org.org,2,original_hex_tunnel,original_tunnel,False,dns_tunnel
3.4.d.7.3.1.f.a.b.e.c.4.d.f.b.1.ip6.arpa,0,benign_reverse_dns,benign,True,benign
topbringpackagesmartauthor.com,1,dga_cluster_40,dga,False,dga
bathroomdisappointedconnect.biz,1,dga_cluster_44,dga,False,dga
kuuafordlinnetavox.com,1,dga_cluster_42,dga,False,dga
languagecombinedrinkpage.com,1,dga_cluster_44,dga,False,dga
mail.buildersinmangalore.com,0,tranco_benign,benign,False,benign
shopto.com,0,tranco_benign,benign,False,benign
cpi.org,0,tranco_benign,benign,False,benign
ec2-96-33-197-83.compute-1.amazonaws.com,0,benign_cloud_instance,benign,True,benign
illametino.co,0,tranco_benign,benign,False,benign
m.cyclefactory.org,0,tranco_benign,benign,False,benign
shop.mosgortrans.com,0,tranco_benign,benign,False,benign
dicasdeeducacao.com,0,tranco_benign,benign,False,benign
0qbakpdnggyhambygkybqhf32daobqew4yiuxaarrgebtz1osigftoxjevu0fl.tunnel-com.com,2,original_hex_tunnel,original_tunnel,False,dns_tunnel
blog.montecarlosbm.com,0,tranco_benign,benign,False,benign
chi-wo.co,0,tranco_benign,benign,False,benign
hotlog.com,0,tranco_benign,benign,False,benign
hugebootygalleries.org,0,tranco_benign,benign,False,benign
xango.co,0,tranco_benign,benign,False,benign
wespeke.com,0,tranco_benign,benign,False,benign
movies365.com,0,tranco_benign,benign,False,benign
pensionstafffaultcredittower.net,1,dga_cluster_43,dga,False,dga
a146-207-220-157.deploy.static.akamaitechnologies.com,0,benign_cdn,benign,True,benign
fvm.org,0,tranco_benign,benign,False,benign
ckcyfordlinnetavox.com,1,dga_cluster_42,dga,False,dga
pamafuiy.tunnel-site.site,2,original_hex_tunnel,original_tunnel,False,dns_tunnel
wwrhererwyatanb.com,1,dga_cluster_41,dga,False,dga
racezone3.net,0,tranco_benign,benign,False,benign
solutions-computer-problems.com,0,tranco_benign,benign,False,benign
diydoneright.com,0,tranco_benign,benign,False,benign
dfgkererwyatanb.net,1,dga_cluster_41,dga,False,dga
ciwipartbulkyf.com,1,dga_cluster_40,dga,False,dga
tyrs.site,0,tranco_benign,benign,False,benign
parentfixpacesoundcreamblue.cc,1,dga_cluster_43,dga,False,dga
2.b.e.6.8.e.2.d.5.2.7.e.6.4.2.e.ip6.arpa,0,benign_reverse_dns,benign,True,benign
tqpxxmedibpw4.com,1,dga_cluster_44,dga,False,dga
irishrail.org,0,tranco_benign,benign,False,benign
www.weefun.net,0,tranco_benign,benign,False,benign
viztime.site,0,tranco_benign,benign,False,benign
pncyfordlinnetavox.io,1,dga_cluster_42,dga,False,dga
d51e01ce43b85e3a924cb300cac79b458b.tunnel-com.com,2,original_hex_tunnel,original_tunnel,False,dns_tunnel
srv.vq7g4sh2xdkfuhepyhow2pfj47dmsk.j57audepyx56mss56ew47l234p7e7m5w5d.dns-exfil.net,2,lab_iodine,iodine,True,dns_tunnel
bettertouchtool.info,0,tranco_benign,benign,False,benign
prod-cdn-261.global.ssl.fastly.net,0,benign_cdn,benign,True,benign
200401c8cae6d4f277efa000c8e6a3ddd6.tunnel-com.com,2,original_hex_tunnel,original_tunnel,False,dns_tunnel
averagearerestbottlehire.io,1,dga_cluster_43,dga,False,dga
a246-179-112-3.deploy.static.akamaitechnologies.com,0,benign_cdn,benign,True,benign
spdmsaude.com,0,tranco_benign,benign,False,benign
nnlafordlinnetavox.com,1,dga_cluster_42,dga,False,dga
workoptions.com,0,tranco_benign,benign,False,benign
blog.dizain-vannoi.info,0,tranco_benign,benign,False,benign
dsgl.org,0,tranco_benign,benign,False,benign
ksfb.net,0,tranco_benign,benign,False,benign
cuofohio.net,0,tranco_benign,benign,False,benign
hdqniologistbikerepil.pro,1,dga_cluster_43,dga,False,dga
m.aerotec.io,0,tranco_benign,benign,False,benign
www.jfactor.com,0,tranco_benign,benign,False,benign
build-202de438d4c.pages.dev,0,benign_hex_service,benign,True,benign
d08f01de20b765fb155fa1005124152656.tunnel-com.com,2,original_hex_tunnel,original_tunnel,False,dns_tunnel
dev.bodybell.com,0,tranco_benign,benign,False,benign
knizkasemknizkatam.net,0,tranco_benign,benign,False,benign
ljbgpartbulkyf.com,1,dga_cluster_40,dga,False,dga
esvosagabardinedazyx.com,1,dga_cluster_44,dga,False,dga
omzsererwyatanb.net,1,dga_cluster_41,dga,False,dga
0629com.com,0,tranco_benign,benign,False,benign
sc4share.com,0,tranco_benign,benign,False,benign
212-131-221-84.bc.googleusercontent.com,0,benign_cloud_instance,benign,True,benign
chris-tall.com,0,tranco_benign,benign,False,benign
muzyfordlinnetavox.io,1,dga_cluster_42,dga,False,dga
harriettewinthrop.com,1,dga_cluster_40,dga,False,dga
hrzrpartbulkyf.com,1,dga_cluster_40,dga,False,dga
oicamachuslazaroqok.com,1,dga_cluster_40,dga,False,dga
sadyhornin.info,0,tranco_benign,benign,False,benign
46.241.61.221.in-addr.arpa,0,benign_reverse_dns,benign,True,benign
bakdrop.com,0,tranco_benign,benign,False,benign
aiwqmachuslazaroqok.com,1,dga_cluster_40,dga,False,dga
designm.org,0,tranco_benign,benign,False,benign
www.modellboard.com,0,tranco_benign,benign,False,benign
tntexploreored.site,1,dga_cluster_43,dga,False,dga
speechpitchoperateenterbecome.io,1,dga_cluster_43,dga,False,dga
frank.online,0,tranco_benign,benign,False,benign
otohasarekspertiz.online,0,tranco_benign,benign,False,benign
shop.nethry.com,0,tranco_benign,benign,False,benign
login.oilily-shop.com,0,tranco_benign,benign,False,benign
naebdqlc5.tunnel-net.net,2,original_hex_tunnel,original_tunnel,False,dns_tunnel
pabadqay.tunnel-com.com,2,original_hex_tunnel,original_tunnel,False,dns_tunnel
blog.adatis.org,0,tranco_benign,benign,False,benign
okchanarianaqh.com,1,dga_cluster_40,dga,False,dga
malayalamhitsmp3.org,0,tranco_benign,benign,False,benign
bqqxnarkv.com,1,dga_cluster_40,dga,False,dga
openwindow.cc,0,tranco_benign,benign,False,benign
ejz.com,0,tranco_benign,benign,False,benign
pearepeal.com,1,dga_cluster_40,dga,False,dga
www.uicolor.com,0,tranco_benign,benign,False,benign
nr1.com,0,tranco_benign,benign,False,benign
8f5fff73c2be371fca1071311fead484c2a825b36860fa0e5b5baa.tunnel-poc.com,2,lab_dnscat2,dnscat2,True,dns_tunnel
29-253-38-167.bc.googleusercontent.com,0,benign_cloud_instance,benign,True,benign
build-4cbcf80ef8b.github.io,0,benign_hex_service,benign,True,benign
ncchurches.org,0,tranco_benign,benign,False,benign
oleje-esencialni.com,0,tranco_benign,benign,False,benign
odr5ki.tunnel-top.top,2,original_hex_tunnel,original_tunnel,False,dns_tunnel
kelkererwyatanb.com,1,dga_cluster_41,dga,False,dga
haidian123.org,0,tranco_benign,benign,False,benign
informevagaspe.info,0,tranco_benign,benign,False,benign
bryzfordlinnetavox.com,1,dga_cluster_42,dga,False,dga
omahunter.com,0,tranco_benign,benign,False,benign
dev.hemkop.com,0,tranco_benign,benign,False,benign
auth.marketcall.org,0,tranco_benign,benign,False,benign
nfydererwyatanb.com,1,dga_cluster_41,dga,False,dga
mammahealth.io,0,tranco_benign,benign,False,benign
blog.namorico.com,0,tranco_benign,benign,False,benign
auth9.6u03a79bdb1a9v90cpw4t7jpfbns8afnyy90qrnj.tunnel-sec.biz,2,lab_dns2tcp,dns2tcp,True,dns_tunnel
d8f7d2dc60a02a194d0de4a857c8dcdd29a374.tunnel-sec.biz,2,lab_dnscat2,dnscat2,True,dns_tunnel
vietsubhd.me,0,tranco_benign,benign,False,benign
154516c936bbff07b3e6786d5d43b7540fb47a.dns-exfil.net,2,lab_dnscat2,dnscat2,True,dns_tunnel
avanti-shop.net,0,tranco_benign,benign,False,benign
srv.3bwzjysf4ijjq55gdpwifwlxcujgtyv.irwkwilgke2ajtwq7jzfut3azxoxoxo7.hcbdjlsqdgtjckpfvb.tunnel-poc.com,2,lab_iodine,iodine,True,dns_tunnel
wlflvlihedptjojnlnwn.com,1,dga_cluster_44,dga,False,dga
nightjartravel.io,0,tranco_benign,benign,False,benign
newsponds.com,0,tranco_benign,benign,False,benign
onbeer.io,0,tranco_benign,benign,False,benign
univok.cc,0,tranco_benign,benign,False,benign
grantspub.org,0,tranco_benign,benign,False,benign
mail.iias.com,0,tranco_benign,benign,False,benign
blog.italianmodamall.net,0,tranco_benign,benign,False,benign
m.celebratemag.biz,0,tranco_benign,benign,False,benign
nicetvonline.co,0,tranco_benign,benign,False,benign
tbqdererwyatanb.net,1,dga_cluster_41,dga,False,dga
pensionoperatesucceedexpress.xyz,1,dga_cluster_43,dga,False,dga
mail.festivalawards.net,0,tranco_benign,benign,False,benign
static.serviceportal-kassel.com,0,tranco_benign,benign,False,benign
caoliu1024n.io,0,tranco_benign,benign,False,benign
xfijmachuslazaroqok.com,1,dga_cluster_40,dga,False,dga
ihaveaplaniowa.com,0,tranco_benign,benign,False,benign
cnlive.net,0,tranco_benign,benign,False,benign
vidadiaria.com,0,tranco_benign,benign,False,benign
sunbeachtv.net,0,tranco_benign,benign,False,benign
picstate.co,0,tranco_benign,benign,False,benign
m.cleaningserviceau.info,0,tranco_benign,benign,False,benign
minutesailillustratepersuade.net,1,dga_cluster_43,dga,False,dga
cbfjm.biz,0,tranco_benign,benign,False,benign
roup.io,0,tranco_benign,benign,False,benign
shop.magroup-online.com,0,tranco_benign,benign,False,benign
jornalistasp.com,0,tranco_benign,benign,False,benign
login.marinarinaldi.site,0,tranco_benign,benign,False,benign
mail.crecg.com,0,tranco_benign,benign,False,benign
swissforniture.me,0,tranco_benign,benign,False,benign
tfmdsagabardinedazyx.com,1,dga_cluster_44,dga,False,dga
usnefordlinnetavox.com,1,dga_cluster_42,dga,False,dga
hotmoney.com,0,tranco_benign,benign,False,benign
dnscat.ba609aa0.0f09181469c03b9cb5c6e210a532c7454102f42bf35a967efb058.dns-exfil.net,2,lab_dnscat2,dnscat2,True,dns_tunnel
static.bikercrown.xyz,0,tranco_benign,benign,False,benign
registrace-domeny-eu.com,0,tranco_benign,benign,False,benign
auto-staiger.com,0,tranco_benign,benign,False,benign
auth6.cias64vveopkth9r2212gpxvw948mea7pf7g4lztd8.dns-exfil.net,2,lab_dns2tcp,dns2tcp,True,dns_tunnel
blkget17.co,0,tranco_benign,benign,False,benign
beles.com,0,tranco_benign,benign,False,benign
lbwwfordlinnetavox.xyz,1,dga_cluster_42,dga,False,dga
a191-49-113-99.deploy.static.akamaitechnologies.com,0,benign_cdn,benign,True,benign
dhcufordlinnetavox.online,1,dga_cluster_42,dga,False,dga
xoxide.com,0,tranco_benign,benign,False,benign
sapmfordlinnetavox.top,1,dga_cluster_42,dga,False,dga
kizlarindunyasi.io,0,tranco_benign,benign,False,benign
nthfmachuslazaroqok.com,1,dga_cluster_40,dga,False,dga
researchfinancepersuadetower.co,1,dga_cluster_41,dga,False,dga
jointplacebodydiscovercard.com,1,dga_cluster_40,dga,False,dga
pamafvsq.tunnel-com.com,2,original_hex_tunnel,original_tunnel,False,dns_tunnel
api.developerblogger.online,0,tranco_benign,benign,False,benign
0yeakpdnggyhambygkyaifg4olqhayc2gsdmxaarrgebtoiyby31wmbrwbpkuw.tunnel-site.site,2,original_hex_tunnel,original_tunnel,False,dns_tunnel
blog.gagfah.com,0,tranco_benign,benign,False,benign
tutotours.com,0,tranco_benign,benign,False,benign
b98301ce430db32c43d70900603b60c04c.tunnel-com.com,2,original_hex_tunnel,original_tunnel,False,dns_tunnel
maritzcx.com,0,tranco_benign,benign,False,benign
login.deltadentalaz.com,0,tranco_benign,benign,False,benign
imvcererwyatanb.xyz,1,dga_cluster_41,dga,False,dga
srv.wdudnvt6u56jzpg5m3s2x32u2rj2rfnor334b3r6r3n.5kubda6sd3prlkmraiyu2wn.dns-exfil.net,2,lab_iodine,iodine,True,dns_tunnel
telecomb2b.org,0,tranco_benign,benign,False,benign
ifanyi.xyz,0,tranco_benign,benign,False,benign
0qabupdnggyhambygkydq1fu4hqgafb2clhslqci4saidynxzdfzcf2mqzzspm.tunnel-com.com,2,original_hex_tunnel,original_tunnel,False,dns_tunnel
cdn.hollandrugcare.com,0,tranco_benign,benign,False,benign
4www.co,0,tranco_benign,benign,False,benign
blamewellawardwastefloor.com,1,dga_cluster_40,dga,False,dga
yakmy.com,0,tranco_benign,benign,False,benign
fanfreegames.org,0,tranco_benign,benign,False,benign
onlineforum.com,0,tranco_benign,benign,False,benign
bjvnbbsfjedg.com,1,dga_cluster_44,dga,False,dga
gqdzererwyatanb.com,1,dga_cluster_41,dga,False,dga
telekomunikacni-klastr.net,0,tranco_benign,benign,False,benign
sisterappearweighwatchdog.site,1,dga_cluster_43,dga,False,dga
fannjykgztednh.com,1,dga_cluster_44,dga,False,dga
bluebox-cms.net,0,tranco_benign,benign,False,benign
api.papirny-bela.io,0,tranco_benign,benign,False,benign
girlinflorence.com,0,tranco_benign,benign,False,benign
96-6-40-157.bc.googleusercontent.com,0,benign_cloud_instance,benign,True,benign
pamafykq.tunnel-biz.biz,2,original_hex_tunnel,original_tunnel,False,dns_tunnel
startx.com,0,tranco_benign,benign,False,benign
0ieb1pdnggyhambygkyfq0f44tqhayd1g0a2xaarrgebtx0kbbddz2tf01tyaa.tunnel-org.org,2,original_hex_tunnel,original_tunnel,False,dns_tunnel
mkxpfordlinnetavox.com,1,dga_cluster_42,dga,False,dga
textassumeaffordmarketfinance.com,1,dga_cluster_40,dga,False,dga
blog.ispirt.net,0,tranco_benign,benign,False,benign
svnkit.com,0,tranco_benign,benign,False,benign
leathernori.online,0,tranco_benign,benign,False,benign
4eppozh8edp2redeim.co,1,dga_cluster_44,dga,False,dga
mondenissin.co,0,tranco_benign,benign,False,benign
gwhrmachuslazaroqok.com,1,dga_cluster_40,dga,False,dga
blog.axiscam.biz,0,tranco_benign,benign,False,benign
armgatherfixserviceneckdetermine.com,1,dga_cluster_41,dga,False,dga
auth8.5rhcrkjh59exr5dsr5iw5h02l8fwi84v590vlbh.tunnel-sec.biz,2,lab_dns2tcp,dns2tcp,True,dns_tunnel
13.95.81.13.in-addr.arpa,0,benign_reverse_dns,benign,True,benign
v4.e4zfe33kdqchj2gm3kt3.plpvbtj7jfaxhrfqtergbmmr.gbis4rgydzbbnnevnt22sqo.ns-data.io,2,lab_iodine,iodine,True,dns_tunnel
sasdev.com,0,tranco_benign,benign,False,benign
rcuh.com,0,tranco_benign,benign,False,benign
bmlarflf.com,1,dga_cluster_40,dga,False,dga
patentlyapple.net,0,tranco_benign,benign,False,benign
myboobs.com,0,tranco_benign,benign,False,benign
auth1.22y8dornud3lm3i37ywlg1dr6f9pwieaxyxs.dns-exfil.net,2,lab_dns2tcp,dns2tcp,True,dns_tunnel
jocuri-pacanele.net,0,tranco_benign,benign,False,benign
betsmart.com,0,tranco_benign,benign,False,benign
nhbhererwyatanb.com,1,dga_cluster_41,dga,False,dga
pjtipartbulkyf.com,1,dga_cluster_40,dga,False,dga
pamafwtq.tunnel-com.com,2,original_hex_tunnel,original_tunnel,False,dns_tunnel
cdn.ralphs.io,0,tranco_benign,benign,False,benign
179-236-105-207.bc.googleusercontent.com,0,benign_cloud_instance,benign,True,benign
85c001c8caeb3b0458c65000b36d125b56.tunnel-net.net,2,original_hex_tunnel,original_tunnel,False,dns_tunnel
srv.zib3uc7y4tr6365gnqrxofpxrem5llqfd3a4.dns-exfil.net,2,lab_iodine,iodine,True,dns_tunnel
auth3.1f2q945r9hqyhqzxqzb03bape22r9z6y2ryt6pl9k2k62dzeq.tunnel-sec.biz,2,lab_dns2tcp,dns2tcp,True,dns_tunnel
penneshop.net,0,tranco_benign,benign,False,benign
mcnjfordlinnetavox.site,1,dga_cluster_42,dga,False,dga
umtpfordlinnetavox.online,1,dga_cluster_42,dga,False,dga
deadearth.com,1,dga_cluster_40,dga,False,dga
variasmanualidades.io,0,tranco_benign,benign,False,benign
gqntfordlinnetavox.org,1,dga_cluster_42,dga,False,dga
build-4dc26b52911f880.pages.dev,0,benign_hex_service,benign,True,benign
zpnnfordlinnetavox.com,1,dga_cluster_42,dga,False,dga
cilichilli.co,0,tranco_benign,benign,False,benign
a74-219-172-141.deploy.static.akamaitechnologies.com,0,benign_cdn,benign,True,benign
a46-199-4-162.deploy.static.akamaitechnologies.com,0,benign_cdn,benign,True,benign
dnscat.3f76dfd7.720de8f1e1faac3234f8b37891d79ccd56f4ae9b4cff.dns-exfil.net,2,lab_dnscat2,dnscat2,True,dns_tunnel
bfokfordlinnetavox.com,1,dga_cluster_42,dga,False,dga
rtkmfordlinnetavox.org,1,dga_cluster_42,dga,False,dga
ttvunzarntba.com,1,dga_cluster_40,dga,False,dga
dev.campustelevideo.net,0,tranco_benign,benign,False,benign
a.oud6bi7ozklpz63642uc375duzekicnbvvlto.ybbzgaaulmzngy3ontmoa7ugnjfzl.lab-tunnel.org,2,lab_iodine,iodine,True,dns_tunnel
auth0.jh4w3uro7lldmkqzu634q19k906wvyzpvlbr043fo.lab-tunnel.org,2,lab_dns2tcp,dns2tcp,True,dns_tunnel
yglxmachuslazaroqok.com,1,dga_cluster_40,dga,False,dga
jbstavebni.org,0,tranco_benign,benign,False,benign
sortseemlandscapegatherrepair.com,1,dga_cluster_41,dga,False,dga
shop.viajeromagico.com,0,tranco_benign,benign,False,benign
tdtbererwyatanb.info,1,dga_cluster_41,dga,False,dga
hjqepartbulkyf.com,1,dga_cluster_40,dga,False,dga
shop.ovcivlna.com,0,tranco_benign,benign,False,benign
auth6.doz1emn4tvcrwnx0tmpgb4sp37fzf.tunnel-poc.com,2,lab_dns2tcp,dns2tcp,True,dns_tunnel
dnscat.d21d842e.26a695e24e78322f72b0af1337bb2c36390034b24435ff6a6b1f.tunnel-poc.com,2,lab_dnscat2,dnscat2,True,dns_tunnel
wqnpfordlinnetavox.xyz,1,dga_cluster_42,dga,False,dga
build-c65f154c417c.pages.dev,0,benign_hex_service,benign,True,benign
jdxapartbulkyf.com,1,dga_cluster_40,dga,False,dga
collegearound.cc,1,dga_cluster_40,dga,False,dga
build-57ef9041b0.azurewebsites.net,0,benign_hex_service,benign,True,benign
vasiluv-rubas.top,0,tranco_benign,benign,False,benign
auth.kalyanhadooptraining.biz,0,tranco_benign,benign,False,benign
ashwpartbulkyf.com,1,dga_cluster_40,dga,False,dga
wpv.net,0,tranco_benign,benign,False,benign
pixelbox.com,0,tranco_benign,benign,False,benign
build-0e2b1e82.github.io,0,benign_hex_service,benign,True,benign
tradertwit.com,0,tranco_benign,benign,False,benign
mohtavaonline.info,0,tranco_benign,benign,False,benign
dnscat.29a3f20b.48c76e42a17e9f28b23bf673e9ce9a46056893c76153b533.tunnel-sec.biz,2,lab_dnscat2,dnscat2,True,dns_tunnel
lad3npmvaou2nh5y4bozdg0z213nlv5a.tunnel-com.com,2,original_hex_tunnel,original_tunnel,False,dns_tunnel
bvtisagabardinedazyx.com,1,dga_cluster_44,dga,False,dga
0ahaopdnggyhambygkybqgfwhaydqmd30zsbfydeajremonlqrrwyfbtdyc0z4.tunnel-biz.biz,2,original_hex_tunnel,original_tunnel,False,dns_tunnel
thietkenoithatdep.xyz,0,tranco_benign,benign,False,benign
5fef01c8cafc6d81d85b4b006a0c547116.tunnel-org.org,2,original_hex_tunnel,original_tunnel,False,dns_tunnel
greencardlawyers.com,0,tranco_benign,benign,False,benign
auth0.wl2my4pljvlu1olp2lcpcfrovxcm.tunnel-sec.biz,2,lab_dns2tcp,dns2tcp,True,dns_tunnel
rpbcpartbulkyf.com,1,dga_cluster_40,dga,False,dga
build-74a76c4b12cf528d.gitlab.io,0,benign_hex_service,benign,True,benign
eaqaererwyatanb.online,1,dga_cluster_41,dga,False,dga
formnetworkbluetunetelldiscover.com,1,dga_cluster_42,dga,False,dga
amateurbusters.org,0,tranco_benign,benign,False,benign
m.travailler-a-domicile.com,0,tranco_benign,benign,False,benign
124.77.92.164.in-addr.arpa,0,benign_reverse_dns,benign,True,benign
shop.wise-wolf.org,0,tranco_benign,benign,False,benign
cdn.msrt.com,0,tranco_benign,benign,False,benign
youwecan.com,0,tranco_benign,benign,False,benign
nzgaererwyatanb.me,1,dga_cluster_41,dga,False,dga
auth1.7lvthgl8mq1ukcxmxbet86ti8y1162eyhj.tunnel-poc.com,2,lab_dns2tcp,dns2tcp,True,dns_tunnel
drckfordlinnetavox.site,1,dga_cluster_42,dga,False,dga
rbsdental.net,0,tranco_benign,benign,False,benign
aquwsagabardinedazyx.co,1,dga_cluster_44,dga,False,dga
build-d9a99257.pages.dev,0,benign_hex_service,benign,True,benign
cartoonreality.com,0,tranco_benign,benign,False,benign
habitshelterbreakestimate.top,1,dga_cluster_43,dga,False,dga
dhmwfordlinnetavox.info,1,dga_cluster_42,dga,False,dga
paaim2ai.tunnel-org.org,2,original_hex_tunnel,original_tunnel,False,dns_tunnel
edgdemnmbqoj.com,1,dga_cluster_44,dga,False,dga
e64e01f64058087be8e046003443cc93b4.tunnel-com.com,2,original_hex_tunnel,original_tunnel,False,dns_tunnel
urgentcarelocations.com,0,tranco_benign,benign,False,benign
redkeepseekexposeclubmanage.com,1,dga_cluster_44,dga,False,dga
null.zsf3ohorw3viv4xw2mric.zr7iiqmy7vauzxy352tpjlwy5pquggyaja6uyknpbbh2.kszc2apchlerh43h7vpvyjidm5qdni.ns-data.io,2,lab_iodine,iodine,True,dns_tunnel
mexatk.xyz,0,tranco_benign,benign,False,benign
m.phpexplorer.com,0,tranco_benign,benign,False,benign
indiaexpress.org,0,tranco_benign,benign,False,benign
respax.net,0,tranco_benign,benign,False,benign
auth5.6qgkwg9fykdv5d1qj1lqr2hepz.tunnel-poc.com,2,lab_dns2tcp,dns2tcp,True,dns_tunnel
cdn-cache-88d60529.cf-ipfs.com,0,benign_cdn,benign,True,benign
nforce.com,0,tranco_benign,benign,False,benign
build-4a834ae9226.github.io,0,benign_hex_service,benign,True,benign
symbols-n-emoticons.com,0,tranco_benign,benign,False,benign
pacesplitreviewassociate.cc,1,dga_cluster_43,dga,False,dga
vm-prod-8c85e24a.westeurope.cloudapp.azure.com,0,benign_cloud_instance,benign,True,benign
msaisagabardinedazyx.com,1,dga_cluster_44,dga,False,dga
sveika.me,0,tranco_benign,benign,False,benign
1u0btti.tunnel-io.io,2,original_hex_tunnel,original_tunnel,False,dns_tunnel
ofertaono.site,0,tranco_benign,benign,False,benign
c06c35ec61dd3db0cfd0422073072a70d41.ns-data.io,2,lab_dnscat2,dnscat2,True,dns_tunnel
tattoo-unity.net,0,tranco_benign,benign,False,benign
kovozoo.co,0,tranco_benign,benign,False,benign
shop.lubartow24.com,0,tranco_benign,benign,False,benign
auth3.ffjlz0h63sm2mde4f9wgc4jyr50t6w2osg7owp.lab-tunnel.org,2,lab_dns2tcp,dns2tcp,True,dns_tunnel
arrivalholdblindweighsugar.com,1,dga_cluster_40,dga,False,dga
bestbus.net,0,tranco_benign,benign,False,benign
dnscat.71e8f629.870eb5b44de58af9870461fe40f8385fdf251034af03f573a93da9b.tunnel-sec.biz,2,lab_dnscat2,dnscat2,True,dns_tunnel
taschenteilchen.xyz,0,tranco_benign,benign,False,benign
auth.ericselectronics.com,0,tranco_benign,benign,False,benign
bvsfsagabardinedazyx.com,1,dga_cluster_44,dga,False,dga
voyageursdumonde.io,0,tranco_benign,benign,False,benign
mediamilitia.net,0,tranco_benign,benign,False,benign
uonopartbulkyf.com,1,dga_cluster_40,dga,False,dga
blog.vincethys.com,0,tranco_benign,benign,False,benign
drawerlectureridevaryresult.net,1,dga_cluster_43,dga,False,dga
static.meetmeatmikes.net,0,tranco_benign,benign,False,benign
build-04a3883afdb90.vercel.app,0,benign_hex_service,benign,True,benign
zcsol.com,0,tranco_benign,benign,False,benign
auth5.6pq9z4br9xpmwlec8506i7gg98cgy31lcyxpydxiquk4x.dns-exfil.net,2,lab_dns2tcp,dns2tcp,True,dns_tunnel
login.smpgame.info,0,tranco_benign,benign,False,benign
fasada-levne.com,0,tranco_benign,benign,False,benign
bbodererwyatanb.co,1,dga_cluster_41,dga,False,dga
anan-av.top,0,tranco_benign,benign,False,benign
rtvdata.org,0,tranco_benign,benign,False,benign
letterheadfonts.io,0,tranco_benign,benign,False,benign
mail.fashionsweek.com,0,tranco_benign,benign,False,benign
d8d894330d3d4fb.cloudfront.net,0,benign_cdn,benign,True,benign
listacuriosa.com,0,tranco_benign,benign,False,benign
ec2-72-129-231-96.compute-1.amazonaws.com,0,benign_cloud_instance,benign,True,benign
ecoclimagroup.io,0,tranco_benign,benign,False,benign
32b601f059293148103a5200677283781b.tunnel-com.com,2,original_hex_tunnel,original_tunnel,False,dns_tunnel
framereturnperfectsailadmire.xyz,1,dga_cluster_41,dga,False,dga
pabajiva.tunnel-io.io,2,original_hex_tunnel,original_tunnel,False,dns_tunnel
ceske-obrazy.com,0,tranco_benign,benign,False,benign
dwslautech.net,0,tranco_benign,benign,False,benign
xlztsagabardinedazyx.com,1,dga_cluster_44,dga,False,dga
d8945f5f4f47e25.cloudfront.net,0,benign_cdn,benign,True,benign
svezhie-novosti.com,0,tranco_benign,benign,False,benign
suryadental.com,0,tranco_benign,benign,False,benign
auth2.gcisf4hpxhcng9w7wwpf7paocmwg.tunnel-poc.com,2,lab_dns2tcp,dns2tcp,True,dns_tunnel
snowboarders.com,0,tranco_benign,benign,False,benign
havirovskyflorbal.com,0,tranco_benign,benign,False,benign
201.54.228.31.in-addr.arpa,0,benign_reverse_dns,benign,True,benign
paaylb5a.tunnel-site.site,2,original_hex_tunnel,original_tunnel,False,dns_tunnel
cjraduharyfdbm.com,1,dga_cluster_40,dga,False,dga
cbseportal.io,0,tranco_benign,benign,False,benign
qqteiologistbikerepil.xyz,1,dga_cluster_43,dga,False,dga
beverlyhillsphysicians.net,0,tranco_benign,benign,False,benign
mercon.com,0,tranco_benign,benign,False,benign
www.ogidiapix.com,0,tranco_benign,benign,False,benign
facebock.cc,0,tranco_benign,benign,False,benign
portal.hotelslanka.co,0,tranco_benign,benign,False,benign
collaboriamo.com,0,tranco_benign,benign,False,benign
9ee63b7a60a033580384b99161e2d8875c78cb8b95a7f1c4e7c54ff3f225defe152.ns-data.io,2,lab_dnscat2,dnscat2,True,dns_tunnel
auth.i51fu.info,0,tranco_benign,benign,False,benign
seekube.org,0,tranco_benign,benign,False,benign
mail.2monkeys.com,0,tranco_benign,benign,False,benign
diarwfrs.com,1,dga_cluster_40,dga,False,dga
gradmoneymatters.xyz,0,tranco_benign,benign,False,benign
racelimitedresultfanaccount.io,1,dga_cluster_43,dga,False,dga
cobisi.com,0,tranco_benign,benign,False,benign
2b0401c8ca1cc97ddb436800dec610fa1e.tunnel-com.com,2,original_hex_tunnel,original_tunnel,False,dns_tunnel
login.canet.org,0,tranco_benign,benign,False,benign
mochileiro.com,0,tranco_benign,benign,False,benign
auth4.lljcjyc37smqq8u8855cx96o0xv4opcj4nju6e.dns-exfil.net,2,lab_dns2tcp,dns2tcp,True,dns_tunnel
csyyfcedfbctkahhhlr.com,1,dga_cluster_44,dga,False,dga
kiet.com,0,tranco_benign,benign,False,benign
xlhemachuslazaroqok.com,1,dga_cluster_40,dga,False,dga
famousmuslimastrologer.io,0,tranco_benign,benign,False,benign
indicedesaude.com,0,tranco_benign,benign,False,benign
hmmeduirwxyu.com,1,dga_cluster_44,dga,False,dga
a.ot2y5czgleyx7t7xirsy62r4c34nmnxuwoc53k5wga.lab-tunnel.org,2,lab_iodine,iodine,True,dns_tunnel
auth.welcomerr.info,0,tranco_benign,benign,False,benign
shop.fitx.online,0,tranco_benign,benign,False,benign
dev.profilplus.com,0,tranco_benign,benign,False,benign
internetkhabar.com,0,tranco_benign,benign,False,benign
backbonejs.top,0,tranco_benign,benign,False,benign
marianfriedl.com,0,tranco_benign,benign,False,benign
katolickaseznamka.com,0,tranco_benign,benign,False,benign
shop.pureinsideout.site,0,tranco_benign,benign,False,benign
mayduavongtudong.org,0,tranco_benign,benign,False,benign
login.extreme-sensio.info,0,tranco_benign,benign,False,benign
db2b3d8f1a35b85.cloudfront.net,0,benign_cdn,benign,True,benign
portal.forum-invaders.online,0,tranco_benign,benign,False,benign
www.faprokop.net,0,tranco_benign,benign,False,benign
hiroba.com,0,tranco_benign,benign,False,benign
garenatotal.net,0,tranco_benign,benign,False,benign
a.tdybjeotwdas5wzhxqfpp63wkme3hirmonn5u.ns-data.io,2,lab_iodine,iodine,True,dns_tunnel
tbslererwyatanb.net,1,dga_cluster_41,dga,False,dga
shop.wedresearch.com,0,tranco_benign,benign,False,benign
shop.sr-online.com,0,tranco_benign,benign,False,benign
candidatereceivepraysmile.cc,1,dga_cluster_41,dga,False,dga
api.hollymccaig.com,0,tranco_benign,benign,False,benign
htavpartbulkyf.com,1,dga_cluster_40,dga,False,dga
audioht.com,0,tranco_benign,benign,False,benign
dekhoprice.net,0,tranco_benign,benign,False,benign
watchonlinefree.top,0,tranco_benign,benign,False,benign
sodecinet.me,0,tranco_benign,benign,False,benign
3maadpdnggyhambygkybytqz2dambkfilbg0lqci5l5p55455mp1fz3qvrl4i3.tunnel-org.org,2,original_hex_tunnel,original_tunnel,False,dns_tunnel
vhjtererwyatanb.com,1,dga_cluster_41,dga,False,dga
cdn-cache-a568e788.cf-ipfs.com,0,benign_cdn,benign,True,benign
gfisk.com,0,tranco_benign,benign,False,benign
fblogin.xyz,0,tranco_benign,benign,False,benign
harubrpw.com,1,dga_cluster_40,dga,False,dga
ideonomia.info,0,tranco_benign,benign,False,benign
dhuyfordlinnetavox.net,1,dga_cluster_42,dga,False,dga
impressionlecturespreaddistance.xyz,1,dga_cluster_43,dga,False,dga
yanlmachuslazaroqok.com,1,dga_cluster_40,dga,False,dga
auth9.t5cfde3g5pjbltcqrw8vfjtszgbk5nml9lioinr9ids2r.ns-data.io,2,lab_dns2tcp,dns2tcp,True,dns_tunnel
npidoctors.com,0,tranco_benign,benign,False,benign
peletovaci-lisy.com,0,tranco_benign,benign,False,benign
gcrhererwyatanb.com,1,dga_cluster_41,dga,False,dga
www.popcornopolis.pro,0,tranco_benign,benign,False,benign
static.valentinesdayshayari2016.net,0,tranco_benign,benign,False,benign
tfmrfordlinnetavox.org,1,dga_cluster_42,dga,False,dga
btukfordlinnetavox.site,1,dga_cluster_42,dga,False,dga
a99-145-8-78.deploy.static.akamaitechnologies.com,0,benign_cdn,benign,True,benign
oiiypartbulkyf.com,1,dga_cluster_40,dga,False,dga
rpissagabardinedazyx.com,1,dga_cluster_44,dga,False,dga
blog.ieltstrainer.com,0,tranco_benign,benign,False,benign
shamesoundshalltruckreward.com,1,dga_cluster_40,dga,False,dga
55-12-136-200.bc.googleusercontent.com,0,benign_cloud_instance,benign,True,benign
gixlsagabardinedazyx.com,1,dga_cluster_44,dga,False,dga
hlasujavyhraj.pro,0,tranco_benign,benign,False,benign
yummyanime.info,0,tranco_benign,benign,False,benign
girllecturegapriskadaptpleasure.site,1,dga_cluster_43,dga,False,dga
www.pelvicpainrehab.site,0,tranco_benign,benign,False,benign
hjvspartbulkyf.com,1,dga_cluster_40,dga,False,dga
vm-prod-35ed59a2.westeurope.cloudapp.azure.com,0,benign_cloud_instance,benign,True,benign
piratskastranka.com,0,tranco_benign,benign,False,benign
cwvvfordlinnetavox.com,1,dga_cluster_42,dga,False,dga
a.quwrz7yf4iby5oy6b5vz6cwuxs4k7sazsevisojtn.lab-tunnel.org,2,lab_iodine,iodine,True,dns_tunnel
b6955081a717db743939ddfa4bcbeac44c96.tunnel-sec.biz,2,lab_dnscat2,dnscat2,True,dns_tunnel
mcbjoiwbhhnledflx.com,1,dga_cluster_44,dga,False,dga
birdbreeders.com,0,tranco_benign,benign,False,benign
presentaci.com,0,tranco_benign,benign,False,benign
tlkppartbulkyf.com,1,dga_cluster_40,dga,False,dga
prolotto.com,0,tranco_benign,benign,False,benign
z4hitq1vkd40n1wo9h4s14x7edw.com,1,dga_cluster_44,dga,False,dga
login.viachicago.com,0,tranco_benign,benign,False,benign
bigbityrock.cc,0,tranco_benign,benign,False,benign
wishmalokaya.com,0,tranco_benign,benign,False,benign
36.191.36.200.in-addr.arpa,0,benign_reverse_dns,benign,True,benign
dnscat.35205d13.c5ad4ecf38aee0769cbd44db4e083bc05a9a2c96d43ead5d8.tunnel-sec.biz,2,lab_dnscat2,dnscat2,True,dns_tunnel
7cf901ce43d8865c9e614f010ae5d360b1.tunnel-com.com,2,original_hex_tunnel,original_tunnel,False,dns_tunnel
pdfziel.xyz,0,tranco_benign,benign,False,benign
mail.embluemail.com,0,tranco_benign,benign,False,benign
koltsagabardinedazyx.com,1,dga_cluster_44,dga,False,dga
shop.lecirque.com,0,tranco_benign,benign,False,benign
newdemoonlinecloud.com,0,tranco_benign,benign,False,benign
yardprogressassociategarden.io,1,dga_cluster_43,dga,False,dga
ykfafordlinnetavox.biz,1,dga_cluster_42,dga,False,dga
server314.cc,0,tranco_benign,benign,False,benign
bpicards.com,0,tranco_benign,benign,False,benign
sobikamada.net,0,tranco_benign,benign,False,benign
pagina66.com,0,tranco_benign,benign,False,benign
beautyff.com,0,tranco_benign,benign,False,benign
jsidre.com,0,tranco_benign,benign,False,benign
exim4u.com,0,tranco_benign,benign,False,benign
rbydfordlinnetavox.site,1,dga_cluster_42,dga,False,dga
iicaadmissions.net,0,tranco_benign,benign,False,benign
cafefordlinnetavox.org,1,dga_cluster_42,dga,False,dga
vneopartbulkyf.com,1,dga_cluster_40,dga,False,dga
iaqwsagabardinedazyx.com,1,dga_cluster_44,dga,False,dga
28gowragbgxc0lojjc2yuw86j84hxt0tbksruiod2qzmfmnq182qyqbhjk-js5nn.tunnel-info.info,2,original_hex_tunnel,original_tunnel,False,dns_tunnel
youthoccasioncowarguecreate.net,1,dga_cluster_43,dga,False,dga
build-86b52d6eb8bd.github.io,0,benign_hex_service,benign,True,benign
dvubfordlinnetavox.net,1,dga_cluster_42,dga,False,dga
agentachieve.com,0,tranco_benign,benign,False,benign
mmhyererwyatanb.xyz,1,dga_cluster_41,dga,False,dga
race-shop.com,0,tranco_benign,benign,False,benign
gghvsagabardinedazyx.com,1,dga_cluster_44,dga,False,dga
api.viettelquangngai.biz,0,tranco_benign,benign,False,benign
cceddhjjmtko.com,1,dga_cluster_44,dga,False,dga
karnatakavarthe.net,0,tranco_benign,benign,False,benign
dc9a8ccad6c8489.cloudfront.net,0,benign_cdn,benign,True,benign
a8b901c8ca4ff920eb652700a5d7491a18.tunnel-xyz.xyz,2,original_hex_tunnel,original_tunnel,False,dns_tunnel
kist.com,0,tranco_benign,benign,False,benign
remouse.org,0,tranco_benign,benign,False,benign
jpaearf.com,1,dga_cluster_40,dga,False,dga
cohhsagabardinedazyx.com,1,dga_cluster_44,dga,False,dga
xn--ccklw4b8b5b8h1eu466a94ud.com,0,tranco_benign,benign,False,benign
dnscat.5444b8dc.90be7b42944f3fb09463e8ea504.ns-data.io,2,lab_dnscat2,dnscat2,True,dns_tunnel
bfnoererwyatanb.top,1,dga_cluster_41,dga,False,dga
auth.bethpagecc.io,0,tranco_benign,benign,False,benign
baza-artistov.net,0,tranco_benign,benign,False,benign
bboyvsqgrfoyiedpxshkc.com,1,dga_cluster_44,dga,False,dga
2qcappdnggyhambygkyai3gkhiydqmcoj1.tunnel-com.com,2,original_hex_tunnel,original_tunnel,False,dns_tunnel
cupkneeappreciatestoreexercise.top,1,dga_cluster_43,dga,False,dga
b.7.9.0.8.2.d.e.f.5.3.2.0.e.6.f.ip6.arpa,0,benign_reverse_dns,benign,True,benign
prod-cdn-412.global.ssl.fastly.net,0,benign_cdn,benign,True,benign
cotap.com,0,tranco_benign,benign,False,benign
nhadatso.com,0,tranco_benign,benign,False,benign
ec2-87-79-85-29.compute-1.amazonaws.com,0,benign_cloud_instance,benign,True,benign
fpfmmachuslazaroqok.co,1,dga_cluster_40,dga,False,dga
serviceseeminterestpooltree.pro,1,dga_cluster_43,dga,False,dga
pamaaspy.tunnel-org.org,2,original_hex_tunnel,original_tunnel,False,dns_tunnel
0jaa1truhmwlvvwuz5kb3yitexrvpl4puhaykjjlbh1r2yc3p2aq1qjyymgnqm.tunnel-com.com,2,original_hex_tunnel,original_tunnel,False,dns_tunnel
envigroup.com,0,tranco_benign,benign,False,benign
nlilmachuslazaroqok.com,1,dga_cluster_40,dga,False,dga
www.chaty-chalupy-dovolena-leto.top,0,tranco_benign,benign,False,benign
meeyfordlinnetavox.net,1,dga_cluster_42,dga,False,dga
hisse-et-oh.info,0,tranco_benign,benign,False,benign
0utaz1mna2egfeaqcqjbmeivcmlrbfess0izl.tunnel-net.net,2,original_hex_tunnel,original_tunnel,False,dns_tunnel
habertuar.com,0,tranco_benign,benign,False,benign
login.abcdata.com,0,tranco_benign,benign,False,benign
yanlsagabardinedazyx.com,1,dga_cluster_44,dga,False,dga
mail.alamatbank.com,0,tranco_benign,benign,False,benign
mil-freaks.com,0,tranco_benign,benign,False,benign
m.sluzbypostizenym.com,0,tranco_benign,benign,False,benign
featurenamedistributefirm.net,1,dga_cluster_43,dga,False,dga
68d401f05921cb92f2a8350071a9908243.tunnel-net.net,2,original_hex_tunnel,original_tunnel,False,dns_tunnel
sitetrafficagent.io,0,tranco_benign,benign,False,benign
hejtmankovice.com,0,tranco_benign,benign,False,benign
marketearnshowerinterested.me,1,dga_cluster_43,dga,False,dga
atypklic.co,0,tranco_benign,benign,False,benign
v4.phg62kez2mxloaurhiytheccbqoo2ltoxe3i.ns-data.io,2,lab_iodine,iodine,True,dns_tunnel
porncums.com,0,tranco_benign,benign,False,benign
umzeererwyatanb.info,1,dga_cluster_41,dga,False,dga
spygear.com,0,tranco_benign,benign,False,benign
oikqpartbulkyf.com,1,dga_cluster_40,dga,False,dga
dirttreatattractalarmclaim.com,1,dga_cluster_40,dga,False,dga
traumschwinger.top,0,tranco_benign,benign,False,benign
angusj.net,0,tranco_benign,benign,False,benign
www.servisnissanspraha.top,0,tranco_benign,benign,False,benign
m.dragenenzo.xyz,0,tranco_benign,benign,False,benign
squarechargemetalgroundposition.co,1,dga_cluster_40,dga,False,dga
a119-66-229-121.deploy.static.akamaitechnologies.com,0,benign_cdn,benign,True,benign
0yeajpdnggyhambygkyai4e3ojqhayb2pgcexaarrgebtoiycysbuhpe2bgs4w.tunnel-org.org,2,original_hex_tunnel,original_tunnel,False,dns_tunnel
drevene-sachy.info,0,tranco_benign,benign,False,benign
agrypartbulkyf.com,1,dga_cluster_40,dga,False,dga
portal.magezinepublishing.com,0,tranco_benign,benign,False,benign
m.okeanelzy.info,0,tranco_benign,benign,False,benign
build-5be9983d99e1554.gitlab.io,0,benign_hex_service,benign,True,benign
tentorium.me,0,tranco_benign,benign,False,benign
yortererwyatanb.com,1,dga_cluster_41,dga,False,dga
auth.fa13.com,0,tranco_benign,benign,False,benign
powerfullmachines.xyz,0,tranco_benign,benign,False,benign
swrvfordlinnetavox.io,1,dga_cluster_42,dga,False,dga
45mwubjdh8_rdmtjk1plqtm0jhdgqzcah3t0ssid6a-ah5-ntjlnr59ntskzqwy2o.tunnel-com.com,2,original_hex_tunnel,original_tunnel,False,dns_tunnel
dev.lodenavode.info,0,tranco_benign,benign,False,benign
delnak.com,0,tranco_benign,benign,False,benign
vaclavpech.net,0,tranco_benign,benign,False,benign
200.69.145.221.in-addr.arpa,0,benign_reverse_dns,benign,True,benign
sowefund.org,0,tranco_benign,benign,False,benign
edbflsrqpuex.com,1,dga_cluster_44,dga,False,dga
pussyjams.com,0,tranco_benign,benign,False,benign
americkeautodily.com,0,tranco_benign,benign,False,benign
kggavshwdhfeddvpvyx.com,1,dga_cluster_44,dga,False,dga
prod-cdn-247.global.ssl.fastly.net,0,benign_cdn,benign,True,benign
ecsefordlinnetavox.io,1,dga_cluster_42,dga,False,dga
ibatrademart.top,0,tranco_benign,benign,False,benign
poeea.org,0,tranco_benign,benign,False,benign
pamafvgq.tunnel-net.net,2,original_hex_tunnel,original_tunnel,False,dns_tunnel
maresagabardinedazyx.com,1,dga_cluster_44,dga,False,dga
build-b14d9a18ba.pages.dev,0,benign_hex_service,benign,True,benign
dvmb-forum.com,0,tranco_benign,benign,False,benign
demandestimatecalculatestaff.net,1,dga_cluster_43,dga,False,dga
auth1.9o7t17cgbrukkm1px8npqy1bwfay9jny1gxptoryw.ns-data.io,2,lab_dns2tcp,dns2tcp,True,dns_tunnel
callsmehome.org,0,tranco_benign,benign,False,benign
1jabhgmdqapwbbt4a.tunnel-com.com,2,original_hex_tunnel,original_tunnel,False,dns_tunnel
1ctrzy0lb9ila17rparak3xjm5.com,1,dga_cluster_40,dga,False,dga
vaaaakawnuu.tunnel-info.info,2,original_hex_tunnel,original_tunnel,False,dns_tunnel
notosnet.com,0,tranco_benign,benign,False,benign
euajans.net,0,tranco_benign,benign,False,benign
urofrance.com,0,tranco_benign,benign,False,benign
www.pelodesign.site,0,tranco_benign,benign,False,benign
0bfb2ca7fcac24d44c32c750c858bd94c.ns-data.io,2,lab_dnscat2,dnscat2,True,dns_tunnel
0a3bga5tibraztgm3salf3yfjo.tunnel-co.co,2,original_hex_tunnel,original_tunnel,False,dns_tunnel
vlenererwyatanb.net,1,dga_cluster_41,dga,False,dga
auth7.31yztlntvle9finkfend1ba9dj13syr.dns-exfil.net,2,lab_dns2tcp,dns2tcp,True,dns_tunnel
nsvrc.com,0,tranco_benign,benign,False,benign
portal.doge2048.com,0,tranco_benign,benign,False,benign
rbewpartbulkyf.com,1,dga_cluster_40,dga,False,dga
yolopido.com,0,tranco_benign,benign,False,benign
globeksa.com,0,tranco_benign,benign,False,benign
marketingdigitaltop.org,0,tranco_benign,benign,False,benign
cdn-cache-31e67448.cf-ipfs.com,0,benign_cdn,benign,True,benign
build-c655f7290.vercel.app,0,benign_hex_service,benign,True,benign
uqwgererwyatanb.com,1,dga_cluster_41,dga,False,dga
srv.xlglanea2unvgag6c.3tafnloes4fa5xtfgzl3uv7ot7v7ok5.oyj5mpoljdukf3mgcgomrawd.ns-data.io,2,lab_iodine,iodine,True,dns_tunnel
auth5.v1h2qshnt4qjp7d2o05g4c71iv13jt29t2nmfba.tunnel-poc.com,2,lab_dns2tcp,dns2tcp,True,dns_tunnel
vm-prod-4b797194.westeurope.cloudapp.azure.com,0,benign_cloud_instance,benign,True,benign
cdn.sapost.com,0,tranco_benign,benign,False,benign
auth2.4kneue24smpd28vicrd7dbkmea728cralh9t.dns-exfil.net,2,lab_dns2tcp,dns2tcp,True,dns_tunnel
netmasr.xyz,0,tranco_benign,benign,False,benign
f16001f05924db47a2096a005057dc565c.tunnel-net.net,2,original_hex_tunnel,original_tunnel,False,dns_tunnel
ioof.info,0,tranco_benign,benign,False,benign
vienna.com,0,tranco_benign,benign,False,benign
txjifordlinnetavox.info,1,dga_cluster_42,dga,False,dga
chocolatewakerefershelter.com,1,dga_cluster_41,dga,False,dga
4013eb7dbcd10e891e49a09acda836508036c2a7d73bf480ba90156abd6df.tunnel-poc.com,2,lab_dnscat2,dnscat2,True,dns_tunnel
bggcnwtmeddw.com,1,dga_cluster_44,dga,False,dga
dunlop.site,0,tranco_benign,benign,False,benign
cczhfordlinnetavox.top,1,dga_cluster_42,dga,False,dga
1n49ccaedtvbp61fh0k1w5cswc.com,1,dga_cluster_44,dga,False,dga
df7f5cfde95f4226082862942df5b7a.ns-data.io,2,lab_dnscat2,dnscat2,True,dns_tunnel
mail.laraveles.com,0,tranco_benign,benign,False,benign
30f9fb0d0229b096e34059e2b5529a57b5cc7.dns-exfil.net,2,lab_dnscat2,dnscat2,True,dns_tunnel
nationalcenter.com,0,tranco_benign,benign,False,benign
1n9u4pgnwi4octmm2lt1v9xaro.com,1,dga_cluster_40,dga,False,dga
srv.chfd3gxbxdc37dl6n4wffkh7d2p7pjb7rhdaq.fjnzyuwqn4arznkli7n2sr5lyfsgxfkw7gozh.gimr3liavitflf2zqfrz5gsjv2u272.ns-data.io,2,lab_iodine,iodine,True,dns_tunnel
iidcsagabardinedazyx.com,1,dga_cluster_44,dga,False,dga
wanheare.com,1,dga_cluster_40,dga,False,dga
82a600ae0c956e9c1a8d4200003b29e365a47b14429b111ba15572976aab.tunnel-online.online,2,original_hex_tunnel,original_tunnel,False,dns_tunnel
77.11.142.97.in-addr.arpa,0,benign_reverse_dns,benign,True,benign
ygresagabardinedazyx.com,1,dga_cluster_44,dga,False,dga
cheaperdeals.info,0,tranco_benign,benign,False,benign
smgmfordlinnetavox.com,1,dga_cluster_42,dga,False,dga
ycwdanarianaqh.com,1,dga_cluster_40,dga,False,dga
easyeasyapps.top,0,tranco_benign,benign,False,benign
letrasinquietas.com,0,tranco_benign,benign,False,benign
empornium.com,0,tranco_benign,benign,False,benign
aspca.com,0,tranco_benign,benign,False,benign
pamafwma.tunnel-com.com,2,original_hex_tunnel,original_tunnel,False,dns_tunnel
manbushijie.com,0,tranco_benign,benign,False,benign
iqqgpartbulkyf.com,1,dga_cluster_40,dga,False,dga
funzhouse.online,0,tranco_benign,benign,False,benign
prospermidia.com,0,tranco_benign,benign,False,benign
hrs.co,0,tranco_benign,benign,False,benign
auth2.z24iyve6xl9467vt3xnna0p8sy1f1pm0x9ay2151d7.ns-data.io,2,lab_dns2tcp,dns2tcp,True,dns_tunnel
1.d.e.e.d.5.3.3.f.4.8.c.5.f.5.5.ip6.arpa,0,benign_reverse_dns,benign,True,benign
gkv-spitzenverband.xyz,0,tranco_benign,benign,False,benign
rnicpartbulkyf.com,1,dga_cluster_40,dga,False,dga
uucqererwyatanb.top,1,dga_cluster_41,dga,False,dga
iqkwsagabardinedazyx.co,1,dga_cluster_44,dga,False,dga
nxogsagabardinedazyx.com,1,dga_cluster_44,dga,False,dga
magdakrepelkova.com,0,tranco_benign,benign,False,benign
seiwa-net.com,0,tranco_benign,benign,False,benign
myalabama.com,0,tranco_benign,benign,False,benign
hppimachuslazaroqok.com,1,dga_cluster_40,dga,False,dga
utimes.info,0,tranco_benign,benign,False,benign
sydneyaquarium.org,0,tranco_benign,benign,False,benign
e-carabin.top,0,tranco_benign,benign,False,benign
6.d.0.b.8.3.e.1.4.d.0.3.1.6.b.e.ip6.arpa,0,benign_reverse_dns,benign,True,benign
iemaererwyatanb.com,1,dga_cluster_41,dga,False,dga
feelgood-at-work.com,0,tranco_benign,benign,False,benign
srv.krp2wd2wnmdl7qbr677n3e52hfhb.5twlau6aun23ee2or.2evjsyozwpyn6tgyakkmkehdndhdnqmwxilnr.tunnel-poc.com,2,lab_iodine,iodine,True,dns_tunnel
weaknees.org,0,tranco_benign,benign,False,benign
lvimg.me,0,tranco_benign,benign,False,benign
ntrlpartbulkyf.com,1,dga_cluster_40,dga,False,dga
m.espoo.site,0,tranco_benign,benign,False,benign
geyjialaradiycj.com,1,dga_cluster_40,dga,False,dga
ckeden.org,0,tranco_benign,benign,False,benign
bfnvererwyatanb.com,1,dga_cluster_41,dga,False,dga
apartman-strbske-pleso.com,0,tranco_benign,benign,False,benign
pdvaqrtxarqbqo.com,1,dga_cluster_40,dga,False,dga
olesnice.com,0,tranco_benign,benign,False,benign
reverse-mortgage-america.com,0,tranco_benign,benign,False,benign
blkrfordlinnetavox.info,1,dga_cluster_42,dga,False,dga
e16e4cdd01c541f6025c929821fd3e6634524df2d7536.ns-data.io,2,lab_dnscat2,dnscat2,True,dns_tunnel
v4.u2mjctdwsux7uiqwbtdau6lolbvf.me5rsde7p4py2utohc3jwvlgo4ugbrjsesneko4msr7z.tunnel-sec.biz,2,lab_iodine,iodine,True,dns_tunnel
spiritualsingles.com,0,tranco_benign,benign,False,benign
xxx-position.co,0,tranco_benign,benign,False,benign
earypdidywqcdwjpt.com,1,dga_cluster_40,dga,False,dga
portal.samen.net,0,tranco_benign,benign,False,benign
cdn-cache-82f8da8f.cf-ipfs.com,0,benign_cdn,benign,True,benign
tniuererwyatanb.co,1,dga_cluster_41,dga,False,dga
1t2edph13hff0vj3wbfma6o5vr.com,1,dga_cluster_44,dga,False,dga
11eejj.net,0,tranco_benign,benign,False,benign
qwdsererwyatanb.info,1,dga_cluster_41,dga,False,dga
zhlzw.org,0,tranco_benign,benign,False,benign
build-63bf442a7.pages.dev,0,benign_hex_service,benign,True,benign
large-format-printers.info,0,tranco_benign,benign,False,benign
mbtasarim.com,0,tranco_benign,benign,False,benign
a105-120-208-20.deploy.static.akamaitechnologies.com,0,benign_cdn,benign,True,benign
oowomaniya.info,0,tranco_benign,benign,False,benign
mestaaobce.org,0,tranco_benign,benign,False,benign
xhaimachuslazaroqok.com,1,dga_cluster_40,dga,False,dga
api.thuduchouse.com,0,tranco_benign,benign,False,benign
9944722ae60171f01b33de872e81c803ef760c1c28c1c1767179b4e.lab-tunnel.org,2,lab_dnscat2,dnscat2,True,dns_tunnel
eadnererwyatanb.com,1,dga_cluster_41,dga,False,dga
kinotrain.net,0,tranco_benign,benign,False,benign
null.gr7g55ic2xi5nwc4dia5nxell5gqb6fx42x4wj.2d5jtaqjdref342fxu5jpoosn2l.26u5tod4d2skpatbthpimteu6b22tacfw.lab-tunnel.org,2,lab_iodine,iodine,True,dns_tunnel
interviewstablehesitatebike.xyz,1,dga_cluster_43,dga,False,dga
qimacros.net,0,tranco_benign,benign,False,benign
imgjizz.info,0,tranco_benign,benign,False,benign
pamafwei.tunnel-com.com,2,original_hex_tunnel,original_tunnel,False,dns_tunnel
taedhtglwjcoqm.com,1,dga_cluster_44,dga,False,dga
cdn.nmwpc.com,0,tranco_benign,benign,False,benign
build-6ae74f8bd2.vercel.app,0,benign_hex_service,benign,True,benign
asports.com,0,tranco_benign,benign,False,benign
gunhub.com,0,tranco_benign,benign,False,benign
5.2.57.236.in-addr.arpa,0,benign_reverse_dns,benign,True,benign
build-a6f94365f4b3.pages.dev,0,benign_hex_service,benign,True,benign
auth.promax-service.org,0,tranco_benign,benign,False,benign
aaiwpartbulkyf.com,1,dga_cluster_40,dga,False,dga
rtfxererwyatanb.com,1,dga_cluster_41,dga,False,dga
soosyo.me,0,tranco_benign,benign,False,benign
deutsche-wirtschafts-nachrichten.com,0,tranco_benign,benign,False,benign
auth5.ai15izfge8outhn1paa78u8m7p2eq8gxwv0da7u.ns-data.io,2,lab_dns2tcp,dns2tcp,True,dns_tunnel
fleetsp.com,0,tranco_benign,benign,False,benign
cdn.roll-bakery.net,0,tranco_benign,benign,False,benign
242-124-215-121.bc.googleusercontent.com,0,benign_cloud_instance,benign,True,benign
auth7.e2yhihmuljmeaecs7w99lnajj5f7ca48zx7qtqpjlt9aa8we.dns-exfil.net,2,lab_dns2tcp,dns2tcp,True,dns_tunnel
5da.com,0,tranco_benign,benign,False,benign
eifpfordlinnetavox.co,1,dga_cluster_42,dga,False,dga
fxlemachuslazaroqok.com,1,dga_cluster_40,dga,False,dga
redactarmejor.com,0,tranco_benign,benign,False,benign
instancemarkavoidcloudconflict.com,1,dga_cluster_40,dga,False,dga
0qdafpdnggyhambygkybqhfu4pqhayalj1tbfydeajremoovqiyykhmnjjj1oh.tunnel-com.com,2,original_hex_tunnel,original_tunnel,False,dns_tunnel
portal.panelservice.com,0,tranco_benign,benign,False,benign
static.prediksitogel.com,0,tranco_benign,benign,False,benign
0udaipdnggyhambygkyaifgwheydqmdomzqzfydeajremdqgiyhqonqgcyfzlk.tunnel-org.org,2,original_hex_tunnel,original_tunnel,False,dns_tunnel
veselyusmev.site,0,tranco_benign,benign,False,benign
shop.clothespaper.org,0,tranco_benign,benign,False,benign
xn--o9j0bk3kpb2dvp4cwd8db4721gp10a4jxn3qx54dm.online,0,tranco_benign,benign,False,benign
gukcfordlinnetavox.co,1,dga_cluster_42,dga,False,dga
d927d17900a9ea1870cd2af76770aaf46ff57a1f42581027.tunnel-poc.com,2,lab_dnscat2,dnscat2,True,dns_tunnel
v4.nodsucrfgds2qvyyivjg6.djs7fztfpuhef6bssrckx.x7tsoar3ielerjrz3yalewq3lctply4eve.lab-tunnel.org,2,lab_iodine,iodine,True,dns_tunnel
auth0.qiamdsgv4bub32ql4k0gomnk6lz6wjajowldyp.lab-tunnel.org,2,lab_dns2tcp,dns2tcp,True,dns_tunnel
pixel-gaming.biz,0,tranco_benign,benign,False,benign
cedtecvirtual.com,0,tranco_benign,benign,False,benign
build-2429a876ae.vercel.app,0,benign_hex_service,benign,True,benign
9ba9728438ab9208f6d6072da28f8c81516ca869ced3401348306cc.dns-exfil.net,2,lab_dnscat2,dnscat2,True,dns_tunnel
ec2-86-23-37-253.compute-1.amazonaws.com,0,benign_cloud_instance,benign,True,benign
gwall.net,0,tranco_benign,benign,False,benign
dops.com,0,tranco_benign,benign,False,benign
snipsly.com,0,tranco_benign,benign,False,benign
cdn-cache-a857715a.cf-ipfs.com,0,benign_cdn,benign,True,benign
seodiesel.com,0,tranco_benign,benign,False,benign
txt.v7sjbvfhs77podliawitjvtse.cykpe5ofeehdrkhi.ns-data.io,2,lab_iodine,iodine,True,dns_tunnel
develor.pro,0,tranco_benign,benign,False,benign
650d9d04f95fdce3782ffa6cd36228765c826bca3b67952b86a1702d2ff83.ns-data.io,2,lab_dnscat2,dnscat2,True,dns_tunnel
arte3ko.com,0,tranco_benign,benign,False,benign
tanecnihartmann.com,0,tranco_benign,benign,False,benign
6.2.7.c.0.c.3.6.1.b.8.4.5.6.a.1.ip6.arpa,0,benign_reverse_dns,benign,True,benign
3c7990e36bf6a94fa5f8f4e4920fe4ecd588f9fe326da4.dns-exfil.net,2,lab_dnscat2,dnscat2,True,dns_tunnel
jyy8p3rm2fkbliq3i61edcotd.com,1,dga_cluster_44,dga,False,dga
vm-prod-de39c1c5.westeurope.cloudapp.azure.com,0,benign_cloud_instance,benign,True,benign
null.ao2z7x66bhstv4kahhxahxouepg7bz6zfxtv.wtp5pkp45jgz5jtlw3hmlow.e42gcobvyey7rnlrqo.lab-tunnel.org,2,lab_iodine,iodine,True,dns_tunnel
zazakelysambatra.com,0,tranco_benign,benign,False,benign
pamafw5y.tunnel-com.com,2,original_hex_tunnel,original_tunnel,False,dns_tunnel
moana-surfrider.com,0,tranco_benign,benign,False,benign
kidsahoi.online,0,tranco_benign,benign,False,benign
6b3830466a5bc048eb6894ba648cadbb998e0cb428c5c179b.lab-tunnel.org,2,lab_dnscat2,dnscat2,True,dns_tunnel
monitorconcernedlimitedspirit.net,1,dga_cluster_43,dga,False,dga
maromtaulxipdo.com,1,dga_cluster_40,dga,False,dga
come4seo.site,0,tranco_benign,benign,False,benign
motorrad.top,0,tranco_benign,benign,False,benign
yfactorysoft.com,0,tranco_benign,benign,False,benign
mansitepridestayholenail.net,1,dga_cluster_43,dga,False,dga
tachifu.com,0,tranco_benign,benign,False,benign
build-49042c46821ac2.pages.dev,0,benign_hex_service,benign,True,benign
orientdekor.top,0,tranco_benign,benign,False,benign
zjzyfordlinnetavox.xyz,1,dga_cluster_42,dga,False,dga
chienchatetcompagnie.org,0,tranco_benign,benign,False,benign
paeapeoy.tunnel-com.com,2,original_hex_tunnel,original_tunnel,False,dns_tunnel
vashdosug.com,0,tranco_benign,benign,False,benign
reformadisimo.cc,0,tranco_benign,benign,False,benign
blog.artsauna.top,0,tranco_benign,benign,False,benign
voucherhive.me,0,tranco_benign,benign,False,benign
eetmecookies.io,0,tranco_benign,benign,False,benign
yearroofbabywordschedule.com,1,dga_cluster_44,dga,False,dga
htmfpartbulkyf.com,1,dga_cluster_40,dga,False,dga
americanalpineclub.biz,0,tranco_benign,benign,False,benign
ftxfererwyatanb.com,1,dga_cluster_41,dga,False,dga
auth.mavensearch.com,0,tranco_benign,benign,False,benign
spirituosen-superbillig.com,0,tranco_benign,benign,False,benign
kbgnujhdarpenr.com,1,dga_cluster_40,dga,False,dga
zdalererwyatanb.net,1,dga_cluster_41,dga,False,dga
gewerbeverzeichnis-deutschland.com,0,tranco_benign,benign,False,benign
auth5.a3nfs4djjs5jfh3z1zgndn0ce9yjnw20ffn4le7abl5ebe5y3qi.dns-exfil.net,2,lab_dns2tcp,dns2tcp,True,dns_tunnel
usxqsagabardinedazyx.co,1,dga_cluster_44,dga,False,dga
dropkickmedia.cc,0,tranco_benign,benign,False,benign
shop.clubventadirecta.co,0,tranco_benign,benign,False,benign
rfllererwyatanb.com,1,dga_cluster_41,dga,False,dga
624101ae0c8c7cf203a832000ecabc10e5.tunnel-com.com,2,original_hex_tunnel,original_tunnel,False,dns_tunnel
iymfanarianaqh.com,1,dga_cluster_40,dga,False,dga
monoweardesign.info,0,tranco_benign,benign,False,benign
qedokig.com,1,dga_cluster_44,dga,False,dga
digitalent.com,0,tranco_benign,benign,False,benign
rjsxfordlinnetavox.com,1,dga_cluster_42,dga,False,dga
auth.ledakarois.info,0,tranco_benign,benign,False,benign
exacttargetapps.com,0,tranco_benign,benign,False,benign
vm-prod-ae947fe5.westeurope.cloudapp.azure.com,0,benign_cloud_instance,benign,True,benign
ikkkererwyatanb.co,1,dga_cluster_41,dga,False,dga
whxy.net,0,tranco_benign,benign,False,benign
17.239.126.65.in-addr.arpa,0,benign_reverse_dns,benign,True,benign
wirelessairtime.com,0,tranco_benign,benign,False,benign
qyxusagabardinedazyx.com,1,dga_cluster_44,dga,False,dga
paaioz1a.tunnel-com.com,2,original_hex_tunnel,original_tunnel,False,dns_tunnel
v4.imbq2qvsmpjhxnmbqxb5j72oqmtnudmsz6v.onjjv2fma43irqvyv3llbsb33eilu5.lab-tunnel.org,2,lab_iodine,iodine,True,dns_tunnel
qwkifordlinnetavox.com,1,dga_cluster_42,dga,False,dga
8l_9lnyk8sxh-18cvyd_mrpiz4a-hsdk91cqiiui7d1v0zq_owfhivrlxdih6z6v.tunnel-biz.biz,2,original_hex_tunnel,original_tunnel,False,dns_tunnel
prod-cdn-922.global.ssl.fastly.net,0,benign_cdn,benign,True,benign
static.sellinggraphics.io,0,tranco_benign,benign,False,benign
auth1.45utk26yy6rcsqdjqg5bwpi258qgb86aiimywwh5k.ns-data.io,2,lab_dns2tcp,dns2tcp,True,dns_tunnel
activepr.io,0,tranco_benign,benign,False,benign
nzmlererwyatanb.xyz,1,dga_cluster_41,dga,False,dga
mqkqsagabardinedazyx.com,1,dga_cluster_44,dga,False,dga
helloccc.com,0,tranco_benign,benign,False,benign
build-1f2630d6c23.vercel.app,0,benign_hex_service,benign,True,benign
jacksonsd.com,0,tranco_benign,benign,False,benign
lvadsagabardinedazyx.com,1,dga_cluster_44,dga,False,dga
portal.2904192386692843423_ac80199f15f61ecda6fb0a1db.io,0,tranco_benign,benign,False,benign
vippsiskola.org,0,tranco_benign,benign,False,benign
auth6.lj25iscfl15dbxufxnnmf9gxpgy6cu6pd870.ns-data.io,2,lab_dns2tcp,dns2tcp,True,dns_tunnel
cowliftprieststrokerealize.io,1,dga_cluster_43,dga,False,dga
fazendadagrama.biz,0,tranco_benign,benign,False,benign
usb-drivers.com,0,tranco_benign,benign,False,benign
balancerangerealizeflower.cc,1,dga_cluster_41,dga,False,dga
shop.khoekhoe.co,0,tranco_benign,benign,False,benign
build-354366ff738d364f.gitlab.io,0,benign_hex_service,benign,True,benign
16ni8bjh8xb41vgry7jpnpwhu_0_qwti3_bfw1ky_ugmig7cghizxa-xi71lkffbd.tunnel-site.site,2,original_hex_tunnel,original_tunnel,False,dns_tunnel
sipkhk.com,0,tranco_benign,benign,False,benign
sporttoneshoedisappointed.com,1,dga_cluster_44,dga,False,dga
cdn-cache-b4bde56c.cf-ipfs.com,0,benign_cdn,benign,True,benign
auth4.xgnoov56bzwfl30k2ipj58ca12w582q90id1atu.dns-exfil.net,2,lab_dns2tcp,dns2tcp,True,dns_tunnel
apreed.com,0,tranco_benign,benign,False,benign
ykuifordlinnetavox.com,1,dga_cluster_42,dga,False,dga
shop.pazarlamazirvesi.com,0,tranco_benign,benign,False,benign
ladybobo.online,0,tranco_benign,benign,False,benign
usba.online,0,tranco_benign,benign,False,benign
nasserver.org,0,tranco_benign,benign,False,benign
wsdtpartbulkyf.com,1,dga_cluster_40,dga,False,dga
novoto.com,0,tranco_benign,benign,False,benign
kovosrot-moravia.com,0,tranco_benign,benign,False,benign
youoffendmeyouoffendmyfamily.top,0,tranco_benign,benign,False,benign
aizyererwyatanb.net,1,dga_cluster_41,dga,False,dga
d38505877eb8111.cloudfront.net,0,benign_cdn,benign,True,benign
veganstvo.cc,0,tranco_benign,benign,False,benign
auth.betrunkengutestun.net,0,tranco_benign,benign,False,benign
nxytfordlinnetavox.com,1,dga_cluster_42,dga,False,dga
49-231-14-33.bc.googleusercontent.com,0,benign_cloud_instance,benign,True,benign
b94401c8ca06e14470716700743eac54d7.tunnel-org.org,2,original_hex_tunnel,original_tunnel,False,dns_tunnel
alanbutschek.com,0,tranco_benign,benign,False,benign
nzuxfordlinnetavox.site,1,dga_cluster_42,dga,False,dga
theincircle.org,0,tranco_benign,benign,False,benign
bitcoinbricks.biz,0,tranco_benign,benign,False,benign
portal.kayiprihtim.com,0,tranco_benign,benign,False,benign
calmingmanatee.co,0,tranco_benign,benign,False,benign
www.earlybirdmom.com,0,tranco_benign,benign,False,benign
cdn-cache-ac9d4b1d.cf-ipfs.com,0,benign_cdn,benign,True,benign
attendanceworks.org,0,tranco_benign,benign,False,benign
quierocorrerun.site,0,tranco_benign,benign,False,benign
grandezzahotel.com,0,tranco_benign,benign,False,benign
hhaxfordlinnetavox.io,1,dga_cluster_42,dga,False,dga
insectdisappointedaffect.com,1,dga_cluster_44,dga,False,dga
1c7d0118c41496ca1d706c001bc040afbf.tunnel-org.org,2,original_hex_tunnel,original_tunnel,False,dns_tunnel
null.ym23laxlrjpei6ydhd2tadpasdi6nq3k2twi6hnev.dns-exfil.net,2,lab_iodine,iodine,True,dns_tunnel
zahradavzime.info,0,tranco_benign,benign,False,benign
lagardenia.co,0,tranco_benign,benign,False,benign
tajbao.com,0,tranco_benign,benign,False,benign
auth0.74l95b0yrfv4izmfj3p5itzn.tunnel-sec.biz,2,lab_dns2tcp,dns2tcp,True,dns_tunnel
idnfinancials.com,0,tranco_benign,benign,False,benign
portal.raknaord.online,0,tranco_benign,benign,False,benign
matrixteens.org,0,tranco_benign,benign,False,benign
nursefixedmusclelandground.com,1,dga_cluster_44,dga,False,dga
cliqs.com,0,tranco_benign,benign,False,benign
ienaererwyatanb.com,1,dga_cluster_41,dga,False,dga
antibodies-online.com,0,tranco_benign,benign,False,benign
eovfmachuslazaroqok.com,1,dga_cluster_40,dga,False,dga
byty.com,0,tranco_benign,benign,False,benign
v4.bqh23m2uki3jlf5cdqmq2oljfsk6wrx3iw.6fo7di2k2qvwkxppmvic2z54apxmewm.wu5e3e4b3s6hvtwuztl4z6ops33htaibn53aa7gtkv.dns-exfil.net,2,lab_iodine,iodine,True,dns_tunnel
chromeindustries.co,0,tranco_benign,benign,False,benign
19.120.137.81.in-addr.arpa,0,benign_reverse_dns,benign,True,benign
auth2.mslcy2ia76w271w33zzd8rpfjs7c8r40gcc.dns-exfil.net,2,lab_dns2tcp,dns2tcp,True,dns_tunnel
net4car.net,0,tranco_benign,benign,False,benign
axo.com,0,tranco_benign,benign,False,benign
bdwxfordlinnetavox.com,1,dga_cluster_42,dga,False,dga
icmypartbulkyf.com,1,dga_cluster_40,dga,False,dga
igagfordlinnetavox.me,1,dga_cluster_42,dga,False,dga
hpkrfordlinnetavox.online,1,dga_cluster_42,dga,False,dga
ttfdcw.cc,0,tranco_benign,benign,False,benign
btbafordlinnetavox.xyz,1,dga_cluster_42,dga,False,dga
sunshineandflipflops.net,0,tranco_benign,benign,False,benign
xlbootic.top,0,tranco_benign,benign,False,benign
oqjrsagabardinedazyx.com,1,dga_cluster_44,dga,False,dga
auth8.b8w3zhz7x7q69d9mwnoze3iqj75aoj7b2fe0szm7v037.lab-tunnel.org,2,lab_dns2tcp,dns2tcp,True,dns_tunnel
portal.loco.xyz,0,tranco_benign,benign,False,benign
fgsndarfhoovzcvq.com,1,dga_cluster_40,dga,False,dga
arjdesigns.com,0,tranco_benign,benign,False,benign
m.anathemakennels.org,0,tranco_benign,benign,False,benign
clientsavedisagreeimagemark.com,1,dga_cluster_44,dga,False,dga
thiagosabaia.org,0,tranco_benign,benign,False,benign
cdn-cache-5b58149f.cf-ipfs.com,0,benign_cdn,benign,True,benign
build-1a584a9eccd0a68.azurewebsites.net,0,benign_hex_service,benign,True,benign
cvmkr.com,0,tranco_benign,benign,False,benign
vvvvererwyatanb.com,1,dga_cluster_41,dga,False,dga
d115f60d1f302ec.cloudfront.net,0,benign_cdn,benign,True,benign
abfatravels.com,0,tranco_benign,benign,False,benign
3u-oe0r2iuelgik13uutjh-sskans4w7mssapiqjpptxkajctuit9gd5jxtofa4z.tunnel-co.co,2,original_hex_tunnel,original_tunnel,False,dns_tunnel
250.251.29.2.in-addr.arpa,0,benign_reverse_dns,benign,True,benign
speechdareconsultachieve.com,1,dga_cluster_40,dga,False,dga
90.180.160.232.in-addr.arpa,0,benign_reverse_dns,benign,True,benign
dnscat.ef3ecd00.1e84b75a31f8ff3c424a1b1b85cc6fa876a3becbff9.dns-exfil.net,2,lab_dnscat2,dnscat2,True,dns_tunnel
schiiologistbikerepil.site,1,dga_cluster_43,dga,False,dga
build-9e7bf5ff2c2.azurewebsites.net,0,benign_hex_service,benign,True,benign
mmpzpartbulkyf.com,1,dga_cluster_40,dga,False,dga
v4.dfk5avjsxvdzp4f2yh3jbpntfgf44a27yszwiscsl.6jy7waq3zrr4hf7sm5r3szj7nkriqdtuzgahvc6fa4y.ns-data.io,2,lab_iodine,iodine,True,dns_tunnel
nenipxex.biz,0,tranco_benign,benign,False,benign
cinquentinhas.com,0,tranco_benign,benign,False,benign
gowf.com,0,tranco_benign,benign,False,benign
pftrfordlinnetavox.co,1,dga_cluster_42,dga,False,dga
auth4.7rmisuyfpoxr0j2bupiyhcec9mbpedh2n20xsxwqn.ns-data.io,2,lab_dns2tcp,dns2tcp,True,dns_tunnel
themeavoidgroundbridgesearch.com,1,dga_cluster_40,dga,False,dga
auth.tradingforeverybody.biz,0,tranco_benign,benign,False,benign
v4.ccc7mmtrf53d63ked6bxkz7ndtl6lpo32e7tqqjw.dns-exfil.net,2,lab_iodine,iodine,True,dns_tunnel
dev.medicine.com,0,tranco_benign,benign,False,benign
23oqhpbqzzauto8iy6n5aawjldevgxizr1zcx3ac6v8e27bsebpz9fuaaczf6i3u1.tunnel-co.co,2,original_hex_tunnel,original_tunnel,False,dns_tunnel
world-of-wisdom.net,0,tranco_benign,benign,False,benign
spanarova.com,0,tranco_benign,benign,False,benign
festtravel.com,0,tranco_benign,benign,False,benign
tbhgsagabardinedazyx.com,1,dga_cluster_44,dga,False,dga
blog.greatveganathletes.com,0,tranco_benign,benign,False,benign
thwcmachuslazaroqok.com,1,dga_cluster_40,dga,False,dga
wuniererwyatanb.net,1,dga_cluster_41,dga,False,dga
natureclaimcourtsearchplay.com,1,dga_cluster_40,dga,False,dga
dnscat.854f0ce7.ebc486ed93f411e465e3bfade8f66bb626eff5.ns-data.io,2,lab_dnscat2,dnscat2,True,dns_tunnel
okmart.com,0,tranco_benign,benign,False,benign
visual.org,0,tranco_benign,benign,False,benign
baketiereservestandcakerelated.com,1,dga_cluster_41,dga,False,dga
gltbamsddybedp.com,1,dga_cluster_44,dga,False,dga
parsvitrin.info,0,tranco_benign,benign,False,benign
funnymoviequotes.com,0,tranco_benign,benign,False,benign
bnasererwyatanb.com,1,dga_cluster_41,dga,False,dga
static.doitgarden.com,0,tranco_benign,benign,False,benign
auth.muratoner.com,0,tranco_benign,benign,False,benign
thebackdropshop.com,0,tranco_benign,benign,False,benign
sexlend.cc,0,tranco_benign,benign,False,benign
4.f.6.4.e.5.6.3.a.d.f.9.0.1.e.5.ip6.arpa,0,benign_reverse_dns,benign,True,benign
auth.static-bluray.com,0,tranco_benign,benign,False,benign
tasknamepridestayestimate.me,1,dga_cluster_43,dga,False,dga
build-3a3d3e77.pages.dev,0,benign_hex_service,benign,True,benign
positron-libre.xyz,0,tranco_benign,benign,False,benign
interieurinspiratie.com,0,tranco_benign,benign,False,benign
ofk.net,0,tranco_benign,benign,False,benign
dougalog.org,0,tranco_benign,benign,False,benign
cdn-cache-03b68a40.cf-ipfs.com,0,benign_cdn,benign,True,benign
otto-fotostudio.org,0,tranco_benign,benign,False,benign
termpeakexistsortsignavoid.io,1,dga_cluster_43,dga,False,dga
pgart.com,0,tranco_benign,benign,False,benign
146.81.249.52.in-addr.arpa,0,benign_reverse_dns,benign,True,benign
auth0.39w2r8kwczlfydlxo8ws3jth25yi.lab-tunnel.org,2,lab_dns2tcp,dns2tcp,True,dns_tunnel
zvlastni-plyny.net,0,tranco_benign,benign,False,benign
standaardcdn.xyz,0,tranco_benign,benign,False,benign
emailrss.top,0,tranco_benign,benign,False,benign
vpiplarswx.com,1,dga_cluster_40,dga,False,dga
gazeteplus.com,0,tranco_benign,benign,False,benign
vancoolver.me,0,tranco_benign,benign,False,benign
nahradni-zdroj.pro,0,tranco_benign,benign,False,benign
autokrupobiti.xyz,0,tranco_benign,benign,False,benign
build-207da76a.pages.dev,0,benign_hex_service,benign,True,benign
sixpl.top,0,tranco_benign,benign,False,benign
xbbdpartbulkyf.com,1,dga_cluster_40,dga,False,dga
coloringfans.com,0,tranco_benign,benign,False,benign
cdn.cube.org,0,tranco_benign,benign,False,benign
centredelanguefrancaise.com,0,tranco_benign,benign,False,benign
build-5d0fbdc57c.vercel.app,0,benign_hex_service,benign,True,benign
anbaa.org,0,tranco_benign,benign,False,benign
tipoperatespitedriveshame.co,1,dga_cluster_43,dga,False,dga
abnerd.xyz,0,tranco_benign,benign,False,benign
lgvarquyshg.com,1,dga_cluster_40,dga,False,dga
subsarea.online,0,tranco_benign,benign,False,benign
daroodfwp8nywiuzht.com,1,dga_cluster_40,dga,False,dga
pfuefordlinnetavox.com,1,dga_cluster_42,dga,False,dga
jxutfordlinnetavox.io,1,dga_cluster_42,dga,False,dga
c-b-c.top,0,tranco_benign,benign,False,benign
crhedksor0khcvy6cmnl8s73.com,1,dga_cluster_44,dga,False,dga
portalavaliacao.biz,0,tranco_benign,benign,False,benign
auth2.b7kt7rsj9eqd5eukukyxta7b1mz5xqzhp5j0s0dtli5skod.tunnel-sec.biz,2,lab_dns2tcp,dns2tcp,True,dns_tunnel
stylepotarmoperateresist.net,1,dga_cluster_43,dga,False,dga
meltcenter.com,0,tranco_benign,benign,False,benign
oarekz3p3ovqo.com,1,dga_cluster_40,dga,False,dga
build-74c741efe77ae6.pages.dev,0,benign_hex_service,benign,True,benign
poradna-pro-fitness.com,0,tranco_benign,benign,False,benign
rvtesagabardinedazyx.com,1,dga_cluster_44,dga,False,dga
srv.6j3jl6fezkalw755zn2.tunnel-sec.biz,2,lab_iodine,iodine,True,dns_tunnel
nxrdpartbulkyf.com,1,dga_cluster_40,dga,False,dga
ufap.io,0,tranco_benign,benign,False,benign
myboatplans.biz,0,tranco_benign,benign,False,benign
cars-release-date.com,0,tranco_benign,benign,False,benign
pbafsagabardinedazyx.com,1,dga_cluster_44,dga,False,dga
ec2-200-241-183-243.compute-1.amazonaws.com,0,benign_cloud_instance,benign,True,benign
oegdanarianaqh.com,1,dga_cluster_40,dga,False,dga
gcpepartbulkyf.com,1,dga_cluster_40,dga,False,dga
a179-111-140-216.deploy.static.akamaitechnologies.com,0,benign_cdn,benign,True,benign
focusafrikbank.xyz,0,tranco_benign,benign,False,benign
idieal.com,0,tranco_benign,benign,False,benign
alu-center.com,0,tranco_benign,benign,False,benign
kczzfordlinnetavox.com,1,dga_cluster_42,dga,False,dga
gmbpfordlinnetavox.com,1,dga_cluster_42,dga,False,dga
zndhererwyatanb.io,1,dga_cluster_41,dga,False,dga
bezpecnyklub.com,0,tranco_benign,benign,False,benign
edvbudpybeqbw.com,1,dga_cluster_44,dga,False,dga
vidsclip.net,0,tranco_benign,benign,False,benign
bvrfererwyatanb.xyz,1,dga_cluster_41,dga,False,dga
peclist.biz,0,tranco_benign,benign,False,benign
autotecnico-online.net,0,tranco_benign,benign,False,benign
lindafoundation.com,0,tranco_benign,benign,False,benign
kadounik.com,0,tranco_benign,benign,False,benign
soduso.info,0,tranco_benign,benign,False,benign
yearplantzonegardenpleasure.com,1,dga_cluster_40,dga,False,dga
portal.vanektomas.net,0,tranco_benign,benign,False,benign
etenet.top,0,tranco_benign,benign,False,benign
mouseadmireapplytowercarpet.com,1,dga_cluster_40,dga,False,dga
agzffordlinnetavox.com,1,dga_cluster_42,dga,False,dga
tredon.net,0,tranco_benign,benign,False,benign
paaylccq.tunnel-info.info,2,original_hex_tunnel,original_tunnel,False,dns_tunnel
build-317c44c1a525e.vercel.app,0,benign_hex_service,benign,True,benign
mail.tribalwars.site,0,tranco_benign,benign,False,benign
uyqimachuslazaroqok.com,1,dga_cluster_40,dga,False,dga
portal.fancyuae.com,0,tranco_benign,benign,False,benign
vnnic.site,0,tranco_benign,benign,False,benign
koreabutik.net,0,tranco_benign,benign,False,benign
shop.getcreditscore.com,0,tranco_benign,benign,False,benign
rady-napady.xyz,0,tranco_benign,benign,False,benign
umloarjhlsgbr.com,1,dga_cluster_40,dga,False,dga
fichtlmazec.info,0,tranco_benign,benign,False,benign
xmovies1.com,0,tranco_benign,benign,False,benign
cgiiererwyatanb.info,1,dga_cluster_41,dga,False,dga
tongueheatstuffburncareer.io,1,dga_cluster_43,dga,False,dga
sevensignature.com,0,tranco_benign,benign,False,benign
ec2-14-34-99-8.compute-1.amazonaws.com,0,benign_cloud_instance,benign,True,benign
litschool.top,0,tranco_benign,benign,False,benign
minefc.org,0,tranco_benign,benign,False,benign
dnscat.025ca689.20d8f6f6d7e26c1b3c37c3c37.lab-tunnel.org,2,lab_dnscat2,dnscat2,True,dns_tunnel
jhnewsandguide.org,0,tranco_benign,benign,False,benign
hadleycourt.com,0,tranco_benign,benign,False,benign
auth0.kruhujxrzcnn7re3reislg04jim8jem6gq3wzdtq8yrsbs8x76ri.lab-tunnel.org,2,lab_dns2tcp,dns2tcp,True,dns_tunnel
xpjdmachuslazaroqok.com,1,dga_cluster_40,dga,False,dga
useyourloaf.pro,0,tranco_benign,benign,False,benign
auth.sadatschool.com,0,tranco_benign,benign,False,benign
nvxwererwyatanb.com,1,dga_cluster_41,dga,False,dga
copysavereplacerewarddepend.top,1,dga_cluster_41,dga,False,dga
oarysg.tunnel-online.online,2,original_hex_tunnel,original_tunnel,False,dns_tunnel
980f2cbeeb2f4b61f71473d607bb98256299c1d5edde364c6.lab-tunnel.org,2,lab_dnscat2,dnscat2,True,dns_tunnel
zamilovanabasnicka.com,0,tranco_benign,benign,False,benign
kohawedi.com,1,dga_cluster_44,dga,False,dga
kareohuh.com,1,dga_cluster_40,dga,False,dga
auth3.tc27g4oe881d20g4qmq0ndqrbg4dqzbpdqbgzn.dns-exfil.net,2,lab_dns2tcp,dns2tcp,True,dns_tunnel
vitalion.info,0,tranco_benign,benign,False,benign
auth5.z1vaeiezvm4mdllb62pzxcc1qt7ynitmbdxbhrpa4701ztb568e.tunnel-poc.com,2,lab_dns2tcp,dns2tcp,True,dns_tunnel
yqpkmachuslazaroqok.com,1,dga_cluster_40,dga,False,dga
fabriceleven.com,0,tranco_benign,benign,False,benign
cdn.kattycosmetic.net,0,tranco_benign,benign,False,benign
557c01de20363b2309aa290028f3fad170.tunnel-com.com,2,original_hex_tunnel,original_tunnel,False,dns_tunnel
allerman.io,0,tranco_benign,benign,False,benign
awnkfordlinnetavox.com,1,dga_cluster_42,dga,False,dga
txt.wpulk7qvb7jiswlgu6z7oikfw.ns-data.io,2,lab_iodine,iodine,True,dns_tunnel
jntdfordlinnetavox.com,1,dga_cluster_42,dga,False,dga
coatparentshelterwearfirm.net,1,dga_cluster_43,dga,False,dga
wbiceearva.com,1,dga_cluster_40,dga,False,dga
auth.mymalonetelegram.info,0,tranco_benign,benign,False,benign
vtzapartbulkyf.com,1,dga_cluster_40,dga,False,dga
gmdkopemedffdx.com,1,dga_cluster_44,dga,False,dga
pzvsfordlinnetavox.net,1,dga_cluster_42,dga,False,dga
trantorinc.info,0,tranco_benign,benign,False,benign
soft-db.com,0,tranco_benign,benign,False,benign
vm-prod-e1a6f4db.westeurope.cloudapp.azure.com,0,benign_cloud_instance,benign,True,benign
fazmusics.info,0,tranco_benign,benign,False,benign
hshouse.org,0,tranco_benign,benign,False,benign
login.allesbestuurbaar.site,0,tranco_benign,benign,False,benign
vse-podriad.site,0,tranco_benign,benign,False,benign
guaranteestepplacejudgetired.info,1,dga_cluster_43,dga,False,dga
dev.vmusic.com,0,tranco_benign,benign,False,benign
642f01836f39adc3857ce9000b569dbd93.tunnel-org.org,2,original_hex_tunnel,original_tunnel,False,dns_tunnel
filmsdelover.com,0,tranco_benign,benign,False,benign
yfxkj.com,0,tranco_benign,benign,False,benign
auth.spicytarka.top,0,tranco_benign,benign,False,benign
mnisekprorodinu.com,0,tranco_benign,benign,False,benign
nagem.biz,0,tranco_benign,benign,False,benign
mail.bedtimeheaven.biz,0,tranco_benign,benign,False,benign
pthomeandgarden.com,0,tranco_benign,benign,False,benign
repucom.info,0,tranco_benign,benign,False,benign
pamafwyi.tunnel-com.com,2,original_hex_tunnel,original_tunnel,False,dns_tunnel
cdn-cache-ca5f8130.cf-ipfs.com,0,benign_cdn,benign,True,benign
plsfererwyatanb.com,1,dga_cluster_41,dga,False,dga
www.2016releasedateprice.biz,0,tranco_benign,benign,False,benign
blog.hifitalo.xyz,0,tranco_benign,benign,False,benign
xn--80aiwgbdk4a.com,0,tranco_benign,benign,False,benign
holiday2go.io,0,tranco_benign,benign,False,benign
druimachuslazaroqok.com,1,dga_cluster_40,dga,False,dga
bodybuilderdaily.io,0,tranco_benign,benign,False,benign
ccakfordlinnetavox.com,1,dga_cluster_42,dga,False,dga
getbabeson.io,0,tranco_benign,benign,False,benign
vhyimachuslazaroqok.com,1,dga_cluster_40,dga,False,dga
lpvvmachuslazaroqok.com,1,dga_cluster_40,dga,False,dga
zfldererwyatanb.com,1,dga_cluster_41,dga,False,dga
penguin.net,0,tranco_benign,benign,False,benign
clixmetrix.com,0,tranco_benign,benign,False,benign
auth2.kjalyurj6seacqafkgpbp5jytmn0zh1jh.ns-data.io,2,lab_dns2tcp,dns2tcp,True,dns_tunnel
191-94-187-111.bc.googleusercontent.com,0,benign_cloud_instance,benign,True,benign
icolor8.com,0,tranco_benign,benign,False,benign
sevendreamers.top,0,tranco_benign,benign,False,benign
shinnoden.com,0,tranco_benign,benign,False,benign
paaam1uq.tunnel-top.top,2,original_hex_tunnel,original_tunnel,False,dns_tunnel
hfzjfordlinnetavox.co,1,dga_cluster_42,dga,False,dga
dzvfererwyatanb.net,1,dga_cluster_41,dga,False,dga
noving.online,0,tranco_benign,benign,False,benign
autoclick.com,0,tranco_benign,benign,False,benign
zdlcererwyatanb.online,1,dga_cluster_41,dga,False,dga
zhgupartbulkyf.com,1,dga_cluster_40,dga,False,dga
obechamr.xyz,0,tranco_benign,benign,False,benign
m.actionnetwork.com,0,tranco_benign,benign,False,benign
pamaftkq.tunnel-com.com,2,original_hex_tunnel,original_tunnel,False,dns_tunnel
alzipmat.com,0,tranco_benign,benign,False,benign
dlsw.me,0,tranco_benign,benign,False,benign
wggwererwyatanb.xyz,1,dga_cluster_41,dga,False,dga
adnradio.com,0,tranco_benign,benign,False,benign
static.gaenso.com,0,tranco_benign,benign,False,benign
qskwpartbulkyf.com,1,dga_cluster_40,dga,False,dga
74-61-147-79.bc.googleusercontent.com,0,benign_cloud_instance,benign,True,benign
bicyclebottlebodyinterested.net,1,dga_cluster_43,dga,False,dga
stoy.com,0,tranco_benign,benign,False,benign
qcsnqigrebzedzvpxyq.com,1,dga_cluster_44,dga,False,dga
glory.biz,0,tranco_benign,benign,False,benign
shop.5emegauche.com,0,tranco_benign,benign,False,benign
static.varietyholiday.com,0,tranco_benign,benign,False,benign
performanceadexchange.xyz,0,tranco_benign,benign,False,benign
v4.27qsuvaxsekygdjg3fa.lab-tunnel.org,2,lab_iodine,iodine,True,dns_tunnel
auth8.jy0rwei2mrz51246nqmg7br25hv3ya9mq111fat6fmol.tunnel-sec.biz,2,lab_dns2tcp,dns2tcp,True,dns_tunnel
nxoxsagabardinedazyx.com,1,dga_cluster_44,dga,False,dga
auth.ocimagazine.co,0,tranco_benign,benign,False,benign
matsuyasuper.co,0,tranco_benign,benign,False,benign
portal.dobregniazdka.com,0,tranco_benign,benign,False,benign
patsoy.com,0,tranco_benign,benign,False,benign
detaillivestylefixcardsmile.com,1,dga_cluster_40,dga,False,dga
bdxdsagabardinedazyx.com,1,dga_cluster_44,dga,False,dga
shop.wallhdimg.cc,0,tranco_benign,benign,False,benign
dev.alfaportal.org,0,tranco_benign,benign,False,benign
capitaljobs.com,0,tranco_benign,benign,False,benign
exar.xyz,0,tranco_benign,benign,False,benign
starbike.com,0,tranco_benign,benign,False,benign
sandoghdaftar.cc,0,tranco_benign,benign,False,benign
02abopdnggyhambygkyai5euojqhaybufzqrfydeajremdqgo32xrsiggnh5xz.tunnel-co.co,2,original_hex_tunnel,original_tunnel,False,dns_tunnel
gogel-mogel.com,0,tranco_benign,benign,False,benign
hairextensionsbykirill.org,0,tranco_benign,benign,False,benign
pvpvpartbulkyf.com,1,dga_cluster_40,dga,False,dga
famillesrurales.org,0,tranco_benign,benign,False,benign
mail.apteka74.site,0,tranco_benign,benign,False,benign
prod-cdn-293.global.ssl.fastly.net,0,benign_cdn,benign,True,benign
pamaaksq.tunnel-com.com,2,original_hex_tunnel,original_tunnel,False,dns_tunnel
200.225.92.147.in-addr.arpa,0,benign_reverse_dns,benign,True,benign
v4.ipqvi5y3hhdqcu55j24eu7.pjckifusllfsqt5pzqwsbdypvt7ksc.lab-tunnel.org,2,lab_iodine,iodine,True,dns_tunnel
archatlas.com,0,tranco_benign,benign,False,benign
eniolstats.org,0,tranco_benign,benign,False,benign
blpjererwyatanb.net,1,dga_cluster_41,dga,False,dga
fabgruh.com,0,tranco_benign,benign,False,benign
sabrfordlinnetavox.xyz,1,dga_cluster_42,dga,False,dga
unoa.com,0,tranco_benign,benign,False,benign
a.3jrhcwsv2in4lfhxikaqcnsanzzqdeyu62.tunnel-sec.biz,2,lab_iodine,iodine,True,dns_tunnel
dhjlfordlinnetavox.net,1,dga_cluster_42,dga,False,dga
gc.net,0,tranco_benign,benign,False,benign
myitforum.com,0,tranco_benign,benign,False,benign
vdvgpartbulkyf.com,1,dga_cluster_40,dga,False,dga
getthemed.com,0,tranco_benign,benign,False,benign
cside8.com,0,tranco_benign,benign,False,benign
deresupl.site,1,dga_cluster_43,dga,False,dga
htsufordlinnetavox.com,1,dga_cluster_42,dga,False,dga
muzdererwyatanb.com,1,dga_cluster_41,dga,False,dga
relativeclaimgearshowertone.io,1,dga_cluster_43,dga,False,dga
edkkbmpriyvo.com,1,dga_cluster_44,dga,False,dga
zpgrererwyatanb.co,1,dga_cluster_41,dga,False,dga
auth.stavebniceseva.biz,0,tranco_benign,benign,False,benign
qasvanarianaqh.com,1,dga_cluster_40,dga,False,dga
ocrshp.tunnel-com.com,2,original_hex_tunnel,original_tunnel,False,dns_tunnel
build-8a4d9959.gitlab.io,0,benign_hex_service,benign,True,benign
4mbajpdnggyhambygkyainekxmydqmcoj5.tunnel-cc.cc,2,original_hex_tunnel,original_tunnel,False,dns_tunnel
bikepark.com,0,tranco_benign,benign,False,benign
dnscat.96890304.6ca59be646374f79907b69c90eab4cf5744f78095303c4a2cc880b340199.tunnel-poc.com,2,lab_dnscat2,dnscat2,True,dns_tunnel
bxtifordlinnetavox.com,1,dga_cluster_42,dga,False,dga
motoconcess.com,0,tranco_benign,benign,False,benign
patiowarehouse.org,0,tranco_benign,benign,False,benign
bnddfordlinnetavox.com,1,dga_cluster_42,dga,False,dga
metaexchange.com,0,tranco_benign,benign,False,benign
qgcmmachuslazaroqok.com,1,dga_cluster_40,dga,False,dga
creww.org,0,tranco_benign,benign,False,benign
lierelatedstaylookassociate.cc,1,dga_cluster_43,dga,False,dga
cdn.laktos.io,0,tranco_benign,benign,False,benign
srv.k2obkuxzdsu7vwxtd.ns-data.io,2,lab_iodine,iodine,True,dns_tunnel
prod-cdn-584.global.ssl.fastly.net,0,benign_cdn,benign,True,benign
api.mahabubnagar.com,0,tranco_benign,benign,False,benign
mail.koshinaka.io,0,tranco_benign,benign,False,benign
www.stepdergisi.com,0,tranco_benign,benign,False,benign
kingg.org,0,tranco_benign,benign,False,benign
mail.cullen-international.org,0,tranco_benign,benign,False,benign
pg-a.com,0,tranco_benign,benign,False,benign
htnipartbulkyf.com,1,dga_cluster_40,dga,False,dga
ztvisagabardinedazyx.com,1,dga_cluster_44,dga,False,dga
schuh.net,0,tranco_benign,benign,False,benign
v4.zcwmngzec3fqce5culzxn5wv5.chf4vbj7ebnxpgcxkzc2gmohn3a.2fyvr5qjcf4gk5g5jk3tqxxawdfy7paje2ck.lab-tunnel.org,2,lab_iodine,iodine,True,dns_tunnel
hd-xvideos.com,0,tranco_benign,benign,False,benign
komfortline.net,0,tranco_benign,benign,False,benign
kvalitnivaporizer.com,0,tranco_benign,benign,False,benign
dnscat.3d21e1ef.9e66e870f47b9d06802220866770.ns-data.io,2,lab_dnscat2,dnscat2,True,dns_tunnel
vancouverstudentstore.online,0,tranco_benign,benign,False,benign
srv.7o6rkbiepynzrswzzighgd2jsbplh.bp2phmi5dtc6slinep6.gtnvo2mmy2byzdbipvk.ns-data.io,2,lab_iodine,iodine,True,dns_tunnel
brotherfunctionreasonincorporate.top,1,dga_cluster_43,dga,False,dga
seohunkinternational.xyz,0,tranco_benign,benign,False,benign
c.e.2.7.7.2.8.2.3.e.4.7.2.8.0.f.ip6.arpa,0,benign_reverse_dns,benign,True,benign
swxoererwyatanb.co,1,dga_cluster_41,dga,False,dga
tesort.online,0,tranco_benign,benign,False,benign
193.119.246.29.in-addr.arpa,0,benign_reverse_dns,benign,True,benign
1rnqiwz8ahrj5mrnb1sedwpwy.com,1,dga_cluster_44,dga,False,dga
tpecererwyatanb.net,1,dga_cluster_41,dga,False,dga
mcugfordlinnetavox.co,1,dga_cluster_42,dga,False,dga
sbstv.com,0,tranco_benign,benign,False,benign
flexibility.com,0,tranco_benign,benign,False,benign
pabiozui.tunnel-biz.biz,2,original_hex_tunnel,original_tunnel,False,dns_tunnel
login.rozvernaliska.com,0,tranco_benign,benign,False,benign
domesticatedmomma.net,0,tranco_benign,benign,False,benign
login.seattletransitblog.com,0,tranco_benign,benign,False,benign
244.162.23.65.in-addr.arpa,0,benign_reverse_dns,benign,True,benign
0mjakeglqaiytcazxemh2tzt1dfubfgqha.tunnel-info.info,2,original_hex_tunnel,original_tunnel,False,dns_tunnel
rxinfordlinnetavox.com,1,dga_cluster_42,dga,False,dga
vdjufordlinnetavox.com,1,dga_cluster_42,dga,False,dga
ec2-43-50-83-8.compute-1.amazonaws.com,0,benign_cloud_instance,benign,True,benign
kooperation-international.com,0,tranco_benign,benign,False,benign
mapyourinfo.com,0,tranco_benign,benign,False,benign
api.westvancouver.cc,0,tranco_benign,benign,False,benign
d9ea91d18232d28.cloudfront.net,0,benign_cdn,benign,True,benign
golafordlinnetavox.org,1,dga_cluster_42,dga,False,dga
panichangdiscovercorrect.me,1,dga_cluster_41,dga,False,dga
dev.arthit.com,0,tranco_benign,benign,False,benign
talbes-bnat.net,0,tranco_benign,benign,False,benign
25ce01ce4363f0f77ccd5701905f5d6345.tunnel-co.co,2,original_hex_tunnel,original_tunnel,False,dns_tunnel
forumforexindonesia.com,0,tranco_benign,benign,False,benign
mail.ej-technologies.org,0,tranco_benign,benign,False,benign
nvm.info,0,tranco_benign,benign,False,benign
kox-direct.info,0,tranco_benign,benign,False,benign
godmeetcakestuffjuicedetail.site,1,dga_cluster_43,dga,False,dga
ttxaererwyatanb.com,1,dga_cluster_41,dga,False,dga
interclinic.info,0,tranco_benign,benign,False,benign
flyerlab.com,0,tranco_benign,benign,False,benign
blog.sjmnisek.org,0,tranco_benign,benign,False,benign
233.57.15.62.in-addr.arpa,0,benign_reverse_dns,benign,True,benign
dnscat.c634a83f.329da5f15c4923c65a373ed5c82e6.lab-tunnel.org,2,lab_dnscat2,dnscat2,True,dns_tunnel
bnklmachuslazaroqok.com,1,dga_cluster_40,dga,False,dga
southhillsdental.online,0,tranco_benign,benign,False,benign
cdn.ovak.com,0,tranco_benign,benign,False,benign
ingredientstodiefor.net,0,tranco_benign,benign,False,benign
apobox.com,0,tranco_benign,benign,False,benign
638e01836f1fa747ac904e0019877da706.tunnel-com.com,2,original_hex_tunnel,original_tunnel,False,dns_tunnel
jeuxsurnavigateur.net,0,tranco_benign,benign,False,benign
aemgsagabardinedazyx.com,1,dga_cluster_44,dga,False,dga
94-3-10-87.bc.googleusercontent.com,0,benign_cloud_instance,benign,True,benign
14.186.158.89.in-addr.arpa,0,benign_reverse_dns,benign,True,benign
txt.z6iiq2n3li2a6zw4t7k6dgisk7khamge2ho3ff.ns-data.io,2,lab_iodine,iodine,True,dns_tunnel
smarje.biz,0,tranco_benign,benign,False,benign
zonazvuka.biz,0,tranco_benign,benign,False,benign
dumelektro.io,0,tranco_benign,benign,False,benign
milligan.co,0,tranco_benign,benign,False,benign
35c901393fda35e573e5f20012cd1eb495.tunnel-com.com,2,original_hex_tunnel,original_tunnel,False,dns_tunnel
cdn-cache-8586c977.cf-ipfs.com,0,benign_cdn,benign,True,benign
spsn-lbc.net,0,tranco_benign,benign,False,benign
33.198.140.43.in-addr.arpa,0,benign_reverse_dns,benign,True,benign
wiki-numbers.com,0,tranco_benign,benign,False,benign
dtvifordlinnetavox.org,1,dga_cluster_42,dga,False,dga
magazin-hudoznik-korolyov.com,0,tranco_benign,benign,False,benign
lemidi-dz.biz,0,tranco_benign,benign,False,benign
dd82276877c8623299fc76d9b3639412c8c046a9f5.dns-exfil.net,2,lab_dnscat2,dnscat2,True,dns_tunnel
35-58-128-69.bc.googleusercontent.com,0,benign_cloud_instance,benign,True,benign
wo-shi-riben-daigou.io,0,tranco_benign,benign,False,benign
auth0.5ntytr7xv9omafgfzyo6wcqhomhovqfblkl4aki3wmvgkmal.tunnel-sec.biz,2,lab_dns2tcp,dns2tcp,True,dns_tunnel
damagealarmestimateharmsave.io,1,dga_cluster_43,dga,False,dga
waadanarianaqh.com,1,dga_cluster_40,dga,False,dga
0iiaezacmjda2bqxpx5p1demfww0xi2zqaqo0d3.tunnel-info.info,2,original_hex_tunnel,original_tunnel,False,dns_tunnel
digitalnidomy.com,0,tranco_benign,benign,False,benign
shahrekhabar.org,0,tranco_benign,benign,False,benign
build-e7ab08a3d446fd7.github.io,0,benign_hex_service,benign,True,benign
clo3d.com,0,tranco_benign,benign,False,benign
xziwererwyatanb.com,1,dga_cluster_41,dga,False,dga
d6ee5646ddc7902.cloudfront.net,0,benign_cdn,benign,True,benign
v4.ud6jlm34ehcee4kwbj3eehiqlg.w4wahfmasxmowganamz4eotezukaqgdtzjew6vxhrvcva.tunnel-sec.biz,2,lab_iodine,iodine,True,dns_tunnel
kariltax.com,1,dga_cluster_40,dga,False,dga
leicarumors.com,0,tranco_benign,benign,False,benign
shouldercareerstephabitwing.me,1,dga_cluster_43,dga,False,dga
nucor.info,0,tranco_benign,benign,False,benign
exitapplytruckbellfixedsmoke.com,1,dga_cluster_44,dga,False,dga
thefashionstirfry.co,0,tranco_benign,benign,False,benign
lpnafordlinnetavox.com,1,dga_cluster_42,dga,False,dga
supermarketmarketrepairwas.com,1,dga_cluster_40,dga,False,dga
gyvjpartbulkyf.com,1,dga_cluster_40,dga,False,dga
auth9.2vu42gzw1czm1psxn36uilx4ah216fo2d12cae6r6v8lkhhey.tunnel-sec.biz,2,lab_dns2tcp,dns2tcp,True,dns_tunnel
biabjhyedfnrukvhwujui.com,1,dga_cluster_44,dga,False,dga
auth7.5adcmnzae2m1mkty2l6v8kzy80jloev8ik1nc1y5jugox8d.lab-tunnel.org,2,lab_dns2tcp,dns2tcp,True,dns_tunnel
dekorace-drevene-hracky.info,0,tranco_benign,benign,False,benign
vm-prod-00bb8fd6.westeurope.cloudapp.azure.com,0,benign_cloud_instance,benign,True,benign
a.tmwxwprixivy4jyluqemnek3zzecyugn4w63auer32j.tunnel-poc.com,2,lab_iodine,iodine,True,dns_tunnel
tellier.com,0,tranco_benign,benign,False,benign
9.2.2.1.a.2.6.e.4.f.c.f.c.e.b.a.ip6.arpa,0,benign_reverse_dns,benign,True,benign
pliesview.com,0,tranco_benign,benign,False,benign
gszqsagabardinedazyx.co,1,dga_cluster_44,dga,False,dga
7ab101f0591a5fa175d61f0044ea598629.tunnel-com.com,2,original_hex_tunnel,original_tunnel,False,dns_tunnel
torrentratiokeeper.org,0,tranco_benign,benign,False,benign
crazyforcrafts.org,0,tranco_benign,benign,False,benign
dadgrabbootsavepriestsalary.com,1,dga_cluster_40,dga,False,dga
hhlvererwyatanb.com,1,dga_cluster_41,dga,False,dga
strelnicebudejovice.com,0,tranco_benign,benign,False,benign
heritageguild.cc,0,tranco_benign,benign,False,benign
ggsmererwyatanb.com,1,dga_cluster_41,dga,False,dga
dhqupartbulkyf.com,1,dga_cluster_40,dga,False,dga
static.apollostemplates.com,0,tranco_benign,benign,False,benign
m.bapcraft.com,0,tranco_benign,benign,False,benign
mbjjedfdysri.com,1,dga_cluster_44,dga,False,dga
happymeal.com,0,tranco_benign,benign,False,benign
vapeking.com,0,tranco_benign,benign,False,benign
txteererwyatanb.xyz,1,dga_cluster_41,dga,False,dga
dnscat.fcbfc936.705733aef517bdc75c7f4dcb4cb57e49a7b06acda11b51b57.ns-data.io,2,lab_dnscat2,dnscat2,True,dns_tunnel
googlebony.online,0,tranco_benign,benign,False,benign
assatashakur.info,0,tranco_benign,benign,False,benign
okpunjab.com,0,tranco_benign,benign,False,benign
auth0.j5038mem63xgwix3yi9c5nob9eu8dccnfltft.dns-exfil.net,2,lab_dns2tcp,dns2tcp,True,dns_tunnel
3aba1061f1336a8b19ba885c038fffbec2f6.tunnel-sec.biz,2,lab_dnscat2,dnscat2,True,dns_tunnel
chinajob.com,0,tranco_benign,benign,False,benign
raceridebellwitnessoperate.me,1,dga_cluster_43,dga,False,dga
wapkatop.net,0,tranco_benign,benign,False,benign
spaceworld.biz,0,tranco_benign,benign,False,benign
kchyamhdoarpdd.com,1,dga_cluster_40,dga,False,dga
welaika.com,0,tranco_benign,benign,False,benign
txt.xhnrx3oon64cmajnemhjudxtx.kwcrlwtek6wwshdypgn7v2f4ly6xa3bo.fxldgmccihez3a4p5thrmyzwqnnn.ns-data.io,2,lab_iodine,iodine,True,dns_tunnel
emarche.com,0,tranco_benign,benign,False,benign
mon-horoscope-du-jour.com,0,tranco_benign,benign,False,benign
m.nichiha.net,0,tranco_benign,benign,False,benign
hnensagabardinedazyx.com,1,dga_cluster_44,dga,False,dga
248.199.32.109.in-addr.arpa,0,benign_reverse_dns,benign,True,benign
040c01c8ca8f8e26e1b8ad00afbc453b8c.tunnel-com.com,2,original_hex_tunnel,original_tunnel,False,dns_tunnel
symbalooplaces.org,0,tranco_benign,benign,False,benign
b8ef01f8db3905ce1f7a5a0051b18e53da.tunnel-net.net,2,original_hex_tunnel,original_tunnel,False,dns_tunnel
jkbedkfcddmt.com,1,dga_cluster_44,dga,False,dga
ratickovice.xyz,0,tranco_benign,benign,False,benign
cdn-cache-9b25abab.cf-ipfs.com,0,benign_cdn,benign,True,benign
eyldsagabardinedazyx.com,1,dga_cluster_44,dga,False,dga
eulog.net,0,tranco_benign,benign,False,benign
edcgdgdetybw.com,1,dga_cluster_44,dga,False,dga
dailyedu.site,0,tranco_benign,benign,False,benign
cdn.algarphoto.net,0,tranco_benign,benign,False,benign
build-1d6ecdd99f86.pages.dev,0,benign_hex_service,benign,True,benign
myclevernest.top,0,tranco_benign,benign,False,benign
mode-in-motion.com,0,tranco_benign,benign,False,benign
70dgkha_qyy2ldmmurlrx5a7gx-8v3mgdifzl4wnv7qmzdmgyfrfxe2vphtkuhfbl.tunnel-com.com,2,original_hex_tunnel,original_tunnel,False,dns_tunnel
hostingdiscounter.net,0,tranco_benign,benign,False,benign
eenigwonen.com,0,tranco_benign,benign,False,benign
7.d.7.a.f.0.9.9.5.9.5.b.5.0.0.0.ip6.arpa,0,benign_reverse_dns,benign,True,benign
academy27.net,0,tranco_benign,benign,False,benign
zkuskolobku.com,0,tranco_benign,benign,False,benign
desi.org,0,tranco_benign,benign,False,benign
navratil.org,0,tranco_benign,benign,False,benign
166.109.55.72.in-addr.arpa,0,benign_reverse_dns,benign,True,benign
bhegererwyatanb.net,1,dga_cluster_41,dga,False,dga
torviet.com,0,tranco_benign,benign,False,benign
xhwafordlinnetavox.com,1,dga_cluster_42,dga,False,dga
fdormachuslazaroqok.com,1,dga_cluster_40,dga,False,dga
manutan.biz,0,tranco_benign,benign,False,benign
parketymosaic.xyz,0,tranco_benign,benign,False,benign
hotelkarlin.xyz,0,tranco_benign,benign,False,benign
aoz.com,0,tranco_benign,benign,False,benign
6.e.b.1.e.0.4.7.d.5.1.b.d.4.5.9.ip6.arpa,0,benign_reverse_dns,benign,True,benign
mazikamp3.com,0,tranco_benign,benign,False,benign
rbcopartbulkyf.com,1,dga_cluster_40,dga,False,dga
tzjlfordlinnetavox.net,1,dga_cluster_42,dga,False,dga
choicetoeoperatewavefithusband.biz,1,dga_cluster_43,dga,False,dga
login.urbanleakz.me,0,tranco_benign,benign,False,benign
kadasterdata.com,0,tranco_benign,benign,False,benign
null.pj54yiea2ksfxp2uum2vd.lab-tunnel.org,2,lab_iodine,iodine,True,dns_tunnel
mortgagemixedscriptresult.com,1,dga_cluster_44,dga,False,dga
webanonymizer.com,0,tranco_benign,benign,False,benign
izoltech.com,0,tranco_benign,benign,False,benign
dnscat.a5b3f947.98c24dfc9dc432255328c.tunnel-poc.com,2,lab_dnscat2,dnscat2,True,dns_tunnel
ec2-88-75-241-45.compute-1.amazonaws.com,0,benign_cloud_instance,benign,True,benign
cleanprobray.org,0,tranco_benign,benign,False,benign
programarenphp.top,0,tranco_benign,benign,False,benign
a.w34s6mud4sdv7gszkfew4acfbaqmglh5.ohs3acjibfweu77vne7.g25ykpc53a6rwtixsfgpibn6dal74x7oynwdvjv.ns-data.io,2,lab_iodine,iodine,True,dns_tunnel
home-business-lifestyle.com,0,tranco_benign,benign,False,benign
carryshockdiscoverplacebattle.com,1,dga_cluster_40,dga,False,dga
spiteoccasionvoicetreeconcentrate.site,1,dga_cluster_43,dga,False,dga
simpsni.com,0,tranco_benign,benign,False,benign
rxlomachuslazaroqok.com,1,dga_cluster_40,dga,False,dga
portal.guesthouseeuropebg.net,0,tranco_benign,benign,False,benign
oxftqzyedcfk3pe8ti.com,1,dga_cluster_44,dga,False,dga
zwtar45ujsli.com,1,dga_cluster_40,dga,False,dga
txt.itxgqvqpmhkpvdyeorye5cafzk6tqvlcfu7pbll3wajk.ns-data.io,2,lab_iodine,iodine,True,dns_tunnel
heatedhut.net,0,tranco_benign,benign,False,benign
mailmarktitlediffernurse.com,1,dga_cluster_44,dga,False,dga
shop.gfselfmovies.co,0,tranco_benign,benign,False,benign
proteinas.info,0,tranco_benign,benign,False,benign
steinlodge.com,0,tranco_benign,benign,False,benign
fndpmachuslazaroqok.co,1,dga_cluster_40,dga,False,dga
dev.mzkjastrzebie.org,0,tranco_benign,benign,False,benign
181.203.183.45.in-addr.arpa,0,benign_reverse_dns,benign,True,benign
finfeed.info,0,tranco_benign,benign,False,benign
inewtechnology.com,0,tranco_benign,benign,False,benign
4ac501c8ca2cf3e87ea1c8009e99b74874.tunnel-com.com,2,original_hex_tunnel,original_tunnel,False,dns_tunnel
sila-nadrze.biz,0,tranco_benign,benign,False,benign
ladpcc5tuwwgwhsm4ncfygcdi1oqhc3a.tunnel-net.net,2,original_hex_tunnel,original_tunnel,False,dns_tunnel
nedilalyxqkwnjl.com,1,dga_cluster_44,dga,False,dga
cityindex.com,0,tranco_benign,benign,False,benign
qumany.com,0,tranco_benign,benign,False,benign
portal.lifecoach-directory.online,0,tranco_benign,benign,False,benign
lpiisagabardinedazyx.com,1,dga_cluster_44,dga,False,dga
prakse.xyz,0,tranco_benign,benign,False,benign
watersavehelpneedhorsehope.com,1,dga_cluster_44,dga,False,dga
inkhabar.com,0,tranco_benign,benign,False,benign
api.mapsdumaroc.com,0,tranco_benign,benign,False,benign
build-7c8a1171c.gitlab.io,0,benign_hex_service,benign,True,benign
151-17-26-24.bc.googleusercontent.com,0,benign_cloud_instance,benign,True,benign
srv.dmyjaw2sldshw35wxgbdom.uveiec4xvez5pq6qb7zrqlwdkwsxebd4lmj6xjt.wiav4hzhrpno75y5t4dbalauj2ylu5cfkh.ns-data.io,2,lab_iodine,iodine,True,dns_tunnel
cappellishop.io,0,tranco_benign,benign,False,benign
plantquarantineindia.com,0,tranco_benign,benign,False,benign
hkwriterhub.org,0,tranco_benign,benign,False,benign
smashingjournal.org,0,tranco_benign,benign,False,benign
icare.com,0,tranco_benign,benign,False,benign
a.u2qodvhusm7mcmsqwri6j2nsphh4qrqails6ts2nej.ce7g7lride2zuscg.tunnel-poc.com,2,lab_iodine,iodine,True,dns_tunnel
hdsinemanette.com,0,tranco_benign,benign,False,benign
patienttowersmokemuscleinterested.net,1,dga_cluster_43,dga,False,dga
iocssagabardinedazyx.com,1,dga_cluster_44,dga,False,dga
mail.autopujcovna-dante.biz,0,tranco_benign,benign,False,benign
sebastiaandejonge.site,0,tranco_benign,benign,False,benign
tjsb.cc,0,tranco_benign,benign,False,benign
artefactsra.com,0,tranco_benign,benign,False,benign
xjtrmachuslazaroqok.com,1,dga_cluster_40,dga,False,dga
tbwumachuslazaroqok.com,1,dga_cluster_40,dga,False,dga
auth.see999.com,0,tranco_benign,benign,False,benign
kyoto-suisen.com,0,tranco_benign,benign,False,benign
ddidererwyatanb.io,1,dga_cluster_41,dga,False,dga
unido.com,0,tranco_benign,benign,False,benign
80legs.com,0,tranco_benign,benign,False,benign
egosoft.com,0,tranco_benign,benign,False,benign
kohcfordlinnetavox.xyz,1,dga_cluster_42,dga,False,dga
mcntvnews.xyz,0,tranco_benign,benign,False,benign
crcjob.com,0,tranco_benign,benign,False,benign
v4.5jthpji72ek63mhibvxdtu2ub4ipetxteeykb7.tunnel-sec.biz,2,lab_iodine,iodine,True,dns_tunnel
venngage.xyz,0,tranco_benign,benign,False,benign
interimobel.me,0,tranco_benign,benign,False,benign
129.141.92.198.in-addr.arpa,0,benign_reverse_dns,benign,True,benign
haniphoto.com,0,tranco_benign,benign,False,benign
xznomachuslazaroqok.com,1,dga_cluster_40,dga,False,dga
troubleclubcluedraftgolf.com,1,dga_cluster_44,dga,False,dga
pampafaucet.online,0,tranco_benign,benign,False,benign
build-0ca49117.github.io,0,benign_hex_service,benign,True,benign
laureat.org,0,tranco_benign,benign,False,benign
auth.multirotorforums.com,0,tranco_benign,benign,False,benign
dev.rakov-gold.pro,0,tranco_benign,benign,False,benign
cdn.mtp.com,0,tranco_benign,benign,False,benign
wallstudyshakefaultmarkcash.com,1,dga_cluster_40,dga,False,dga
a17-91-223-67.deploy.static.akamaitechnologies.com,0,benign_cdn,benign,True,benign
pabimfsi.tunnel-pro.pro,2,original_hex_tunnel,original_tunnel,False,dns_tunnel
auth.kinopesik.com,0,tranco_benign,benign,False,benign
televisionracecollectshower.net,1,dga_cluster_43,dga,False,dga
besthostinganddesign.me,0,tranco_benign,benign,False,benign
fbnvpartbulkyf.com,1,dga_cluster_40,dga,False,dga
videosreplay.cc,0,tranco_benign,benign,False,benign
depooo.com,0,tranco_benign,benign,False,benign
auth.battri.org,0,tranco_benign,benign,False,benign
c.2.2.c.7.d.5.f.b.e.8.d.5.8.5.0.ip6.arpa,0,benign_reverse_dns,benign,True,benign
zkn.com,0,tranco_benign,benign,False,benign
0e2b0jcy1hri4w5sl3hscxrv5po545ezg3g1d2gqdt5jx4mn0daa4l2.tunnel-com.com,2,original_hex_tunnel,original_tunnel,False,dns_tunnel
auth0.8xcp2x131z9e05vhiitgio8p7krpjb2e8mxz7pa2f9o.lab-tunnel.org,2,lab_dns2tcp,dns2tcp,True,dns_tunnel
dev.home-boutiqe.biz,0,tranco_benign,benign,False,benign
titanreloading.biz,0,tranco_benign,benign,False,benign
www.fask.com,0,tranco_benign,benign,False,benign
annonces-legales.org,0,tranco_benign,benign,False,benign
amarr.com,0,tranco_benign,benign,False,benign
pamaan5y.tunnel-org.org,2,original_hex_tunnel,original_tunnel,False,dns_tunnel
shop.metalaladecoupe.net,0,tranco_benign,benign,False,benign
build-cbe14392d.azurewebsites.net,0,benign_hex_service,benign,True,benign
musyuuseimuryoudoug.com,0,tranco_benign,benign,False,benign
f35601c8ca512900dfc4b400a2194c33a7.tunnel-net.net,2,original_hex_tunnel,original_tunnel,False,dns_tunnel
eckasagabardinedazyx.cc,1,dga_cluster_44,dga,False,dga
auth.xn--d1abacdejqdwcjba3a.com,0,tranco_benign,benign,False,benign
iqkcsagabardinedazyx.com,1,dga_cluster_44,dga,False,dga
pmreal.xyz,0,tranco_benign,benign,False,benign
vietcong-kozoroh.biz,0,tranco_benign,benign,False,benign
build-983efe73d8.pages.dev,0,benign_hex_service,benign,True,benign
auth3.4ijtsnhvt93h5vesjbuivrnk92b.dns-exfil.net,2,lab_dns2tcp,dns2tcp,True,dns_tunnel
www.pizzerie-redflower.info,0,tranco_benign,benign,False,benign
a.cdraahak4ws4xllk63pxdbkvjd4utsqrvivq4qvd.dns-exfil.net,2,lab_iodine,iodine,True,dns_tunnel
flavorwire.xyz,0,tranco_benign,benign,False,benign
build-0a54ddf86e.azurewebsites.net,0,benign_hex_service,benign,True,benign
pensionpaldus.info,0,tranco_benign,benign,False,benign
rlotsagabardinedazyx.com,1,dga_cluster_44,dga,False,dga
rdwdata.com,0,tranco_benign,benign,False,benign
simplypaisa.biz,0,tranco_benign,benign,False,benign
222b01ce43a4e5354e811600d1fb79be36.tunnel-top.top,2,original_hex_tunnel,original_tunnel,False,dns_tunnel
autopijaca.com,0,tranco_benign,benign,False,benign
dnscat.39c0c145.d4c3fc2097867d049bf4e44f8a428.tunnel-poc.com,2,lab_dnscat2,dnscat2,True,dns_tunnel
wsseererwyatanb.io,1,dga_cluster_41,dga,False,dga
rape-erodouga.cc,0,tranco_benign,benign,False,benign
ozar.com,0,tranco_benign,benign,False,benign
miacos.me,0,tranco_benign,benign,False,benign
bravo-kernel.com,0,tranco_benign,benign,False,benign
pamafrvy.tunnel-net.net,2,original_hex_tunnel,original_tunnel,False,dns_tunnel
dnscat.aa4f59bc.8b3e9fb3b477875a9d2d262213ae126a28ad1fc271cbcf96.ns-data.io,2,lab_dnscat2,dnscat2,True,dns_tunnel
m.tecnolasereuropa.com,0,tranco_benign,benign,False,benign
umnjmachuslazaroqok.com,1,dga_cluster_40,dga,False,dga
negotiationowewaketendreduce.top,1,dga_cluster_43,dga,False,dga
sitsy.xyz,0,tranco_benign,benign,False,benign
vaaaakavfa2.tunnel-co.co,2,original_hex_tunnel,original_tunnel,False,dns_tunnel
gportal.io,0,tranco_benign,benign,False,benign
phillipschathampointe.io,0,tranco_benign,benign,False,benign
api.tumaxvideo.org,0,tranco_benign,benign,False,benign
regionalacceptance.com,0,tranco_benign,benign,False,benign
38-209-82-227.bc.googleusercontent.com,0,benign_cloud_instance,benign,True,benign
yvbfco.tunnel-info.info,2,original_hex_tunnel,original_tunnel,False,dns_tunnel
georgemdallas.site,0,tranco_benign,benign,False,benign
ciuimachuslazaroqok.com,1,dga_cluster_40,dga,False,dga
d9d7f77270cf6d7.cloudfront.net,0,benign_cdn,benign,True,benign
dnscat.413e0f1c.852dd39747ac359d67ba2fef706a8a6b9f1c2.lab-tunnel.org,2,lab_dnscat2,dnscat2,True,dns_tunnel
club-mba.net,0,tranco_benign,benign,False,benign
monthshelterswitchmoveargue.com,1,dga_cluster_40,dga,False,dga
auth5.vwtvyxcyzfwejsl2ph8r8b00.tunnel-sec.biz,2,lab_dns2tcp,dns2tcp,True,dns_tunnel
uisides.com,0,tranco_benign,benign,False,benign
3e5e0118c48cb5e643402500156500f1f4.tunnel-net.net,2,original_hex_tunnel,original_tunnel,False,dns_tunnel
dev.lapsurg.site,0,tranco_benign,benign,False,benign
phrasecounterboneattempt.site,1,dga_cluster_43,dga,False,dga
campion.net,0,tranco_benign,benign,False,benign
volkswagen-uzitkove.com,0,tranco_benign,benign,False,benign
servicefightcasereactanswer.me,1,dga_cluster_41,dga,False,dga
tortenzauber.org,0,tranco_benign,benign,False,benign
47.51.180.67.in-addr.arpa,0,benign_reverse_dns,benign,True,benign
yqctnrdpgedbtgu.com,1,dga_cluster_44,dga,False,dga
cdn.tazna-zarizeni-praha.net,0,tranco_benign,benign,False,benign
ptedererwyatanb.online,1,dga_cluster_41,dga,False,dga
yacoo.io,0,tranco_benign,benign,False,benign
klru.online,0,tranco_benign,benign,False,benign
xzdnererwyatanb.online,1,dga_cluster_41,dga,False,dga
api.grifeimoveis.com,0,tranco_benign,benign,False,benign
dfbvfordlinnetavox.site,1,dga_cluster_42,dga,False,dga
opohmele.org,0,tranco_benign,benign,False,benign
shop.termo-litvinov.io,0,tranco_benign,benign,False,benign
api.hyundaipraha.net,0,tranco_benign,benign,False,benign
textile-germany.info,0,tranco_benign,benign,False,benign
oarfgny.com,1,dga_cluster_40,dga,False,dga
shopkirana.com,0,tranco_benign,benign,False,benign
build-8af39aea1.azurewebsites.net,0,benign_hex_service,benign,True,benign
api.cheesehouse.io,0,tranco_benign,benign,False,benign
build-eea289b080c.azurewebsites.net,0,benign_hex_service,benign,True,benign
gymqererwyatanb.com,1,dga_cluster_41,dga,False,dga
cdn-cache-6213dfaf.cf-ipfs.com,0,benign_cdn,benign,True,benign
gfghedevwtbt.com,1,dga_cluster_44,dga,False,dga
infonews.online,0,tranco_benign,benign,False,benign
e55ab58597321382f0bc6ece28e137d974508df8bd01095ee5195.lab-tunnel.org,2,lab_dnscat2,dnscat2,True,dns_tunnel
copetus.com,0,tranco_benign,benign,False,benign
albinos.io,0,tranco_benign,benign,False,benign
cdn.ptengine.top,0,tranco_benign,benign,False,benign
brushchartscriptpackpark.com,1,dga_cluster_40,dga,False,dga
login.healthylanding.com,0,tranco_benign,benign,False,benign
api.gardenofficestudios.com,0,tranco_benign,benign,False,benign
ffxxfordlinnetavox.net,1,dga_cluster_42,dga,False,dga
auth3.1i7nsrdt3dwesm3ty6du258b0y40stj.ns-data.io,2,lab_dns2tcp,dns2tcp,True,dns_tunnel
quarterfeesaveremoveboot.io,1,dga_cluster_43,dga,False,dga
static.weekendky.co,0,tranco_benign,benign,False,benign
telreko.me,0,tranco_benign,benign,False,benign
txwfpartbulkyf.com,1,dga_cluster_40,dga,False,dga
observador.co,0,tranco_benign,benign,False,benign
kakijun.com,0,tranco_benign,benign,False,benign
hobbysquares.com,0,tranco_benign,benign,False,benign
oguipartbulkyf.com,1,dga_cluster_40,dga,False,dga
xpccmachuslazaroqok.co,1,dga_cluster_40,dga,False,dga
healthoweprintearthreward.com,1,dga_cluster_40,dga,False,dga
portal.tyncloud.xyz,0,tranco_benign,benign,False,benign
oeztfordlinnetavox.io,1,dga_cluster_42,dga,False,dga
cnrss.org,0,tranco_benign,benign,False,benign
dev.ark-servers.site,0,tranco_benign,benign,False,benign
brsu.com,0,tranco_benign,benign,False,benign
masyarakathukumudara.co,0,tranco_benign,benign,False,benign
conditionshowbendinterested.online,1,dga_cluster_43,dga,False,dga
plzmsagabardinedazyx.com,1,dga_cluster_44,dga,False,dga
static.fulledu.com,0,tranco_benign,benign,False,benign
api.ingeus.org,0,tranco_benign,benign,False,benign
kinozadrot.org,0,tranco_benign,benign,False,benign
dnscat.5f7edec9.476f15a134df229f9e77f9be630670bd4181eff0c8974e79c975.lab-tunnel.org,2,lab_dnscat2,dnscat2,True,dns_tunnel
coin-direction.com,0,tranco_benign,benign,False,benign
maryamshoe.com,0,tranco_benign,benign,False,benign
my-english.com,0,tranco_benign,benign,False,benign
249-81-248-36.bc.googleusercontent.com,0,benign_cloud_instance,benign,True,benign
api.corvettecentral.io,0,tranco_benign,benign,False,benign
imavanarianaqh.com,1,dga_cluster_40,dga,False,dga
therealestateconversation.org,0,tranco_benign,benign,False,benign
impfen-info.xyz,0,tranco_benign,benign,False,benign
kurtamysh-sht.com,0,tranco_benign,benign,False,benign
propertyradar.co,0,tranco_benign,benign,False,benign
vrukodelii.xyz,0,tranco_benign,benign,False,benign
dnscat.eba5e3c9.07fc8c13520e171705728b22.tunnel-sec.biz,2,lab_dnscat2,dnscat2,True,dns_tunnel
jjrfrarhgpigfexpttu.com,1,dga_cluster_40,dga,False,dga
auth7.1lc8wbv3z51hn25i5as89d34aftzcomay7v6.dns-exfil.net,2,lab_dns2tcp,dns2tcp,True,dns_tunnel
agsymachuslazaroqok.com,1,dga_cluster_40,dga,False,dga
jobkorea.com,0,tranco_benign,benign,False,benign
operator.com,0,tranco_benign,benign,False,benign
nanodepot.info,0,tranco_benign,benign,False,benign
hallfitenjoyinterestedsing.net,1,dga_cluster_43,dga,False,dga
agepkuyarntru.com,1,dga_cluster_40,dga,False,dga
106401f640f816bb4bb7a8001cb98ed60c.tunnel-com.com,2,original_hex_tunnel,original_tunnel,False,dns_tunnel
null.duqhtmc56gktsaberlkkr5b42.7c2txkeflvj3duzucxso2jwv7zej.3zgx3fujbwpa37teeq5brsggg4rtbbhr3ebrgx.tunnel-poc.com,2,lab_iodine,iodine,True,dns_tunnel
moitruongbaoanh.net,0,tranco_benign,benign,False,benign
0iabbpdnggyhambygkyaikho4rqhayd2o4kuxaarrgebtoiyhbllu5hhmbofxn.tunnel-org.org,2,original_hex_tunnel,original_tunnel,False,dns_tunnel
kchwererwyatanb.net,1,dga_cluster_41,dga,False,dga
d0c801c8ca4119ca329612002bfa92ca87.tunnel-io.io,2,original_hex_tunnel,original_tunnel,False,dns_tunnel
xzeaererwyatanb.pro,1,dga_cluster_41,dga,False,dga
interservice.org,0,tranco_benign,benign,False,benign
coachmarketfallcheckstore.com,1,dga_cluster_40,dga,False,dga
0qcafpdnggyhambygkyaiphlobqhaybumprrfydeajremdqgo0bvw5egmzldfv.tunnel-com.com,2,original_hex_tunnel,original_tunnel,False,dns_tunnel
255bbc51d2b38843b146942c5df640e79fd4bc851424f5836584.dns-exfil.net,2,lab_dnscat2,dnscat2,True,dns_tunnel
cdn-cache-df26b3ae.cf-ipfs.com,0,benign_cdn,benign,True,benign
iranfactory.com,0,tranco_benign,benign,False,benign
build-575317042f.gitlab.io,0,benign_hex_service,benign,True,benign
akvariumklub.com,0,tranco_benign,benign,False,benign
dev.irland.com,0,tranco_benign,benign,False,benign
loudmark.com,0,tranco_benign,benign,False,benign
ampersandmarketing.com,0,tranco_benign,benign,False,benign
novamoba.com,0,tranco_benign,benign,False,benign
gamefeeldescribemarketshine.com,1,dga_cluster_40,dga,False,dga
iauksagabardinedazyx.com,1,dga_cluster_44,dga,False,dga
dnscat.4e96ddf2.09464a2b6d7188e744a9fd45e424974a75b913c.lab-tunnel.org,2,lab_dnscat2,dnscat2,True,dns_tunnel
awfmererwyatanb.net,1,dga_cluster_41,dga,False,dga
cdn.finderpost.com,0,tranco_benign,benign,False,benign
oatext.com,0,tranco_benign,benign,False,benign
paaydh2y.tunnel-online.online,2,original_hex_tunnel,original_tunnel,False,dns_tunnel
fanclubretireblackvaryzone.com,1,dga_cluster_40,dga,False,dga
researchpreventweighplace.site,1,dga_cluster_43,dga,False,dga
usd259.co,0,tranco_benign,benign,False,benign
touzai-sekai.com,0,tranco_benign,benign,False,benign
sezxmachuslazaroqok.co,1,dga_cluster_40,dga,False,dga
auth1.2w40724xdhcn54f627mahgz43e2fdlhpzl4fa7wh5.lab-tunnel.org,2,lab_dns2tcp,dns2tcp,True,dns_tunnel
login.forum-iphone.org,0,tranco_benign,benign,False,benign
puremormonism.co,0,tranco_benign,benign,False,benign
androidadvices.xyz,0,tranco_benign,benign,False,benign
yacgmachuslazaroqok.com,1,dga_cluster_40,dga,False,dga
141de6835b162c9530adb56f1cd826fcfc6fb15cc7a6306ccc569fb4.tunnel-poc.com,2,lab_dnscat2,dnscat2,True,dns_tunnel
ltitiologistbikerepil.net,1,dga_cluster_43,dga,False,dga
www.sjdc.com,0,tranco_benign,benign,False,benign
allin1convert.co,0,tranco_benign,benign,False,benign
qumesagabardinedazyx.com,1,dga_cluster_44,dga,False,dga
dfhkzedidpf.com,1,dga_cluster_44,dga,False,dga
nebankovnipujcky.me,0,tranco_benign,benign,False,benign
portal.singhsautocentre.com,0,tranco_benign,benign,False,benign
artlessons.net,0,tranco_benign,benign,False,benign
bjphererwyatanb.com,1,dga_cluster_41,dga,False,dga
naebqb4wb.tunnel-com.com,2,original_hex_tunnel,original_tunnel,False,dns_tunnel
aesgpartbulkyf.com,1,dga_cluster_40,dga,False,dga
auth2.dorgp52as6n75g1lw2wxwtra77u27d.dns-exfil.net,2,lab_dns2tcp,dns2tcp,True,dns_tunnel
static.kidsinnshop.io,0,tranco_benign,benign,False,benign
fbgtpartbulkyf.com,1,dga_cluster_40,dga,False,dga
fmy.xyz,0,tranco_benign,benign,False,benign
build-522a5e9a37.pages.dev,0,benign_hex_service,benign,True,benign
quvyfordlinnetavox.com,1,dga_cluster_42,dga,False,dga
homelinkbg.com,0,tranco_benign,benign,False,benign
auth.sculpturebythesea.top,0,tranco_benign,benign,False,benign
m.vacheron-constantin.io,0,tranco_benign,benign,False,benign
071001c8cac0f74390ace600bede061589.tunnel-xyz.xyz,2,original_hex_tunnel,original_tunnel,False,dns_tunnel
paaap4wq.tunnel-com.com,2,original_hex_tunnel,original_tunnel,False,dns_tunnel
ae3001393f6a1e83a0f838001958e641e8.tunnel-com.com,2,original_hex_tunnel,original_tunnel,False,dns_tunnel
auth7.zwdvhs2ayvbfkoa9ldmraki5ajucfnsjlclfknl978e.lab-tunnel.org,2,lab_dns2tcp,dns2tcp,True,dns_tunnel
xn--80ajcciaggdzqvjre.org,0,tranco_benign,benign,False,benign
a49-100-17-215.deploy.static.akamaitechnologies.com,0,benign_cdn,benign,True,benign
zarvojgfih.com,1,dga_cluster_40,dga,False,dga
networkdry.com,0,tranco_benign,benign,False,benign
kavovary-delonghi.com,0,tranco_benign,benign,False,benign
prod-cdn-276.global.ssl.fastly.net,0,benign_cdn,benign,True,benign
cach-lam.me,0,tranco_benign,benign,False,benign
dealroom.com,0,tranco_benign,benign,False,benign
df8c03fb3500000000f5da7e29fcfff45e63e0ca7d9633ce5eb03a5df7e4.tunnel-com.com,2,original_hex_tunnel,original_tunnel,False,dns_tunnel
eshopmonitor.co,0,tranco_benign,benign,False,benign
krudwqruspjarrn.com,1,dga_cluster_40,dga,False,dga
xherpartbulkyf.com,1,dga_cluster_40,dga,False,dga
1aobomztaoaefvifzk.tunnel-io.io,2,original_hex_tunnel,original_tunnel,False,dns_tunnel
inspectionadvancedtankestimate.net,1,dga_cluster_43,dga,False,dga
auth0.7be1ohbukzi5vctti2599n1reea.tunnel-poc.com,2,lab_dns2tcp,dns2tcp,True,dns_tunnel
xn--2012-43dmmko7bmrmr2u.io,0,tranco_benign,benign,False,benign
kgicmachuslazaroqok.com,1,dga_cluster_40,dga,False,dga
api.supermarchesmatch.com,0,tranco_benign,benign,False,benign
pamap1dq.tunnel-top.top,2,original_hex_tunnel,original_tunnel,False,dns_tunnel
balrampur.com,0,tranco_benign,benign,False,benign
bebasbayar.com,0,tranco_benign,benign,False,benign
auth8.m8ae2pifk8ojv8zobofrcis98dc7npk4nyfa94a.dns-exfil.net,2,lab_dns2tcp,dns2tcp,True,dns_tunnel
matsofa.com,0,tranco_benign,benign,False,benign
srv.sldcbghrtegadibbwjcljmkpi2aqbmajfdzbhfqswgg.lab-tunnel.org,2,lab_iodine,iodine,True,dns_tunnel
vr-bank-nordrhoen.site,0,tranco_benign,benign,False,benign
oabrererwyatanb.com,1,dga_cluster_41,dga,False,dga
meine-orangerie.com,0,tranco_benign,benign,False,benign
ecgqmachuslazaroqok.com,1,dga_cluster_40,dga,False,dga
auth5.fy8wy7ro935ywpfwxbwy281yv7ltix73p9g37wrqy3uy.tunnel-poc.com,2,lab_dns2tcp,dns2tcp,True,dns_tunnel
maravit.com,1,dga_cluster_40,dga,False,dga
dev.swiatkobiety.com,0,tranco_benign,benign,False,benign
0uca9pdnggyhambygkybq4h24rqhayb1h0a2xaarrgebtzz4sogbd3ta5n4ma0.tunnel-org.org,2,original_hex_tunnel,original_tunnel,False,dns_tunnel
pabap45y.tunnel-org.org,2,original_hex_tunnel,original_tunnel,False,dns_tunnel
auth9.ay2jnlk3umhehgir3guubv904d3dre1s0qsyjy96mxhv0ep.ns-data.io,2,lab_dns2tcp,dns2tcp,True,dns_tunnel
txt.2kejn4hm6pilpjn6bgpk5ydc64vgchqmhngfrunpj243y.tunnel-poc.com,2,lab_iodine,iodine,True,dns_tunnel
pajifphy.tunnel-com.com,2,original_hex_tunnel,original_tunnel,False,dns_tunnel
bvuaererwyatanb.com,1,dga_cluster_41,dga,False,dga
allarus.net,0,tranco_benign,benign,False,benign
4a9779e76de2582b0fa0596fffe1126cceab.dns-exfil.net,2,lab_dnscat2,dnscat2,True,dns_tunnel
mediapure.pro,0,tranco_benign,benign,False,benign
adviceadda.com,0,tranco_benign,benign,False,benign
milannight.com,0,tranco_benign,benign,False,benign
nrmpcbcpmedk.com,1,dga_cluster_44,dga,False,dga
jtfomachuslazaroqok.com,1,dga_cluster_40,dga,False,dga
txt.rhxgwbfagh54jttdjh.5ufsr43232c2ts3mlwn7muf264wmyzwvlr.g4n37xtjogzhocksgroin7g.lab-tunnel.org,2,lab_iodine,iodine,True,dns_tunnel
build-415aac72.azurewebsites.net,0,benign_hex_service,benign,True,benign
5fc01b2926ba3c39954df684c9c704542f7c2bd2a141.lab-tunnel.org,2,lab_dnscat2,dnscat2,True,dns_tunnel
login.zayiflamayontemlerim.top,0,tranco_benign,benign,False,benign
breastthinktellcaseevenbend.io,1,dga_cluster_43,dga,False,dga
signaturefillconcentrate.xyz,1,dga_cluster_43,dga,False,dga
ykxvpartbulkyf.com,1,dga_cluster_40,dga,False,dga
jjclarubelqinq.com,1,dga_cluster_40,dga,False,dga
portal.greaterium23.net,0,tranco_benign,benign,False,benign
rbwpererwyatanb.site,1,dga_cluster_41,dga,False,dga
build-0fc0670f.github.io,0,benign_hex_service,benign,True,benign
investujme.io,0,tranco_benign,benign,False,benign
blog.51saier.com,0,tranco_benign,benign,False,benign
ec2-113-89-102-164.compute-1.amazonaws.com,0,benign_cloud_instance,benign,True,benign
akehr.com,0,tranco_benign,benign,False,benign
cdn.huntingforgeorge.info,0,tranco_benign,benign,False,benign
prod-cdn-410.global.ssl.fastly.net,0,benign_cdn,benign,True,benign
cdn-cache-45a306d9.cf-ipfs.com,0,benign_cdn,benign,True,benign
sjosepneus.online,0,tranco_benign,benign,False,benign
zedglizmumo.com,1,dga_cluster_44,dga,False,dga
libovicky-nabytek.online,0,tranco_benign,benign,False,benign
qcazanarianaqh.com,1,dga_cluster_40,dga,False,dga
148-213-206-74.bc.googleusercontent.com,0,benign_cloud_instance,benign,True,benign
blog.prazsky-dum.org,0,tranco_benign,benign,False,benign
flaguns.xyz,0,tranco_benign,benign,False,benign
penzionlesnizatisi.org,0,tranco_benign,benign,False,benign
blog.loopeel.com,0,tranco_benign,benign,False,benign
219.33.191.8.in-addr.arpa,0,benign_reverse_dns,benign,True,benign
use-ip.com,0,tranco_benign,benign,False,benign
null.usrza6ysmicbaf4762vdo.2lpqrqh67bgunelfti4j7fbxu2qxa2fxehcjjrubzs.lab-tunnel.org,2,lab_iodine,iodine,True,dns_tunnel
xfdpererwyatanb.io,1,dga_cluster_41,dga,False,dga
edisu.com,0,tranco_benign,benign,False,benign
m.3d-ecm.com,0,tranco_benign,benign,False,benign
85-53-90-173.bc.googleusercontent.com,0,benign_cloud_instance,benign,True,benign
jdqufordlinnetavox.com,1,dga_cluster_42,dga,False,dga
lovelyheart.com,0,tranco_benign,benign,False,benign
cdn-cache-a34fb5c3.cf-ipfs.com,0,benign_cdn,benign,True,benign
truvabet.co,0,tranco_benign,benign,False,benign
static.shopbysave.com,0,tranco_benign,benign,False,benign
masododomu.co,0,tranco_benign,benign,False,benign
hyundairaj.io,0,tranco_benign,benign,False,benign
hpcisagabardinedazyx.com,1,dga_cluster_44,dga,False,dga
lohasit.com,0,tranco_benign,benign,False,benign
0voaug22b24b3x32vc1erfrl52f2zwtlo0m54f0nm1a0wepkbwlewnaacy41bs.tunnel-com.com,2,original_hex_tunnel,original_tunnel,False,dns_tunnel
dd63142e6d828e8a5cc14cb027d7f3c726a84913166900d62fa46b.lab-tunnel.org,2,lab_dnscat2,dnscat2,True,dns_tunnel
5.5.2.1.8.3.d.2.c.f.7.1.0.4.4.5.ip6.arpa,0,benign_reverse_dns,benign,True,benign
glfzkedgtujds.com,1,dga_cluster_44,dga,False,dga
static.edr.com,0,tranco_benign,benign,False,benign
dnscat.506138eb.4433ffe73bda32cebc986b417271a40c5f446938f058114d7f1e0b.dns-exfil.net,2,lab_dnscat2,dnscat2,True,dns_tunnel
rozvoz-menu.com,0,tranco_benign,benign,False,benign
auth9.qykzsj0h7h744tjkjbri9n8eo.tunnel-poc.com,2,lab_dns2tcp,dns2tcp,True,dns_tunnel
vpxsererwyatanb.com,1,dga_cluster_41,dga,False,dga
shop.ultrafreshindia.top,0,tranco_benign,benign,False,benign
e1500.com,0,tranco_benign,benign,False,benign
ladyrainboardcalculatehost.com,1,dga_cluster_40,dga,False,dga
ntokererwyatanb.top,1,dga_cluster_41,dga,False,dga
toplac.com,0,tranco_benign,benign,False,benign
api.chrpasport.net,0,tranco_benign,benign,False,benign
temporadaemorlando.org,0,tranco_benign,benign,False,benign
ccvvsagabardinedazyx.com,1,dga_cluster_44,dga,False,dga
freesatoshi-ua.net,0,tranco_benign,benign,False,benign
vm-prod-1859c8aa.westeurope.cloudapp.azure.com,0,benign_cloud_instance,benign,True,benign
cetnici.com,0,tranco_benign,benign,False,benign
maxprohost.com,0,tranco_benign,benign,False,benign
allcelebs4u.top,0,tranco_benign,benign,False,benign
xxjqilla72ar3ftq4e.co,1,dga_cluster_40,dga,False,dga
mkhuda.online,0,tranco_benign,benign,False,benign
vjttpartbulkyf.com,1,dga_cluster_40,dga,False,dga
codingfusion.com,0,tranco_benign,benign,False,benign
dnscat.7fba36c5.eefd0b8231eca5d0d905d3dc47717d89e3fadc8a6bd3981b4379cea04e0.lab-tunnel.org,2,lab_dnscat2,dnscat2,True,dns_tunnel
0ena51apxkqf2d2jrbgtsiyg0paesjbsqwruynvjwaffyuaqa1em2ate4eyuvy.tunnel-com.com,2,original_hex_tunnel,original_tunnel,False,dns_tunnel
leonandharper.site,0,tranco_benign,benign,False,benign
lsitools.com,0,tranco_benign,benign,False,benign
mhtocejjeyedw.com,1,dga_cluster_44,dga,False,dga
historiek.com,0,tranco_benign,benign,False,benign
tvuasagabardinedazyx.com,1,dga_cluster_44,dga,False,dga
build-eae7c20e5b6872.github.io,0,benign_hex_service,benign,True,benign
adarocareer.top,0,tranco_benign,benign,False,benign
seobulls.top,0,tranco_benign,benign,False,benign
electricfactory.com,0,tranco_benign,benign,False,benign
pabqmfwq.tunnel-info.info,2,original_hex_tunnel,original_tunnel,False,dns_tunnel
a229-147-66-230.deploy.static.akamaitechnologies.com,0,benign_cdn,benign,True,benign
109.43.183.214.in-addr.arpa,0,benign_reverse_dns,benign,True,benign
shop.tv-shop-magazin.com,0,tranco_benign,benign,False,benign
gezesagabardinedazyx.com,1,dga_cluster_44,dga,False,dga
xaejminpedvc.co,1,dga_cluster_44,dga,False,dga
www.kolkatabengalinfo.pro,0,tranco_benign,benign,False,benign
htbrfordlinnetavox.site,1,dga_cluster_42,dga,False,dga
izleorg.net,0,tranco_benign,benign,False,benign
trkrwiz.com,0,tranco_benign,benign,False,benign
zrmaererwyatanb.com,1,dga_cluster_41,dga,False,dga
dev.mstarz.com,0,tranco_benign,benign,False,benign
halfoffdeal.xyz,0,tranco_benign,benign,False,benign
pornodeporno.info,0,tranco_benign,benign,False,benign
0yfbnpdnggyhambygkyailezn5aobqgy52omxaarrgebtoiygywkxc1bmbo5t3.tunnel-net.net,2,original_hex_tunnel,original_tunnel,False,dns_tunnel
tribune-nantaise.xyz,0,tranco_benign,benign,False,benign
mail.pivovar-lipan.org,0,tranco_benign,benign,False,benign
n-hoolywood.io,0,tranco_benign,benign,False,benign
dev.91ac.com,0,tranco_benign,benign,False,benign
sarvwnmtgktrxw.com,1,dga_cluster_40,dga,False,dga
133-192-48-85.bc.googleusercontent.com,0,benign_cloud_instance,benign,True,benign
8bc5032370000000002f3f47cf64094d394a862ee6bf7015edb4de0b8943.tunnel-xyz.xyz,2,original_hex_tunnel,original_tunnel,False,dns_tunnel
igroved.com,0,tranco_benign,benign,False,benign
m.atv-centrum.co,0,tranco_benign,benign,False,benign
naruxcei.com,1,dga_cluster_40,dga,False,dga
hvammachuslazaroqok.com,1,dga_cluster_40,dga,False,dga
tomhorak.top,0,tranco_benign,benign,False,benign
48e15d82e1427ec7a7c03ccf2d63256ea97b279fa68174af9a2eb564.lab-tunnel.org,2,lab_dnscat2,dnscat2,True,dns_tunnel
zvrwererwyatanb.co,1,dga_cluster_41,dga,False,dga
auth7.pal43jo3gee29ghjk33aijijykasxpcn24y3h2vp2hxm2.lab-tunnel.org,2,lab_dns2tcp,dns2tcp,True,dns_tunnel
xxuvsagabardinedazyx.com,1,dga_cluster_44,dga,False,dga
sooqak.co,0,tranco_benign,benign,False,benign
pvuvmachuslazaroqok.com,1,dga_cluster_40,dga,False,dga
nabytek-broumov.cc,0,tranco_benign,benign,False,benign
avtodoctora.org,0,tranco_benign,benign,False,benign
pamafwri.tunnel-com.com,2,original_hex_tunnel,original_tunnel,False,dns_tunnel
uthcqmbhedhccue.com,1,dga_cluster_44,dga,False,dga
auth8.8fh9105igs1mk6ygv60c2d19c5zkb0cxad3vpoww.ns-data.io,2,lab_dns2tcp,dns2tcp,True,dns_tunnel
gifgfedwvelo.com,1,dga_cluster_44,dga,False,dga
scottishcomedy.com,0,tranco_benign,benign,False,benign
wp7fwte4cfibedq.com,1,dga_cluster_44,dga,False,dga
ed8fa094811457639305cd3b85595b2b60.com,1,dga_cluster_44,dga,False,dga
dnscat.15d47939.6d07f17ce93df7074e28920d44d99525b78271207def66c619766e541.tunnel-poc.com,2,lab_dnscat2,dnscat2,True,dns_tunnel
myreferat.com,0,tranco_benign,benign,False,benign
portal.cubusion.net,0,tranco_benign,benign,False,benign
mohamah.com,0,tranco_benign,benign,False,benign
xtrasagabardinedazyx.com,1,dga_cluster_44,dga,False,dga
build-02473cfb235.azurewebsites.net,0,benign_hex_service,benign,True,benign
bdowererwyatanb.top,1,dga_cluster_41,dga,False,dga
ideiasereceitas.io,0,tranco_benign,benign,False,benign
dnscat.1961b11d.c12b792e7e03de887a2a607976787f8064.dns-exfil.net,2,lab_dnscat2,dnscat2,True,dns_tunnel
login.najdiknihu.com,0,tranco_benign,benign,False,benign
cdn.cours-thales.xyz,0,tranco_benign,benign,False,benign
cdn.j4ak.online,0,tranco_benign,benign,False,benign
crazymike.com,0,tranco_benign,benign,False,benign
sashapua.site,0,tranco_benign,benign,False,benign
hallbathzoneshoworganized.com,1,dga_cluster_44,dga,False,dga
bd5e1e2e265bb6c8987cbb99b5abdf.dns-exfil.net,2,lab_dnscat2,dnscat2,True,dns_tunnel
kyesererwyatanb.com,1,dga_cluster_41,dga,False,dga
dreamhack.info,0,tranco_benign,benign,False,benign
103.124.84.222.in-addr.arpa,0,benign_reverse_dns,benign,True,benign
vashamebel.com,0,tranco_benign,benign,False,benign
sizequeenconfessions.com,0,tranco_benign,benign,False,benign
blog.foroblackhat.org,0,tranco_benign,benign,False,benign
pnvuererwyatanb.io,1,dga_cluster_41,dga,False,dga
auth7.nha6h12ify1je67ewlhb5tk4tf.tunnel-poc.com,2,lab_dns2tcp,dns2tcp,True,dns_tunnel
auth6.9bwwgsqkngab24ry05b51z0k7s.dns-exfil.net,2,lab_dns2tcp,dns2tcp,True,dns_tunnel
begellhouse.org,0,tranco_benign,benign,False,benign
darkplanet.info,0,tranco_benign,benign,False,benign
planbecomeoccursearchtake.com,1,dga_cluster_40,dga,False,dga
kakymearmpwlvq.com,1,dga_cluster_40,dga,False,dga
9.f.d.7.a.7.7.6.f.3.6.8.c.c.1.9.ip6.arpa,0,benign_reverse_dns,benign,True,benign
cintmachuslazaroqok.com,1,dga_cluster_40,dga,False,dga
fnavfordlinnetavox.io,1,dga_cluster_42,dga,False,dga
v4.njxh4hemz74hwpb6476qjthphdinabmzwoiummf.5naqd2htlzcjneo2vh7gkjwreri.zbes7mkzkbpsnyuzwskov2fqkeezthz2rlizy.lab-tunnel.org,2,lab_iodine,iodine,True,dns_tunnel
chiclifeguide.biz,0,tranco_benign,benign,False,benign
gxcnc.com,0,tranco_benign,benign,False,benign
www.natgeojunior.com,0,tranco_benign,benign,False,benign
secrettelaviv.top,0,tranco_benign,benign,False,benign
asiawebdirect.com,0,tranco_benign,benign,False,benign
throatfixedpracticewearset.com,1,dga_cluster_40,dga,False,dga
83-20-110-35.bc.googleusercontent.com,0,benign_cloud_instance,benign,True,benign
paaim2oy.tunnel-io.io,2,original_hex_tunnel,original_tunnel,False,dns_tunnel
defibac.top,0,tranco_benign,benign,False,benign
login.buyclopidogrelonline.com,0,tranco_benign,benign,False,benign
bdiysagabardinedazyx.com,1,dga_cluster_44,dga,False,dga
oalbju.tunnel-net.net,2,original_hex_tunnel,original_tunnel,False,dns_tunnel
jellytelly.net,0,tranco_benign,benign,False,benign
static.kvantovydotekmatrixu.org,0,tranco_benign,benign,False,benign
yckynxwgcwar.com,1,dga_cluster_40,dga,False,dga
vrbdpartbulkyf.com,1,dga_cluster_40,dga,False,dga
vniarza.com,1,dga_cluster_40,dga,False,dga
cdn.acci.me,0,tranco_benign,benign,False,benign
www.letterfan.co,0,tranco_benign,benign,False,benign
lpsuper.com,0,tranco_benign,benign,False,benign
abcwriter.co,0,tranco_benign,benign,False,benign
m.dm-rg.cc,0,tranco_benign,benign,False,benign
lediseo.com,0,tranco_benign,benign,False,benign
rrviererwyatanb.com,1,dga_cluster_41,dga,False,dga
inspectorinterestedremain.xyz,1,dga_cluster_43,dga,False,dga
hengst.com,0,tranco_benign,benign,False,benign
zpeklastesti.me,0,tranco_benign,benign,False,benign
heardadvance.com,1,dga_cluster_40,dga,False,dga
dev.kicks-crew.com,0,tranco_benign,benign,False,benign
mitakosbooks.net,0,tranco_benign,benign,False,benign
login.chicenter.com,0,tranco_benign,benign,False,benign
ycpxpartbulkyf.com,1,dga_cluster_40,dga,False,dga
poslepu.xyz,0,tranco_benign,benign,False,benign
portal.awionline.com,0,tranco_benign,benign,False,benign
isysfordlinnetavox.org,1,dga_cluster_42,dga,False,dga
jrijmachuslazaroqok.com,1,dga_cluster_40,dga,False,dga
nlfhfordlinnetavox.xyz,1,dga_cluster_42,dga,False,dga
financesurprisescheduleown.com,1,dga_cluster_44,dga,False,dga
paeqgf4y.tunnel-com.com,2,original_hex_tunnel,original_tunnel,False,dns_tunnel
auth.spil.site,0,tranco_benign,benign,False,benign
0yabrpdnggyhambygkyai1gyn1aobqgy5qpexaarrgebtoiypz50spkgidmj3m.tunnel-net.net,2,original_hex_tunnel,original_tunnel,False,dns_tunnel
oaipgu.tunnel-com.com,2,original_hex_tunnel,original_tunnel,False,dns_tunnel
auth1.3oslx3wv3yk0sjfo6exjosvv4xkenpxx8yk2dajojl2a4hx.tunnel-sec.biz,2,lab_dns2tcp,dns2tcp,True,dns_tunnel
ywfxsagabardinedazyx.com,1,dga_cluster_44,dga,False,dga
darkcome.com,1,dga_cluster_40,dga,False,dga
vdvwererwyatanb.com,1,dga_cluster_41,dga,False,dga
ratequotestafffarmcoastbus.org,1,dga_cluster_43,dga,False,dga
null.we442ea4p553iu34r3eowis67bgpf.a2jyibghmauq7qvtexdu7a4fsckm46mq3a7jvocp.veti2b4rmiro6vkbmfx75py2q3avoapu55jwwz5cfiq.tunnel-poc.com,2,lab_iodine,iodine,True,dns_tunnel
vml.com,0,tranco_benign,benign,False,benign
uouapartbulkyf.com,1,dga_cluster_40,dga,False,dga
181.19.204.176.in-addr.arpa,0,benign_reverse_dns,benign,True,benign
bxmemo.co,0,tranco_benign,benign,False,benign
owepfarfkb231latxra1whwadq.com,1,dga_cluster_40,dga,False,dga
bahetle.info,0,tranco_benign,benign,False,benign
mamaslebanesekitchen.com,0,tranco_benign,benign,False,benign
2yablpdnggyhambygkydqgehhoydacsghfzqsmbshtqga4bn4jjoijmdih4ktd.tunnel-org.org,2,original_hex_tunnel,original_tunnel,False,dns_tunnel
dhmlfordlinnetavox.com,1,dga_cluster_42,dga,False,dga
cvgywpiariiir.com,1,dga_cluster_40,dga,False,dga
tvanouvelles.net,0,tranco_benign,benign,False,benign
jrcesagabardinedazyx.com,1,dga_cluster_44,dga,False,dga
tatras.xyz,0,tranco_benign,benign,False,benign
webdirectoriespage.top,0,tranco_benign,benign,False,benign
teknolojice.org,0,tranco_benign,benign,False,benign
74c72054d42e07ff30d6a2e15146d0712159bab9dd45f5d5386f67aa3.dns-exfil.net,2,lab_dnscat2,dnscat2,True,dns_tunnel
portal.ask-pc.xyz,0,tranco_benign,benign,False,benign
thjjsagabardinedazyx.com,1,dga_cluster_44,dga,False,dga
skorto.org,0,tranco_benign,benign,False,benign
build-a663fba13e.github.io,0,benign_hex_service,benign,True,benign
ironboxsupposestorewarmlandscape.com,1,dga_cluster_40,dga,False,dga
www.cash-members.com,0,tranco_benign,benign,False,benign
viz-jerseys.com,0,tranco_benign,benign,False,benign
m.hmgroupglobal.xyz,0,tranco_benign,benign,False,benign
fyrnmickarifh.com,1,dga_cluster_40,dga,False,dga
portal.wishesmessages.com,0,tranco_benign,benign,False,benign
m.yachtcharterturk.biz,0,tranco_benign,benign,False,benign
12.219.82.141.in-addr.arpa,0,benign_reverse_dns,benign,True,benign
blog.cistime-bazeny.net,0,tranco_benign,benign,False,benign
0ycatpdnggyhambygkybqpfxozqhaybtjxrzfyd.tunnel-net.net,2,original_hex_tunnel,original_tunnel,False,dns_tunnel
vewikobmhfeaafars.com,1,dga_cluster_40,dga,False,dga
api.super-iddaa.org,0,tranco_benign,benign,False,benign
maennerparadiese.online,0,tranco_benign,benign,False,benign
submissoreal.com,0,tranco_benign,benign,False,benign
lord-of-vermilion.com,0,tranco_benign,benign,False,benign
mobtvseries.online,0,tranco_benign,benign,False,benign
simpsondoor.online,0,tranco_benign,benign,False,benign
kargosubesi.co,0,tranco_benign,benign,False,benign
xbraererwyatanb.com,1,dga_cluster_41,dga,False,dga
4mcad.com,0,tranco_benign,benign,False,benign
m.dorsett.com,0,tranco_benign,benign,False,benign
enriquevasquez.com,0,tranco_benign,benign,False,benign
ec2-38-72-12-104.compute-1.amazonaws.com,0,benign_cloud_instance,benign,True,benign
auth4.5kerkjhpk9f7zipirx5nexl94r7j3fie7.tunnel-sec.biz,2,lab_dns2tcp,dns2tcp,True,dns_tunnel
blamesandwichscalerelate.cc,1,dga_cluster_43,dga,False,dga
amummachuslazaroqok.com,1,dga_cluster_40,dga,False,dga
srv.etccz7ylgrzygzyifjcc7lvzoqz.kx2p3hpurdeptcgfiv5wjwpxalnts37oqqcr3vjduf.tldndtcn2a6c6677mctqmiuejmfczex7shg.lab-tunnel.org,2,lab_iodine,iodine,True,dns_tunnel
aoxosagabardinedazyx.cc,1,dga_cluster_44,dga,False,dga
dnscat.60c3fb78.c2a02630283a78d99f9621b89dcbaaba5b499a165b2edbf23fe083951a.lab-tunnel.org,2,lab_dnscat2,dnscat2,True,dns_tunnel
prod-cdn-804.global.ssl.fastly.net,0,benign_cdn,benign,True,benign
lrhdpartbulkyf.com,1,dga_cluster_40,dga,False,dga
oyukkred.com,1,dga_cluster_44,dga,False,dga
ndimmachuslazaroqok.co,1,dga_cluster_40,dga,False,dga
jrbyfordlinnetavox.com,1,dga_cluster_42,dga,False,dga
chemodanchik.com,0,tranco_benign,benign,False,benign
auth3.9fv7yg5e2p7hl4dg8gt638ys04j4ixfcvtcb7h1kf16.ns-data.io,2,lab_dns2tcp,dns2tcp,True,dns_tunnel
portal.visionweb.com,0,tranco_benign,benign,False,benign
rlscererwyatanb.com,1,dga_cluster_41,dga,False,dga
vseh-pozdravim.com,0,tranco_benign,benign,False,benign
cdn-cache-12520ddd.cf-ipfs.com,0,benign_cdn,benign,True,benign
ibarakinews.com,0,tranco_benign,benign,False,benign
cdn.xhamster-deutsch.org,0,tranco_benign,benign,False,benign
cdn.kamatex.net,0,tranco_benign,benign,False,benign
tuzonafut.site,0,tranco_benign,benign,False,benign
dev.readypro.org,0,tranco_benign,benign,False,benign
epriority.com,0,tranco_benign,benign,False,benign
vdomererwyatanb.com,1,dga_cluster_41,dga,False,dga
udaanindia.com,0,tranco_benign,benign,False,benign
erpal.online,0,tranco_benign,benign,False,benign
moneystory.com,0,tranco_benign,benign,False,benign
thebusinessplanshop.top,0,tranco_benign,benign,False,benign
ppjwsagabardinedazyx.com,1,dga_cluster_44,dga,False,dga
arp9x91wgiha7t0dut1npi1f.com,1,dga_cluster_40,dga,False,dga
billrideremainingmustaccount.site,1,dga_cluster_43,dga,False,dga
znbbfordlinnetavox.net,1,dga_cluster_42,dga,False,dga
9dfb01c8ca34d19a875338002697b68eb1.tunnel-io.io,2,original_hex_tunnel,original_tunnel,False,dns_tunnel
auth9.u93sqtiikzfhhstkcg4663j79ptjlqoz3quvr724b.dns-exfil.net,2,lab_dns2tcp,dns2tcp,True,dns_tunnel
markamama.net,0,tranco_benign,benign,False,benign
ytby1q.tunnel-info.info,2,original_hex_tunnel,original_tunnel,False,dns_tunnel
tthdx.top,0,tranco_benign,benign,False,benign
leben-in-thailand.com,0,tranco_benign,benign,False,benign
indiantvads.com,0,tranco_benign,benign,False,benign
incu.com,0,tranco_benign,benign,False,benign
portal.syncios.xyz,0,tranco_benign,benign,False,benign
tdunmachuslazaroqok.com,1,dga_cluster_40,dga,False,dga
mojyfordlinnetavox.com,1,dga_cluster_42,dga,False,dga
mxat-teatr.com,0,tranco_benign,benign,False,benign
prtouch.pro,0,tranco_benign,benign,False,benign
627cd18aba99b4c6e3b3af0edf099bbffd4f6b98d598a9.lab-tunnel.org,2,lab_dnscat2,dnscat2,True,dns_tunnel
fnpxsagabardinedazyx.cc,1,dga_cluster_44,dga,False,dga
painandgain.com,0,tranco_benign,benign,False,benign
vnvtfordlinnetavox.com,1,dga_cluster_42,dga,False,dga
v4.d5rbtoov7ksjbfu3lct2jgcw6uygy4saixk35rtpjjgv3.6wo5goktrhvb7sobv36rp7gjuzdb3e.ns-data.io,2,lab_iodine,iodine,True,dns_tunnel
bicyclereserveentranceclaim.xyz,1,dga_cluster_41,dga,False,dga
ec2-224-229-21-81.compute-1.amazonaws.com,0,benign_cloud_instance,benign,True,benign
infobasepublishing.org,0,tranco_benign,benign,False,benign
iyltfordlinnetavox.io,1,dga_cluster_42,dga,False,dga
kbedeefgogpu.com,1,dga_cluster_44,dga,False,dga
eurotube.net,0,tranco_benign,benign,False,benign
portal.bia2korean.com,0,tranco_benign,benign,False,benign
ivsgwnvedggc.com,1,dga_cluster_44,dga,False,dga
73.219.244.139.in-addr.arpa,0,benign_reverse_dns,benign,True,benign
noitesempressa.net,0,tranco_benign,benign,False,benign
blog.heywatchencoding.site,0,tranco_benign,benign,False,benign
e-volucion.com,0,tranco_benign,benign,False,benign
dnscat.a1233ceb.f4447dbc36e1d5e0d9389730a6ab5e18d67a108eef02e.tunnel-sec.biz,2,lab_dnscat2,dnscat2,True,dns_tunnel
eqlimachuslazaroqok.com,1,dga_cluster_40,dga,False,dga
d1dd389c39af5d7.cloudfront.net,0,benign_cdn,benign,True,benign
jvrxererwyatanb.net,1,dga_cluster_41,dga,False,dga
tollymasala.com,0,tranco_benign,benign,False,benign
prod-cdn-704.global.ssl.fastly.net,0,benign_cdn,benign,True,benign
funeralsharpfeartrustchart.com,1,dga_cluster_40,dga,False,dga
nomadistas.com,0,tranco_benign,benign,False,benign
registernow.io,0,tranco_benign,benign,False,benign
know-house.com,0,tranco_benign,benign,False,benign
fastpics.net,0,tranco_benign,benign,False,benign
www.the-efa.com,0,tranco_benign,benign,False,benign
oeoe.com,0,tranco_benign,benign,False,benign
thwbmachuslazaroqok.com,1,dga_cluster_40,dga,False,dga
0xuz4dqr4xar.com,1,dga_cluster_40,dga,False,dga
api.stiforpwebinar.org,0,tranco_benign,benign,False,benign
vstroyka-solo.xyz,0,tranco_benign,benign,False,benign
fb0c012273be29e857c44900222b786fd4.tunnel-net.net,2,original_hex_tunnel,original_tunnel,False,dns_tunnel
touropsonline.biz,0,tranco_benign,benign,False,benign
paaim2ri.tunnel-com.com,2,original_hex_tunnel,original_tunnel,False,dns_tunnel
login.glittermagrocks.xyz,0,tranco_benign,benign,False,benign
soloelectronicos.com,0,tranco_benign,benign,False,benign
holidayplanet.com,0,tranco_benign,benign,False,benign
auth8.rluzkw8oroh355azmh6ic7wcjpq0y50m9vyyg2a.dns-exfil.net,2,lab_dns2tcp,dns2tcp,True,dns_tunnel
7.6.5.1.2.5.9.0.9.c.b.5.3.4.c.2.ip6.arpa,0,benign_reverse_dns,benign,True,benign
auth1.vqubi3n3brm3kbr78l0tvl3s8zxba12frtpuvgq4vdkoo6hpzph.tunnel-sec.biz,2,lab_dns2tcp,dns2tcp,True,dns_tunnel
laipaddm2nol0nw0rovfj2kmk10f1yyy.tunnel-net.net,2,original_hex_tunnel,original_tunnel,False,dns_tunnel
celebratediwali.co,0,tranco_benign,benign,False,benign
5114cn.com,0,tranco_benign,benign,False,benign
iecon2012.net,0,tranco_benign,benign,False,benign
starobe.net,0,tranco_benign,benign,False,benign
mkrhererwyatanb.com,1,dga_cluster_41,dga,False,dga
lranererwyatanb.com,1,dga_cluster_41,dga,False,dga
pamafv4a.tunnel-com.com,2,original_hex_tunnel,original_tunnel,False,dns_tunnel
nejlevnejiprodeti.com,0,tranco_benign,benign,False,benign
218kys.com,0,tranco_benign,benign,False,benign
felizcomvoce.com,0,tranco_benign,benign,False,benign
springsteen.net,0,tranco_benign,benign,False,benign
magazinline.com,0,tranco_benign,benign,False,benign
aukhanarianaqh.com,1,dga_cluster_40,dga,False,dga
static.turdepo.net,0,tranco_benign,benign,False,benign
lbdtgalkisar.com,1,dga_cluster_40,dga,False,dga
n21corp.top,0,tranco_benign,benign,False,benign
v4.oqclobmeocenro7usmahgq66asoh2q7pvutc6og7kfxd.lab-tunnel.org,2,lab_iodine,iodine,True,dns_tunnel
pabihgqq.tunnel-com.com,2,original_hex_tunnel,original_tunnel,False,dns_tunnel
build-6a76cd7b24.vercel.app,0,benign_hex_service,benign,True,benign
farnssganom.com,1,dga_cluster_40,dga,False,dga
moneyneckplacedishfixweigh.com,1,dga_cluster_44,dga,False,dga
auth3.l1kvogrhgmqowrhu7vptxghz0d.ns-data.io,2,lab_dns2tcp,dns2tcp,True,dns_tunnel
unionforgamers.net,0,tranco_benign,benign,False,benign
pafidspy.tunnel-com.com,2,original_hex_tunnel,original_tunnel,False,dns_tunnel
udeoghjemme.cc,0,tranco_benign,benign,False,benign
renatanechutova.info,0,tranco_benign,benign,False,benign
prod-cdn-492.global.ssl.fastly.net,0,benign_cdn,benign,True,benign
winnifredwinthrop.com,1,dga_cluster_44,dga,False,dga
fa4b01c8ca06973b22924e00ca116c7f3c.tunnel-co.co,2,original_hex_tunnel,original_tunnel,False,dns_tunnel
pastastacija.xyz,0,tranco_benign,benign,False,benign
znnvererwyatanb.info,1,dga_cluster_41,dga,False,dga
dev.google-adwords-certification.com,0,tranco_benign,benign,False,benign
tuning-moto.net,0,tranco_benign,benign,False,benign
papelisimo.me,0,tranco_benign,benign,False,benign
internetove-sluzby.me,0,tranco_benign,benign,False,benign
xyrffyxevjteqbcarngomr.com,1,dga_cluster_40,dga,False,dga
spojkasport.info,0,tranco_benign,benign,False,benign
auth0.2eq3q7423nu7phc7fx6p1jbtk7s6rqiwqav8pjcw9snum2r2.tunnel-poc.com,2,lab_dns2tcp,dns2tcp,True,dns_tunnel
abx.net,0,tranco_benign,benign,False,benign
ycnnfordlinnetavox.com,1,dga_cluster_42,dga,False,dga
jawb.com,0,tranco_benign,benign,False,benign
speechmachines.net,0,tranco_benign,benign,False,benign
null.svkzrvdg4nxbcolyg4epla6ssatsjh36iqh2pg.dgyhfwnswetoesyny.65xzsturav52fy45owpagfpzrclw.ns-data.io,2,lab_iodine,iodine,True,dns_tunnel
nfcemachuslazaroqok.com,1,dga_cluster_40,dga,False,dga
xfijsagabardinedazyx.com,1,dga_cluster_44,dga,False,dga
reformescasanostra.com,0,tranco_benign,benign,False,benign
vm-prod-e666b5c0.westeurope.cloudapp.azure.com,0,benign_cloud_instance,benign,True,benign
zhtrpartbulkyf.com,1,dga_cluster_40,dga,False,dga
20thcenturyglass.online,0,tranco_benign,benign,False,benign
cookingforgirlz.online,0,tranco_benign,benign,False,benign
wpmusic.com,0,tranco_benign,benign,False,benign
couponbhandar.com,0,tranco_benign,benign,False,benign
kulpfordlinnetavox.com,1,dga_cluster_42,dga,False,dga
xntwsagabardinedazyx.com,1,dga_cluster_44,dga,False,dga
shop.ich-liebe-tiere.io,0,tranco_benign,benign,False,benign
irfanview-forum.com,0,tranco_benign,benign,False,benign
camaradesevilla.net,0,tranco_benign,benign,False,benign
sbsmotos.org,0,tranco_benign,benign,False,benign
qcpediscacuctvvqcree.com,1,dga_cluster_44,dga,False,dga
txt.kyzqvuu66hcjgrpviueomm2.rig273k4ildwbanfeov6oxr.5k7v5xco4u4o54r6qdediih5dvsuk6y.tunnel-sec.biz,2,lab_iodine,iodine,True,dns_tunnel
sicaksexhikayeleri.xyz,0,tranco_benign,benign,False,benign
dilwalemovie.online,0,tranco_benign,benign,False,benign
build-e90abb5de0fd.vercel.app,0,benign_hex_service,benign,True,benign
portal.tatazpakaz.me,0,tranco_benign,benign,False,benign
moje-porno.co,0,tranco_benign,benign,False,benign
tipprefergenerateneckbear.cc,1,dga_cluster_43,dga,False,dga
a146-227-42-253.deploy.static.akamaitechnologies.com,0,benign_cdn,benign,True,benign
a165-8-172-177.deploy.static.akamaitechnologies.com,0,benign_cdn,benign,True,benign
naabqam5p.tunnel-com.com,2,original_hex_tunnel,original_tunnel,False,dns_tunnel
jvirmachuslazaroqok.com,1,dga_cluster_40,dga,False,dga
cdn.soldioggi.online,0,tranco_benign,benign,False,benign
65a901393f9a5cf72df56a00166b88ba35.tunnel-com.com,2,original_hex_tunnel,original_tunnel,False,dns_tunnel
landscape-project.org,0,tranco_benign,benign,False,benign
ipeindia.biz,0,tranco_benign,benign,False,benign
fotbal-katovice.com,0,tranco_benign,benign,False,benign
seasonaddresscheckvalueinterest.online,1,dga_cluster_43,dga,False,dga
80o8zpfq6n4cfcxqxy9z24ef_brkj4xdpnbzjyepvnvkbuu1k5v8svxkosotf5ojc.tunnel-com.com,2,original_hex_tunnel,original_tunnel,False,dns_tunnel
e-voron.com,0,tranco_benign,benign,False,benign
expandfurniture.com,0,tranco_benign,benign,False,benign
blog.iks61.com,0,tranco_benign,benign,False,benign
vuonhoalan.co,0,tranco_benign,benign,False,benign
hrone.org,0,tranco_benign,benign,False,benign
lojabrazil.online,0,tranco_benign,benign,False,benign
a109-98-125-116.deploy.static.akamaitechnologies.com,0,benign_cdn,benign,True,benign
shop.vinademo.com,0,tranco_benign,benign,False,benign
aeiifordlinnetavox.com,1,dga_cluster_42,dga,False,dga
pafqnkli.tunnel-xyz.xyz,2,original_hex_tunnel,original_tunnel,False,dns_tunnel
spotprintthemeagreesupport.site,1,dga_cluster_43,dga,False,dga
khdmat.com,0,tranco_benign,benign,False,benign
srv.2qqwlhinmrwdamrzec3mp3zqzavouqu.3o4ryj7avzc4y6umqeyr6apzzlhtnppxjrakm.tunnel-poc.com,2,lab_iodine,iodine,True,dns_tunnel
jamaicanmateyangroupie.com,0,tranco_benign,benign,False,benign
shop.musicwn.net,0,tranco_benign,benign,False,benign
build-cf91e3fc46bd.vercel.app,0,benign_hex_service,benign,True,benign
auth.prolific.org,0,tranco_benign,benign,False,benign
batesmal.com,0,tranco_benign,benign,False,benign
attachmentparenting.com,0,tranco_benign,benign,False,benign
862201ce43409a09655574004b320e850d.tunnel-com.com,2,original_hex_tunnel,original_tunnel,False,dns_tunnel
blog.rahmiaziza.com,0,tranco_benign,benign,False,benign
benefitlistassumeretirecommunicate.net,1,dga_cluster_43,dga,False,dga
www.nakisa.com,0,tranco_benign,benign,False,benign
13-32-163-113.bc.googleusercontent.com,0,benign_cloud_instance,benign,True,benign
fecrah.com,0,tranco_benign,benign,False,benign
portal.hheurotrans.io,0,tranco_benign,benign,False,benign
auth7.xyva4ndjm5goue7mf2m8p3vu8.tunnel-sec.biz,2,lab_dns2tcp,dns2tcp,True,dns_tunnel
uytnxpvedhqqlbazgf.com,1,dga_cluster_44,dga,False,dga
www.f-utilidades.com,0,tranco_benign,benign,False,benign
vinemarket.info,0,tranco_benign,benign,False,benign
sux.com,0,tranco_benign,benign,False,benign
abc-pujcky.info,0,tranco_benign,benign,False,benign
dvwuererwyatanb.info,1,dga_cluster_41,dga,False,dga
login.newnews18.com,0,tranco_benign,benign,False,benign
xudarud.com,1,dga_cluster_40,dga,False,dga
dzujfordlinnetavox.com,1,dga_cluster_42,dga,False,dga
auth5.3ownvbfdf8eptbrvhe1017tsx6s70hxzz9w4.dns-exfil.net,2,lab_dns2tcp,dns2tcp,True,dns_tunnel
gxmskednngatx.com,1,dga_cluster_44,dga,False,dga
portal.twoje-miasto.xyz,0,tranco_benign,benign,False,benign
icnesagabardinedazyx.com,1,dga_cluster_44,dga,False,dga
pregnancychoicesdirectory.com,0,tranco_benign,benign,False,benign
jmngfbcbedlw.com,1,dga_cluster_44,dga,False,dga
build-fac0fc55e.github.io,0,benign_hex_service,benign,True,benign
graphicart-news.com,0,tranco_benign,benign,False,benign
ratepanicshelternosedish.net,1,dga_cluster_43,dga,False,dga
wiltinggroep.info,0,tranco_benign,benign,False,benign
ubarverky.com,0,tranco_benign,benign,False,benign
johannw.com,0,tranco_benign,benign,False,benign
game-crack.me,0,tranco_benign,benign,False,benign
nxoltargoq.com,1,dga_cluster_40,dga,False,dga
cdn-cache-a002864c.cf-ipfs.com,0,benign_cdn,benign,True,benign
build-e677693f5.github.io,0,benign_hex_service,benign,True,benign
coquin-malin.xyz,0,tranco_benign,benign,False,benign
auth9.3jic18p5xd37ht6sh2wxb7v35ul30irk.tunnel-sec.biz,2,lab_dns2tcp,dns2tcp,True,dns_tunnel
paaaptjq.tunnel-com.com,2,original_hex_tunnel,original_tunnel,False,dns_tunnel
sudek-atelier.cc,0,tranco_benign,benign,False,benign
portal.nexus-svjetlost.online,0,tranco_benign,benign,False,benign
login.datadikdki.com,0,tranco_benign,benign,False,benign
qatapartbulkyf.com,1,dga_cluster_40,dga,False,dga
pvdmmachuslazaroqok.com,1,dga_cluster_40,dga,False,dga
pelican.co,0,tranco_benign,benign,False,benign
v4.rvjwlq37uc7xppw4g.dns-exfil.net,2,lab_iodine,iodine,True,dns_tunnel
paiajyfy.tunnel-io.io,2,original_hex_tunnel,original_tunnel,False,dns_tunnel
maybelline.com,0,tranco_benign,benign,False,benign
3.e.e.4.0.f.b.a.7.2.c.7.a.3.c.5.ip6.arpa,0,benign_reverse_dns,benign,True,benign
uwkaererwyatanb.com,1,dga_cluster_41,dga,False,dga
gelindamat.net,0,tranco_benign,benign,False,benign
vwxwvntkdedd.com,1,dga_cluster_44,dga,False,dga
yeda.com,0,tranco_benign,benign,False,benign
6a0pk3l13v7g1wvmbjptaruzq.com,1,dga_cluster_40,dga,False,dga
login.yastyg.co,0,tranco_benign,benign,False,benign
pneumobil.com,0,tranco_benign,benign,False,benign
jvcjfordlinnetavox.com,1,dga_cluster_42,dga,False,dga
w9gmu2jisedb1ltgl2715on0ru.com,1,dga_cluster_44,dga,False,dga
www.uploadsolid.org,0,tranco_benign,benign,False,benign
mybalikintamani.cc,0,tranco_benign,benign,False,benign
lysaned.co,1,dga_cluster_44,dga,False,dga
shirobon.org,0,tranco_benign,benign,False,benign
liviatravel.xyz,0,tranco_benign,benign,False,benign
p45c7e8be8452d863f98ed5b73c7353115.com,1,dga_cluster_44,dga,False,dga
nabytekstach.xyz,0,tranco_benign,benign,False,benign
ogzlpartbulkyf.com,1,dga_cluster_40,dga,False,dga
qedynug.com,1,dga_cluster_44,dga,False,dga
ioplererwyatanb.com,1,dga_cluster_41,dga,False,dga
login.jannah.com,0,tranco_benign,benign,False,benign
bbcchannels.xyz,0,tranco_benign,benign,False,benign
a.slag7punyujgxliah.la7hnet67if6hol4ckhs5qv5qpkk2s.yryk22oyig7neext2ket5ze.dns-exfil.net,2,lab_iodine,iodine,True,dns_tunnel
toptenhen.info,0,tranco_benign,benign,False,benign
recordhaveaccountyardcopy.net,1,dga_cluster_40,dga,False,dga
balkanopelparca.pro,0,tranco_benign,benign,False,benign
a.mp47ugx53qzppblz2se5.lab-tunnel.org,2,lab_iodine,iodine,True,dns_tunnel
wqyfanarianaqh.com,1,dga_cluster_40,dga,False,dga
malatyaertv.co,0,tranco_benign,benign,False,benign
www.pcmgr-global.org,0,tranco_benign,benign,False,benign
particeep.net,0,tranco_benign,benign,False,benign
webhosting24.org,0,tranco_benign,benign,False,benign
cdn.themeforestmafia.com,0,tranco_benign,benign,False,benign
worldsidebellholeboardforce.com,1,dga_cluster_40,dga,False,dga
build-24149b24f6b.pages.dev,0,benign_hex_service,benign,True,benign
dialtous.net,0,tranco_benign,benign,False,benign
25.119.225.228.in-addr.arpa,0,benign_reverse_dns,benign,True,benign
www.playersonly.co,0,tranco_benign,benign,False,benign
filesmp3.biz,0,tranco_benign,benign,False,benign
6051a824032a6ad2b82f413e142db4a4.dns-exfil.net,2,lab_dnscat2,dnscat2,True,dns_tunnel
kak-vybrat.net,0,tranco_benign,benign,False,benign
fdmffordlinnetavox.io,1,dga_cluster_42,dga,False,dga
auth8.fk9tj42b6vrp2jn5dkmskd9quokurmwqc9m4f00hft7hsg.ns-data.io,2,lab_dns2tcp,dns2tcp,True,dns_tunnel
chata-ztracenka.top,0,tranco_benign,benign,False,benign
fpzffordlinnetavox.com,1,dga_cluster_42,dga,False,dga
ak-kralova.com,0,tranco_benign,benign,False,benign
www.realitychomutovska.info,0,tranco_benign,benign,False,benign
awvnererwyatanb.com,1,dga_cluster_41,dga,False,dga
eps-int.com,0,tranco_benign,benign,False,benign
cidqo.org,0,tranco_benign,benign,False,benign
liqqfedxcbyy.com,1,dga_cluster_44,dga,False,dga
hao234.com,0,tranco_benign,benign,False,benign
ceogererwyatanb.com,1,dga_cluster_41,dga,False,dga
pamafwdy.tunnel-xyz.xyz,2,original_hex_tunnel,original_tunnel,False,dns_tunnel
ljkmmachuslazaroqok.com,1,dga_cluster_40,dga,False,dga
lebikini.com,0,tranco_benign,benign,False,benign
euwwsagabardinedazyx.com,1,dga_cluster_44,dga,False,dga
portal.kamenstav.net,0,tranco_benign,benign,False,benign
kuaizhihui.com,0,tranco_benign,benign,False,benign
jjkrsagabardinedazyx.co,1,dga_cluster_44,dga,False,dga
hlogfordlinnetavox.com,1,dga_cluster_42,dga,False,dga
mail.coppermine-gallery.pro,0,tranco_benign,benign,False,benign
soundrewardgrabarestruggle.site,1,dga_cluster_43,dga,False,dga
auth1.pev0iaa08xqgzv1lsqi11iwzcql709yiwsk.dns-exfil.net,2,lab_dns2tcp,dns2tcp,True,dns_tunnel
1qcbdpdnggyhambygkyaitfkoxqhaya2ita0lqcirtcazhemhelxzziydb51pl.tunnel-io.io,2,original_hex_tunnel,original_tunnel,False,dns_tunnel
ae1e7755d2aa11df86deaff209db4c6d2baa6bc8.tunnel-sec.biz,2,lab_dnscat2,dnscat2,True,dns_tunnel
jplcorp.com,0,tranco_benign,benign,False,benign
forteldesign.com,0,tranco_benign,benign,False,benign
asd20.com,0,tranco_benign,benign,False,benign
portal.sewa-apartemen.com,0,tranco_benign,benign,False,benign
null.rrcx24jrkqrh3qwtaxiyd2wly.mttjyk6jtvmhay3miwsr4bynefx5hgeehx7bj.lab-tunnel.org,2,lab_iodine,iodine,True,dns_tunnel
cdn.foto-kurs.biz,0,tranco_benign,benign,False,benign
comixhere.xyz,0,tranco_benign,benign,False,benign
pamafsdy.tunnel-com.com,2,original_hex_tunnel,original_tunnel,False,dns_tunnel
434554ee051d0daf297bf5783aa5acd15.tunnel-sec.biz,2,lab_dnscat2,dnscat2,True,dns_tunnel
nailreducerepeatoperatewould.com,1,dga_cluster_41,dga,False,dga
pamafuca.tunnel-com.com,2,original_hex_tunnel,original_tunnel,False,dns_tunnel
cdn.syndacast.com,0,tranco_benign,benign,False,benign
teknosvapo.com,0,tranco_benign,benign,False,benign
auth.f-media.com,0,tranco_benign,benign,False,benign
dev.runthink.com,0,tranco_benign,benign,False,benign
zedqcapm.com,1,dga_cluster_44,dga,False,dga
karawaning.com,0,tranco_benign,benign,False,benign
auth5.mqgl63cj1d53yjmuhxb6txpqhg49bw5whngr2neurhv.tunnel-sec.biz,2,lab_dns2tcp,dns2tcp,True,dns_tunnel
bentio.com,0,tranco_benign,benign,False,benign
rdmjfordlinnetavox.site,1,dga_cluster_42,dga,False,dga
dailytexanonline.com,0,tranco_benign,benign,False,benign
static.fivestars.org,0,tranco_benign,benign,False,benign
jjfpsagabardinedazyx.com,1,dga_cluster_44,dga,False,dga
hfzic.com,0,tranco_benign,benign,False,benign
nhmafordlinnetavox.com,1,dga_cluster_42,dga,False,dga
www.emeraldhome.biz,0,tranco_benign,benign,False,benign
dpgjpartbulkyf.com,1,dga_cluster_40,dga,False,dga
null.broghtdoy2ojq3ru3rpigznos6bgnaxj.tunnel-sec.biz,2,lab_iodine,iodine,True,dns_tunnel
auth.theflatearthsociety.online,0,tranco_benign,benign,False,benign
dnscat.66da2a76.79579aaf35e5812d2269d39a0777656b896635e6006de27499595e2620.dns-exfil.net,2,lab_dnscat2,dnscat2,True,dns_tunnel
0emayelzrbzisgpaiuynkaxraencbiaeknabj2omavbieipatfpo0f0r4czr2b.tunnel-biz.biz,2,original_hex_tunnel,original_tunnel,False,dns_tunnel
wimpy.org,0,tranco_benign,benign,False,benign
ahedu.io,0,tranco_benign,benign,False,benign
nhzafordlinnetavox.com,1,dga_cluster_42,dga,False,dga
sciencekids.com,0,tranco_benign,benign,False,benign
portal.e-tokushima.com,0,tranco_benign,benign,False,benign
vm-prod-befae257.westeurope.cloudapp.azure.com,0,benign_cloud_instance,benign,True,benign
login.guidepointglobaladvisors.com,0,tranco_benign,benign,False,benign
shop.sdruzenizeme.biz,0,tranco_benign,benign,False,benign
faccininvestments.com,0,tranco_benign,benign,False,benign
lovushka-quest.site,0,tranco_benign,benign,False,benign
elhooda.com,0,tranco_benign,benign,False,benign
uukaroytfybcue.com,1,dga_cluster_40,dga,False,dga
f58f01f640fb491ef295300051d2b64ea1.tunnel-com.com,2,original_hex_tunnel,original_tunnel,False,dns_tunnel
londontheatredirect.com,0,tranco_benign,benign,False,benign
fdmringtones.site,0,tranco_benign,benign,False,benign
scuupartbulkyf.com,1,dga_cluster_40,dga,False,dga
jyohobox.online,0,tranco_benign,benign,False,benign
lfdosagabardinedazyx.com,1,dga_cluster_44,dga,False,dga
vm-prod-d7782948.westeurope.cloudapp.azure.com,0,benign_cloud_instance,benign,True,benign
group1autoparts.com,0,tranco_benign,benign,False,benign
8.e.f.d.f.0.3.1.b.0.6.d.8.9.2.9.ip6.arpa,0,benign_reverse_dns,benign,True,benign
audinow.net,0,tranco_benign,benign,False,benign
rrcssagabardinedazyx.com,1,dga_cluster_44,dga,False,dga
dormiente.com,0,tranco_benign,benign,False,benign
howirecovered.com,0,tranco_benign,benign,False,benign
33523bb43bffdcf14d96aa62d8cb12b94f9b9fcda3af8a463cde9f.lab-tunnel.org,2,lab_dnscat2,dnscat2,True,dns_tunnel
stayclassy.xyz,0,tranco_benign,benign,False,benign
c.e.c.2.f.6.f.1.4.e.3.1.2.5.8.c.ip6.arpa,0,benign_reverse_dns,benign,True,benign
lpyzererwyatanb.online,1,dga_cluster_41,dga,False,dga
mirmor.com,0,tranco_benign,benign,False,benign
fvhqsagabardinedazyx.com,1,dga_cluster_44,dga,False,dga
rxntiologistbikerepil.site,1,dga_cluster_43,dga,False,dga
virmarathi.net,0,tranco_benign,benign,False,benign
metaljournal.com,0,tranco_benign,benign,False,benign
g3poland.com,0,tranco_benign,benign,False,benign
auth5.inha3sojt4ez268wxea6lz9sagfl34bvu4c.ns-data.io,2,lab_dns2tcp,dns2tcp,True,dns_tunnel
medyabim.net,0,tranco_benign,benign,False,benign
cobsbread.top,0,tranco_benign,benign,False,benign
auth.everyhouse.online,0,tranco_benign,benign,False,benign
bt1.com,0,tranco_benign,benign,False,benign
discountcupboard.top,0,tranco_benign,benign,False,benign
jfedghirrccc.com,1,dga_cluster_44,dga,False,dga
capifordlinnetavox.top,1,dga_cluster_42,dga,False,dga
chlorella-pyrenoidosa.xyz,0,tranco_benign,benign,False,benign
bottomadaptstartestimate.org,1,dga_cluster_43,dga,False,dga
kimsang.co,0,tranco_benign,benign,False,benign
900c014ab0630e7e7d3b8b00080293efa7.tunnel-org.org,2,original_hex_tunnel,original_tunnel,False,dns_tunnel
portal.unreal.com,0,tranco_benign,benign,False,benign
ijedehgrergo.com,1,dga_cluster_44,dga,False,dga
oyuncakhobi.org,0,tranco_benign,benign,False,benign
quindellcloud.com,0,tranco_benign,benign,False,benign
sund.com,0,tranco_benign,benign,False,benign
abbottmama.org,0,tranco_benign,benign,False,benign
cnyes.net,0,tranco_benign,benign,False,benign
vinegod.net,0,tranco_benign,benign,False,benign
5.4.5.d.a.6.4.5.3.d.8.0.4.d.1.9.ip6.arpa,0,benign_reverse_dns,benign,True,benign
ec2-132-248-220-50.compute-1.amazonaws.com,0,benign_cloud_instance,benign,True,benign
avalon-live.org,0,tranco_benign,benign,False,benign
inzercejicin.biz,0,tranco_benign,benign,False,benign
gooni.com,0,tranco_benign,benign,False,benign
blog.ceskaketonovadieta.com,0,tranco_benign,benign,False,benign
musicalkaufhaus.cc,0,tranco_benign,benign,False,benign
hookbelldisappointedweight.com,1,dga_cluster_44,dga,False,dga
static.linux-party.com,0,tranco_benign,benign,False,benign
mobidia.com,0,tranco_benign,benign,False,benign
vdvlererwyatanb.com,1,dga_cluster_41,dga,False,dga
protuts.com,0,tranco_benign,benign,False,benign
solidcams.com,0,tranco_benign,benign,False,benign
d1gp.com,0,tranco_benign,benign,False,benign
zpv.com,0,tranco_benign,benign,False,benign
prod-cdn-274.global.ssl.fastly.net,0,benign_cdn,benign,True,benign
noticeemptylimitedcookprint.com,1,dga_cluster_44,dga,False,dga
gofind.pro,0,tranco_benign,benign,False,benign
auth9.do5585txlqgjcn1wo6c1cthe20t.dns-exfil.net,2,lab_dns2tcp,dns2tcp,True,dns_tunnel
dnscat.c78fba88.4d26c496d14dce443ca54a4ebd8d8caf37f5bc66cfeab29d342e9.lab-tunnel.org,2,lab_dnscat2,dnscat2,True,dns_tunnel
onasus.me,0,tranco_benign,benign,False,benign
hawkeslearning.com,0,tranco_benign,benign,False,benign
shotschemeattemptreserve.net,1,dga_cluster_43,dga,False,dga
prod-cdn-812.global.ssl.fastly.net,0,benign_cdn,benign,True,benign
rmcluniverse.com,0,tranco_benign,benign,False,benign
exampleliftwheelsaysurprised.com,1,dga_cluster_44,dga,False,dga
portal.jrj.com,0,tranco_benign,benign,False,benign
iymq.org,0,tranco_benign,benign,False,benign
mail.worldofwalt.site,0,tranco_benign,benign,False,benign
bxnaedlkhnk.com,1,dga_cluster_44,dga,False,dga
api.gatetv.me,0,tranco_benign,benign,False,benign
maryamsoft.com,0,tranco_benign,benign,False,benign
m.espaces-atypiques.com,0,tranco_benign,benign,False,benign
pamafy3y.tunnel-com.com,2,original_hex_tunnel,original_tunnel,False,dns_tunnel
dev.granjaonline.site,0,tranco_benign,benign,False,benign
jnslererwyatanb.com,1,dga_cluster_41,dga,False,dga
a10-161-234-100.deploy.static.akamaitechnologies.com,0,benign_cdn,benign,True,benign
6.8.2.1.b.1.2.a.7.0.c.a.0.0.f.f.ip6.arpa,0,benign_reverse_dns,benign,True,benign
irondata.com,0,tranco_benign,benign,False,benign
emvtfordlinnetavox.io,1,dga_cluster_42,dga,False,dga
btdog.xyz,0,tranco_benign,benign,False,benign
phgkmachuslazaroqok.com,1,dga_cluster_40,dga,False,dga
pinkdealsuae.com,0,tranco_benign,benign,False,benign
www.great-webdesign.top,0,tranco_benign,benign,False,benign
dc642805a6a9dfc.cloudfront.net,0,benign_cdn,benign,True,benign
build-c031cd339acaab.pages.dev,0,benign_hex_service,benign,True,benign
f35494931dc778b44f71f436e425d.tunnel-poc.com,2,lab_dnscat2,dnscat2,True,dns_tunnel
anaf.info,0,tranco_benign,benign,False,benign
prod-cdn-127.global.ssl.fastly.net,0,benign_cdn,benign,True,benign
build-fd3170dcb2a8bfd8.azurewebsites.net,0,benign_hex_service,benign,True,benign
auth1.6a19yefmmic2icod3ylib47upwexz02mnc1gcmk.lab-tunnel.org,2,lab_dns2tcp,dns2tcp,True,dns_tunnel
livinginashoebox.top,0,tranco_benign,benign,False,benign
prod-cdn-413.global.ssl.fastly.net,0,benign_cdn,benign,True,benign
sparkasse-landshut.com,0,tranco_benign,benign,False,benign
m.clocktag.net,0,tranco_benign,benign,False,benign
build-c5bbfc2648e6c.pages.dev,0,benign_hex_service,benign,True,benign
gelesagabardinedazyx.com,1,dga_cluster_44,dga,False,dga
0aga6pdnggyhambygkyfqohqxkydqmb33bqzfyd.tunnel-net.net,2,original_hex_tunnel,original_tunnel,False,dns_tunnel
nfxkererwyatanb.com,1,dga_cluster_41,dga,False,dga
silentel.co,0,tranco_benign,benign,False,benign
thpuererwyatanb.top,1,dga_cluster_41,dga,False,dga
mycentraloregon.org,0,tranco_benign,benign,False,benign
alleskralle.org,0,tranco_benign,benign,False,benign
gcaudio.net,0,tranco_benign,benign,False,benign
condominiobeiralago.com,0,tranco_benign,benign,False,benign
kkpmfordlinnetavox.info,1,dga_cluster_42,dga,False,dga
pdjcererwyatanb.com,1,dga_cluster_41,dga,False,dga
zajezdy-dovolena-egypt.io,0,tranco_benign,benign,False,benign
auth.femme-offerte.online,0,tranco_benign,benign,False,benign
babyreplyretirespecifyreserve.net,1,dga_cluster_43,dga,False,dga
safemeds4all.org,0,tranco_benign,benign,False,benign
trashestimaterowquestion.org,1,dga_cluster_43,dga,False,dga
footpersuadedumppursuezone.com,1,dga_cluster_44,dga,False,dga
www.patakuri.com,0,tranco_benign,benign,False,benign
ec2-218-142-211-151.compute-1.amazonaws.com,0,benign_cloud_instance,benign,True,benign
ms-v-hokeji.top,0,tranco_benign,benign,False,benign
dnscat.e92dbe8f.24f352e056099eef9766ba4906.lab-tunnel.org,2,lab_dnscat2,dnscat2,True,dns_tunnel
avace.com,0,tranco_benign,benign,False,benign
de0401f059a5839e00c2160092f8c71c96.tunnel-org.org,2,original_hex_tunnel,original_tunnel,False,dns_tunnel
tokkasai.org,0,tranco_benign,benign,False,benign
wbyqfkarpwylvd.com,1,dga_cluster_40,dga,False,dga
aqusfordlinnetavox.org,1,dga_cluster_42,dga,False,dga
iiec.com,0,tranco_benign,benign,False,benign
svezeniautem.com,0,tranco_benign,benign,False,benign
gethow.com,0,tranco_benign,benign,False,benign
takepart.net,0,tranco_benign,benign,False,benign
maravim.com,1,dga_cluster_40,dga,False,dga
auth0.m2q0c18s4y8sy1i65wc7sw484hn3ksnm8czfx.lab-tunnel.org,2,lab_dns2tcp,dns2tcp,True,dns_tunnel
d725966f6c7b5be.cloudfront.net,0,benign_cdn,benign,True,benign
eeprererwyatanb.io,1,dga_cluster_41,dga,False,dga
fitnessrevolucionario.com,0,tranco_benign,benign,False,benign
babymallonline.com,0,tranco_benign,benign,False,benign
zhuisagabardinedazyx.com,1,dga_cluster_44,dga,False,dga
jmhdzl.site,0,tranco_benign,benign,False,benign
besafemail.com,0,tranco_benign,benign,False,benign
focalworks.com,0,tranco_benign,benign,False,benign
m.quoteswithimages.net,0,tranco_benign,benign,False,benign
portal.topskor.co,0,tranco_benign,benign,False,benign
iajcfordlinnetavox.org,1,dga_cluster_42,dga,False,dga
zhangkaka.xyz,0,tranco_benign,benign,False,benign
tnanfordlinnetavox.site,1,dga_cluster_42,dga,False,dga
lindseyreviews.com,0,tranco_benign,benign,False,benign
florbal-svitavy.online,0,tranco_benign,benign,False,benign
fct-altai.com,0,tranco_benign,benign,False,benign
tothispeed.com,0,tranco_benign,benign,False,benign
uoimererwyatanb.net,1,dga_cluster_41,dga,False,dga
build-cd8922cb059281a.pages.dev,0,benign_hex_service,benign,True,benign
sosac.org,0,tranco_benign,benign,False,benign
mail.horoskop-na-rok-2013.io,0,tranco_benign,benign,False,benign
dunsregistered.biz,0,tranco_benign,benign,False,benign
dnscat.a692fc5d.3bc9f5987e71aa1bd4eb277b6b8e3f43fbfba9f933db.ns-data.io,2,lab_dnscat2,dnscat2,True,dns_tunnel
cdn.color-print39.online,0,tranco_benign,benign,False,benign
189.89.132.254.in-addr.arpa,0,benign_reverse_dns,benign,True,benign
216.229.150.191.in-addr.arpa,0,benign_reverse_dns,benign,True,benign
m.webdirections.org,0,tranco_benign,benign,False,benign
dgmweb.top,0,tranco_benign,benign,False,benign
pamafxki.tunnel-online.online,2,original_hex_tunnel,original_tunnel,False,dns_tunnel
srv.b4yzxnfjwrxgvabfqs3agikrd.645c72ylb53j2mvdtnc.tunnel-poc.com,2,lab_iodine,iodine,True,dns_tunnel
muzzoff.org,0,tranco_benign,benign,False,benign
jnizererwyatanb.net,1,dga_cluster_41,dga,False,dga
shop.adventurersden.net,0,tranco_benign,benign,False,benign
courtexperiencecareerclosed.biz,1,dga_cluster_43,dga,False,dga
null.a7gk6loidncnpfg7ag77sr4d6dc27hmdfiyabxwswqr.jx6jxylauh5xa7ympmthbjr2vk.536udfufruugw637tnm7.dns-exfil.net,2,lab_iodine,iodine,True,dns_tunnel
login.dwellfinance.io,0,tranco_benign,benign,False,benign
ardentcreator.com,0,tranco_benign,benign,False,benign
ikqufordlinnetavox.io,1,dga_cluster_42,dga,False,dga
gabosutorino.co,0,tranco_benign,benign,False,benign
cdn.sgs.com,0,tranco_benign,benign,False,benign
vaaaakaqc1q.tunnel-io.io,2,original_hex_tunnel,original_tunnel,False,dns_tunnel
cplsb.co,0,tranco_benign,benign,False,benign
ikrmpartbulkyf.com,1,dga_cluster_40,dga,False,dga
prevod.top,0,tranco_benign,benign,False,benign
michaelahladikova.org,0,tranco_benign,benign,False,benign
ricedumpsmokeprintbitschedule.com,1,dga_cluster_44,dga,False,dga
jndafordlinnetavox.online,1,dga_cluster_42,dga,False,dga
pintera.com,0,tranco_benign,benign,False,benign
fafifu.org,0,tranco_benign,benign,False,benign
opinionatedgeek.co,0,tranco_benign,benign,False,benign
ctyrkolky-ostrava.xyz,0,tranco_benign,benign,False,benign
hatrewardwereshootaccess.xyz,1,dga_cluster_43,dga,False,dga
shop.nittygrittystore.cc,0,tranco_benign,benign,False,benign
gulesider.com,0,tranco_benign,benign,False,benign
nybg.com,0,tranco_benign,benign,False,benign
cyclespot.com,0,tranco_benign,benign,False,benign
tonguemailwarnadaptevenrelax.com,1,dga_cluster_40,dga,False,dga
wwtufordlinnetavox.biz,1,dga_cluster_42,dga,False,dga
zvcxfordlinnetavox.me,1,dga_cluster_42,dga,False,dga
taylorsecurity.org,0,tranco_benign,benign,False,benign
ntozpartbulkyf.com,1,dga_cluster_40,dga,False,dga
lzknererwyatanb.com,1,dga_cluster_41,dga,False,dga
prspmfedweey.com,1,dga_cluster_44,dga,False,dga
prod-cdn-792.global.ssl.fastly.net,0,benign_cdn,benign,True,benign
adcompliance.co,0,tranco_benign,benign,False,benign
fingercheck.info,0,tranco_benign,benign,False,benign
loodusretked.top,0,tranco_benign,benign,False,benign
awareness-time.com,0,tranco_benign,benign,False,benign
bakebros.biz,0,tranco_benign,benign,False,benign
rdvrererwyatanb.me,1,dga_cluster_41,dga,False,dga
hairyvaginapics.com,0,tranco_benign,benign,False,benign
mkgclqybheklnxedc.com,1,dga_cluster_44,dga,False,dga
auth5.vwlbib4egb775o8bscm9025xqvspahlci53waeg8u.lab-tunnel.org,2,lab_dns2tcp,dns2tcp,True,dns_tunnel
pamactea.tunnel-org.org,2,original_hex_tunnel,original_tunnel,False,dns_tunnel
pamafwsy.tunnel-org.org,2,original_hex_tunnel,original_tunnel,False,dns_tunnel
deadfeed.com,1,dga_cluster_44,dga,False,dga
restate.com,0,tranco_benign,benign,False,benign
p4cbas1p68prarxfon4qkm0ru.com,1,dga_cluster_40,dga,False,dga
1c02xar1jais1wafir9k1cd1t8k.com,1,dga_cluster_40,dga,False,dga
27.125.160.45.in-addr.arpa,0,benign_reverse_dns,benign,True,benign
directionrepairaveragedoubt.net,1,dga_cluster_43,dga,False,dga
dutywaterpagechartdelaypause.com,1,dga_cluster_40,dga,False,dga
ridekc.com,0,tranco_benign,benign,False,benign
longotoyota.com,0,tranco_benign,benign,False,benign
tpuyererwyatanb.com,1,dga_cluster_41,dga,False,dga
qmobile.com,0,tranco_benign,benign,False,benign
cqhwfordlinnetavox.com,1,dga_cluster_42,dga,False,dga
shalomapps.com,0,tranco_benign,benign,False,benign
malls.com,0,tranco_benign,benign,False,benign
samodelkin.com,0,tranco_benign,benign,False,benign
jrtvfordlinnetavox.com,1,dga_cluster_42,dga,False,dga
auth5.goc56z9513vxrgntbx50vqgf25b.tunnel-poc.com,2,lab_dns2tcp,dns2tcp,True,dns_tunnel
ymfepartbulkyf.com,1,dga_cluster_40,dga,False,dga
skyhome3.com,0,tranco_benign,benign,False,benign
pamafxxi.tunnel-org.org,2,original_hex_tunnel,original_tunnel,False,dns_tunnel
build-8b5092961c980fe.pages.dev,0,benign_hex_service,benign,True,benign
bniqmachuslazaroqok.com,1,dga_cluster_40,dga,False,dga
auth1.tqp2w3wupwy8e8irqzx4lt4gt7a57suii52f61zz9drayts1n4.tunnel-poc.com,2,lab_dns2tcp,dns2tcp,True,dns_tunnel
20min.co,0,tranco_benign,benign,False,benign
osrodek-aga.org,0,tranco_benign,benign,False,benign
wtojob.top,0,tranco_benign,benign,False,benign
ntradinginc.net,0,tranco_benign,benign,False,benign
dedgrrcyvdyyelfdyk.com,1,dga_cluster_44,dga,False,dga
imageappearinstalldropschedule.com,1,dga_cluster_44,dga,False,dga
goldshorter.com,0,tranco_benign,benign,False,benign
mujkufr.org,0,tranco_benign,benign,False,benign
gojane.com,0,tranco_benign,benign,False,benign
158.143.198.173.in-addr.arpa,0,benign_reverse_dns,benign,True,benign
seojearu.com,1,dga_cluster_40,dga,False,dga
ec2-177-111-67-230.compute-1.amazonaws.com,0,benign_cloud_instance,benign,True,benign
dae8c80c86e816d.cloudfront.net,0,benign_cdn,benign,True,benign
build-ab43a84540ec9.pages.dev,0,benign_hex_service,benign,True,benign
auth9.n64cn1935wgben7uwmeipyijj0ulrwc4xx8q21y39hdjdotcwgfy.tunnel-poc.com,2,lab_dns2tcp,dns2tcp,True,dns_tunnel
154-254-9-170.bc.googleusercontent.com,0,benign_cloud_instance,benign,True,benign
bhbbeecgnedg.com,1,dga_cluster_44,dga,False,dga
shop.meinabo.site,0,tranco_benign,benign,False,benign
cdn.wenneker.top,0,tranco_benign,benign,False,benign
ujufarcrihqalf.com,1,dga_cluster_40,dga,False,dga
vnecfordlinnetavox.com,1,dga_cluster_42,dga,False,dga
phtimachuslazaroqok.com,1,dga_cluster_40,dga,False,dga
auth3.dc4zebth7rggvawti335v0y2x1l7hxz6d2ofj63v4zrt9p2b.dns-exfil.net,2,lab_dns2tcp,dns2tcp,True,dns_tunnel
login.cyclisme-amateur.co,0,tranco_benign,benign,False,benign
auth.inverao.cc,0,tranco_benign,benign,False,benign
nirmallifestyle.xyz,0,tranco_benign,benign,False,benign
auth2.hawj6g71t32f5ivr7yzy33rqdns11few6dqshqeqhxk.lab-tunnel.org,2,lab_dns2tcp,dns2tcp,True,dns_tunnel
auth.solden.com,0,tranco_benign,benign,False,benign
www.priboridetali.net,0,tranco_benign,benign,False,benign
orbea.co,0,tranco_benign,benign,False,benign
72.44.213.2.in-addr.arpa,0,benign_reverse_dns,benign,True,benign
static.xtramanfundraising.com,0,tranco_benign,benign,False,benign
qujearog.co,1,dga_cluster_40,dga,False,dga
narebuk.com,1,dga_cluster_40,dga,False,dga
www.aeg-powertools.com,0,tranco_benign,benign,False,benign
api.suomikauppa.com,0,tranco_benign,benign,False,benign
mysecurite.org,0,tranco_benign,benign,False,benign
lpoasagabardinedazyx.com,1,dga_cluster_44,dga,False,dga
classeaudio.org,0,tranco_benign,benign,False,benign
packagetracer.top,0,tranco_benign,benign,False,benign
umnikk.org,0,tranco_benign,benign,False,benign
grandfathertermremaining.xyz,1,dga_cluster_41,dga,False,dga
cdn.lime-shop.top,0,tranco_benign,benign,False,benign
rmugieddq.com,1,dga_cluster_44,dga,False,dga
plantas-ornamentais.com,0,tranco_benign,benign,False,benign
dolaraldia.com,0,tranco_benign,benign,False,benign
auth.touch-point.com,0,tranco_benign,benign,False,benign
wyqkelcxriarhcttys.com,1,dga_cluster_40,dga,False,dga
muyingenioso.site,0,tranco_benign,benign,False,benign
vbiffordlinnetavox.org,1,dga_cluster_42,dga,False,dga
kenya-airways.cc,0,tranco_benign,benign,False,benign
01i.net,0,tranco_benign,benign,False,benign
srv.zqimibmc47twu3mbsu624smtmsqsyd2jqb.gasjstrjbcikv6nswnk4qkodo.tunnel-poc.com,2,lab_iodine,iodine,True,dns_tunnel
cdn.enbeauce.cc,0,tranco_benign,benign,False,benign
disciplinedisappointedflow.com,1,dga_cluster_44,dga,False,dga
pamafxrq.tunnel-org.org,2,original_hex_tunnel,original_tunnel,False,dns_tunnel
cdn-cache-742759be.cf-ipfs.com,0,benign_cdn,benign,True,benign
redlandscapevoicemarketmove.com,1,dga_cluster_40,dga,False,dga
apamanshop.org,0,tranco_benign,benign,False,benign
playsforu.me,0,tranco_benign,benign,False,benign
passfail.org,0,tranco_benign,benign,False,benign
najdetesevevlastnim.com,0,tranco_benign,benign,False,benign
urosevic.xyz,0,tranco_benign,benign,False,benign
www.cofamedia.com,0,tranco_benign,benign,False,benign
v4.2qz6hyxhqhj3lru2irh5m3qavu.v3zl5o7ihgweh4dje.lab-tunnel.org,2,lab_iodine,iodine,True,dns_tunnel
sksoft.site,0,tranco_benign,benign,False,benign
45ae01b2c55a717b4cc80100210d94d774.tunnel-info.info,2,original_hex_tunnel,original_tunnel,False,dns_tunnel
kislikbotfirsati.com,0,tranco_benign,benign,False,benign
static.download-handbuch.org,0,tranco_benign,benign,False,benign
bigbathroomshop.net,0,tranco_benign,benign,False,benign
paradisegroup.com,0,tranco_benign,benign,False,benign
platformretirerecognizereason.com,1,dga_cluster_41,dga,False,dga
pamafwzi.tunnel-io.io,2,original_hex_tunnel,original_tunnel,False,dns_tunnel
alfange.info,0,tranco_benign,benign,False,benign
asboasnovas.co,0,tranco_benign,benign,False,benign
pourshafi.com,0,tranco_benign,benign,False,benign
wellputt.com,0,tranco_benign,benign,False,benign
static.poukamisas.com,0,tranco_benign,benign,False,benign
vinedimipib.com,1,dga_cluster_44,dga,False,dga
qabmfordlinnetavox.top,1,dga_cluster_42,dga,False,dga
www.diskstory.com,0,tranco_benign,benign,False,benign
qmplmachuslazaroqok.co,1,dga_cluster_40,dga,False,dga
menafn.com,0,tranco_benign,benign,False,benign
peacebattlereservemailwitness.net,1,dga_cluster_43,dga,False,dga
dnscat.9924ebb7.65e04d24a543ac83f57695b7be179.tunnel-sec.biz,2,lab_dnscat2,dnscat2,True,dns_tunnel
arkfrancegaming.com,0,tranco_benign,benign,False,benign
wgsmsjbwcucare.com,1,dga_cluster_40,dga,False,dga
cheenachatti.com,0,tranco_benign,benign,False,benign
0yfbipdnggyhambygkygqod2o5qhayd1hqhmxaarrgebtz1grddcze042ngabb.tunnel-com.com,2,original_hex_tunnel,original_tunnel,False,dns_tunnel
styleandgeek.io,0,tranco_benign,benign,False,benign
dnhppartbulkyf.com,1,dga_cluster_40,dga,False,dga
agrinio24.com,0,tranco_benign,benign,False,benign
humbleraja.io,0,tranco_benign,benign,False,benign
srv.r3d5cl4crkvas5wjkmmf5hvuvak.7yn4anlmqftaiqqwsspefatlpwiaiw5to3hzibf.dns-exfil.net,2,lab_iodine,iodine,True,dns_tunnel
securehostdns.co,0,tranco_benign,benign,False,benign
auth5.a189iq7c0uhnnvqvv8ns3ytgnvb.tunnel-sec.biz,2,lab_dns2tcp,dns2tcp,True,dns_tunnel
login.bembibredigital.info,0,tranco_benign,benign,False,benign
vet10.org,0,tranco_benign,benign,False,benign
lyppedvx.com,1,dga_cluster_44,dga,False,dga
euro-wino.com,0,tranco_benign,benign,False,benign
avantcha.com,0,tranco_benign,benign,False,benign
mellowads.info,0,tranco_benign,benign,False,benign
mkxeererwyatanb.com,1,dga_cluster_41,dga,False,dga
hudebni-obchod.com,0,tranco_benign,benign,False,benign
indianfaculty.com,0,tranco_benign,benign,False,benign
cdn.dzsm.net,0,tranco_benign,benign,False,benign
www.zntr.top,0,tranco_benign,benign,False,benign
build-299d20da500e806e.github.io,0,benign_hex_service,benign,True,benign
zrdwmachuslazaroqok.co,1,dga_cluster_40,dga,False,dga
syskay.com,0,tranco_benign,benign,False,benign
prod-cdn-535.global.ssl.fastly.net,0,benign_cdn,benign,True,benign
8.a.7.a.e.3.c.8.b.a.7.d.2.1.d.4.ip6.arpa,0,benign_reverse_dns,benign,True,benign
auth5.qpqgwai4eibb825lc1e74l9abq5kffkbov8xaxcfhcougsoul.dns-exfil.net,2,lab_dns2tcp,dns2tcp,True,dns_tunnel
pagescheduleshoulderneck.com,1,dga_cluster_44,dga,False,dga
vm-prod-8800a2a5.westeurope.cloudapp.azure.com,0,benign_cloud_instance,benign,True,benign
mmvwfordlinnetavox.org,1,dga_cluster_42,dga,False,dga
147.59.53.224.in-addr.arpa,0,benign_reverse_dns,benign,True,benign
military-today.xyz,0,tranco_benign,benign,False,benign
yemcfordlinnetavox.net,1,dga_cluster_42,dga,False,dga
auth3.3lok56sdu6ipzyfhr32u952uzg8ncxkoo7dyxo9cz5h2tp9on0.tunnel-sec.biz,2,lab_dns2tcp,dns2tcp,True,dns_tunnel
7bc2399d70aade49ee73c0a92de0794ab614cccf98d98.lab-tunnel.org,2,lab_dnscat2,dnscat2,True,dns_tunnel
txt.l5aeasgtgfs7r7cqsxc.lab-tunnel.org,2,lab_iodine,iodine,True,dns_tunnel
rxuqmachuslazaroqok.com,1,dga_cluster_40,dga,False,dga
qujoererwyatanb.com,1,dga_cluster_41,dga,False,dga
vdbmererwyatanb.com,1,dga_cluster_41,dga,False,dga
vm-prod-2b570a9e.westeurope.cloudapp.azure.com,0,benign_cloud_instance,benign,True,benign
blog.117interactive.net,0,tranco_benign,benign,False,benign
pavon.org,0,tranco_benign,benign,False,benign
xuxarod.com,1,dga_cluster_40,dga,False,dga
d58b84288a2f968.cloudfront.net,0,benign_cdn,benign,True,benign
wifeshinestaymusclenotice.site,1,dga_cluster_43,dga,False,dga
healthinaging.biz,0,tranco_benign,benign,False,benign
hollywoodresorts.net,0,tranco_benign,benign,False,benign
fhgzfordlinnetavox.com,1,dga_cluster_42,dga,False,dga
mikbaits.com,0,tranco_benign,benign,False,benign
2aabppdnggyhambydxqfayhaobqgazd0ogkmxaar2wayga0ysslambrfayp2zd.tunnel-com.com,2,original_hex_tunnel,original_tunnel,False,dns_tunnel
mail.ofu.top,0,tranco_benign,benign,False,benign
dev.flava.com,0,tranco_benign,benign,False,benign
tbsafordlinnetavox.org,1,dga_cluster_42,dga,False,dga
cghibqedgxyo.com,1,dga_cluster_44,dga,False,dga
shop.menicon.com,0,tranco_benign,benign,False,benign
gknbmachuslazaroqok.com,1,dga_cluster_40,dga,False,dga
paiiaoqq.tunnel-xyz.xyz,2,original_hex_tunnel,original_tunnel,False,dns_tunnel
624a014ab01f1bc21a23df000439e8d294c8ee493950ad2bdf42120b3bf3.tunnel-com.com,2,original_hex_tunnel,original_tunnel,False,dns_tunnel
mahajobs.com,0,tranco_benign,benign,False,benign
ihookup.online,0,tranco_benign,benign,False,benign
dtsqererwyatanb.com,1,dga_cluster_41,dga,False,dga
srv.svav7mvfx3vim2g4.jnkd2atxjog4wrcz.bvczdkqbpay5uq2j36islnwl6hicnqit.lab-tunnel.org,2,lab_iodine,iodine,True,dns_tunnel
portal.milliondeal.com,0,tranco_benign,benign,False,benign
hopeinvolveddisappointed.com,1,dga_cluster_44,dga,False,dga
portal.aalphayellowcab.io,0,tranco_benign,benign,False,benign
waynehomes.com,0,tranco_benign,benign,False,benign
profesionalni-fotografka.io,0,tranco_benign,benign,False,benign
felkiss.site,0,tranco_benign,benign,False,benign
c4cjzgynshed121dajxdaoesk.com,1,dga_cluster_44,dga,False,dga
de8b1750ed1f511.cloudfront.net,0,benign_cdn,benign,True,benign
jrthsagabardinedazyx.co,1,dga_cluster_44,dga,False,dga
getfrank.com,0,tranco_benign,benign,False,benign
api.hostica.com,0,tranco_benign,benign,False,benign
teamcomputers.biz,0,tranco_benign,benign,False,benign
ecbofordlinnetavox.org,1,dga_cluster_42,dga,False,dga
null.mxchqkkhj7lsuxsm454u.tunnel-poc.com,2,lab_iodine,iodine,True,dns_tunnel
pamafxma.tunnel-org.org,2,original_hex_tunnel,original_tunnel,False,dns_tunnel
djkristoffer.info,0,tranco_benign,benign,False,benign
mail.ensinar-aprender.net,0,tranco_benign,benign,False,benign
how-to-draw.com,0,tranco_benign,benign,False,benign
homelycreatures.com,0,tranco_benign,benign,False,benign
dokkyomed.com,0,tranco_benign,benign,False,benign
d36b11a959b15d0.cloudfront.net,0,benign_cdn,benign,True,benign
twolistensalarypresspoptree.io,1,dga_cluster_43,dga,False,dga
luxbud.info,0,tranco_benign,benign,False,benign
1wwtx.net,0,tranco_benign,benign,False,benign
pamafsty.tunnel-com.com,2,original_hex_tunnel,original_tunnel,False,dns_tunnel
ec2-203-124-44-187.compute-1.amazonaws.com,0,benign_cloud_instance,benign,True,benign
bluraycd.site,0,tranco_benign,benign,False,benign
nbloererwyatanb.com,1,dga_cluster_41,dga,False,dga
d3f101ce43b78fb41a42f8001ef0cd0418.tunnel-net.net,2,original_hex_tunnel,original_tunnel,False,dns_tunnel
build-e10225e7c65143.azurewebsites.net,0,benign_hex_service,benign,True,benign
waschmaschinen-tests.io,0,tranco_benign,benign,False,benign
dev.inspirationcruises.xyz,0,tranco_benign,benign,False,benign
ltqwfordlinnetavox.org,1,dga_cluster_42,dga,False,dga
auth5.ayiklnt64ebqr1nm0nhy0u8d15be0ezykw9si0284c.tunnel-sec.biz,2,lab_dns2tcp,dns2tcp,True,dns_tunnel
okayla.com,0,tranco_benign,benign,False,benign
vacationwheelthinkparkboard.com,1,dga_cluster_40,dga,False,dga
aleklasa.top,0,tranco_benign,benign,False,benign
osaka69.online,0,tranco_benign,benign,False,benign
cdn.splayer.com,0,tranco_benign,benign,False,benign
mredfdk.com,1,dga_cluster_44,dga,False,dga
metalimpressappreciatesource.site,1,dga_cluster_43,dga,False,dga
paeaakza.tunnel-com.com,2,original_hex_tunnel,original_tunnel,False,dns_tunnel
nastyrat.com,0,tranco_benign,benign,False,benign
csdnsagabardinedazyx.com,1,dga_cluster_44,dga,False,dga
wqsipartbulkyf.com,1,dga_cluster_40,dga,False,dga
planroomcollarwakestaffteam.com,1,dga_cluster_40,dga,False,dga
carbideprocessors.net,0,tranco_benign,benign,False,benign
izc.top,0,tranco_benign,benign,False,benign
bizporto.net,0,tranco_benign,benign,False,benign
m.platinpower.info,0,tranco_benign,benign,False,benign
oktlmnchedkp.com,1,dga_cluster_44,dga,False,dga
dnscat.08f7f588.439effff1856c892445d.tunnel-poc.com,2,lab_dnscat2,dnscat2,True,dns_tunnel
ukhyfordlinnetavox.online,1,dga_cluster_42,dga,False,dga
uzlatehotygra.org,0,tranco_benign,benign,False,benign
molekularnikuchyne-eshop.com,0,tranco_benign,benign,False,benign
pnwrwowynwar.com,1,dga_cluster_40,dga,False,dga
ladyservesharpsetestimate.biz,1,dga_cluster_43,dga,False,dga
dev.taborymamut.com,0,tranco_benign,benign,False,benign
zuhausewohnen.top,0,tranco_benign,benign,False,benign
ysxdpartbulkyf.com,1,dga_cluster_40,dga,False,dga
hrwssagabardinedazyx.com,1,dga_cluster_44,dga,False,dga
manheimglobaltrader.com,0,tranco_benign,benign,False,benign
luthierscollection.com,0,tranco_benign,benign,False,benign
oooojournal.net,0,tranco_benign,benign,False,benign
build-d67be7979.pages.dev,0,benign_hex_service,benign,True,benign
oajwererwyatanb.com,1,dga_cluster_41,dga,False,dga
liematterdealhappeninterested.io,1,dga_cluster_43,dga,False,dga
mail.neonatologie.com,0,tranco_benign,benign,False,benign
honda-liberec.site,0,tranco_benign,benign,False,benign
hs-wismar.org,0,tranco_benign,benign,False,benign
dfedjmtltdun.com,1,dga_cluster_44,dga,False,dga
linak.com,0,tranco_benign,benign,False,benign
adult-life.net,0,tranco_benign,benign,False,benign
uktyererwyatanb.info,1,dga_cluster_41,dga,False,dga
auth1.6o3bf6mjwoz0t1jy0l9mjxmtcpvr5b7fbolc4730mumcyz.lab-tunnel.org,2,lab_dns2tcp,dns2tcp,True,dns_tunnel
cdn.papacv.com,0,tranco_benign,benign,False,benign
ugsufordlinnetavox.com,1,dga_cluster_42,dga,False,dga
laldjhqlbjpckejpcjargwyx3dhjbi5i.tunnel-pro.pro,2,original_hex_tunnel,original_tunnel,False,dns_tunnel
srv.ln2y5fv3i2sfss7cn474a3zqnc46gvmxkqyqcrwhofzn.x3aqbs2hciwa5eplh7e5uukxwh43letbb.67cygodv4djaurlmwmab4.tunnel-poc.com,2,lab_iodine,iodine,True,dns_tunnel
sopwsagabardinedazyx.com,1,dga_cluster_44,dga,False,dga
reefbuilders.com,0,tranco_benign,benign,False,benign
txt.crcpgy66ckiycatmuxt76fzvxny7kopw2degs7r.wqn5bt2olwmp352no5obr.pzir7pflliqalwdrojuy7ieujj.dns-exfil.net,2,lab_iodine,iodine,True,dns_tunnel
53.207.172.153.in-addr.arpa,0,benign_reverse_dns,benign,True,benign
blog.healurheart.co,0,tranco_benign,benign,False,benign
stefanka.pro,0,tranco_benign,benign,False,benign
nlcifordlinnetavox.io,1,dga_cluster_42,dga,False,dga
static.hedeffilo.net,0,tranco_benign,benign,False,benign
hostelcritic.com,0,tranco_benign,benign,False,benign
1mjbevsolzavcskzivku0xkdknfvwr0xj3pubugi1dcnjte2qbpesb13a.tunnel-org.org,2,original_hex_tunnel,original_tunnel,False,dns_tunnel
recepty.net,0,tranco_benign,benign,False,benign
fjvzsagabardinedazyx.co,1,dga_cluster_44,dga,False,dga
api.avtlg.xyz,0,tranco_benign,benign,False,benign
nnsvererwyatanb.net,1,dga_cluster_41,dga,False,dga
lbubfordlinnetavox.me,1,dga_cluster_42,dga,False,dga
xledsagabardinedazyx.com,1,dga_cluster_44,dga,False,dga
thtefordlinnetavox.com,1,dga_cluster_42,dga,False,dga
simtk.com,0,tranco_benign,benign,False,benign
shop.src.com,0,tranco_benign,benign,False,benign
dev.doujinmoe.info,0,tranco_benign,benign,False,benign
02wahyzfph250plzqlpi1b2d2pu12irpje1ismupzuicqggg4lmifivutq2o1u.tunnel-net.net,2,original_hex_tunnel,original_tunnel,False,dns_tunnel
feelindiatours.org,0,tranco_benign,benign,False,benign
yyfamachuslazaroqok.com,1,dga_cluster_40,dga,False,dga
api.autozone.com,0,tranco_benign,benign,False,benign
www.manuelriesgo.com,0,tranco_benign,benign,False,benign
v4.yzivq4bpy2ysicorbl2ly.tunnel-poc.com,2,lab_iodine,iodine,True,dns_tunnel
online-journals.com,0,tranco_benign,benign,False,benign
dnscat.fc775d17.7eb2242fc5159fb3ec1a56d8e84c20dd9b.dns-exfil.net,2,lab_dnscat2,dnscat2,True,dns_tunnel
api.xs222.com,0,tranco_benign,benign,False,benign
90.148.6.12.in-addr.arpa,0,benign_reverse_dns,benign,True,benign
auth7.4b7t032syu2w5h5rj74w0usp5fl5gybexdrp91wvjw0xihofpqbh.lab-tunnel.org,2,lab_dns2tcp,dns2tcp,True,dns_tunnel
seqr3t.com,0,tranco_benign,benign,False,benign
npnparents.com,0,tranco_benign,benign,False,benign
saaten-union.com,0,tranco_benign,benign,False,benign
prod-cdn-344.global.ssl.fastly.net,0,benign_cdn,benign,True,benign
umvdfordlinnetavox.com,1,dga_cluster_42,dga,False,dga
pamafsuy.tunnel-biz.biz,2,original_hex_tunnel,original_tunnel,False,dns_tunnel
kqirpsusfuarjg.com,1,dga_cluster_40,dga,False,dga
boogspace.org,0,tranco_benign,benign,False,benign
lasthourly.com,0,tranco_benign,benign,False,benign
kipra.com,0,tranco_benign,benign,False,benign
bazen-neratovice.site,0,tranco_benign,benign,False,benign
auth.ppdownload.com,0,tranco_benign,benign,False,benign
qicqearo.com,1,dga_cluster_40,dga,False,dga
dnscat.859963ee.78cb84f4af107505b7779d5f074eb08b3ae49401917c7.dns-exfil.net,2,lab_dnscat2,dnscat2,True,dns_tunnel
wavechairfixedneedpackstop.cc,1,dga_cluster_44,dga,False,dga
152.51.85.123.in-addr.arpa,0,benign_reverse_dns,benign,True,benign
8367da205c58ba0bd243f6219eb09d8320e867cd02d43555921ae72ef25.tunnel-sec.biz,2,lab_dnscat2,dnscat2,True,dns_tunnel
ckibanarianaqh.com,1,dga_cluster_40,dga,False,dga
lvpsmachuslazaroqok.com,1,dga_cluster_40,dga,False,dga
1ed0voyfu8l9buq9d5ll92kco.com,1,dga_cluster_44,dga,False,dga
schoolcalendars.me,0,tranco_benign,benign,False,benign
studioziveri.net,0,tranco_benign,benign,False,benign
247.134.136.8.in-addr.arpa,0,benign_reverse_dns,benign,True,benign
web-expert.net,0,tranco_benign,benign,False,benign
weddingslicelostholesteal.org,1,dga_cluster_43,dga,False,dga
m.shemaleidol.top,0,tranco_benign,benign,False,benign
solidopinion.com,0,tranco_benign,benign,False,benign
balanceacceptwakekeeprelax.com,1,dga_cluster_40,dga,False,dga
null.i6r6mbvrspbn7z6fibeh3r5hjxzqdl5qv2a.3d4c6rum6nbzf6qpkbfflen225zf.tunnel-poc.com,2,lab_iodine,iodine,True,dns_tunnel
auth1.otcnq0h607wmaabudl0927fgaf9j4gkujbr.ns-data.io,2,lab_dns2tcp,dns2tcp,True,dns_tunnel
dogdrip.net,0,tranco_benign,benign,False,benign
dnscat.def96b79.dbeda5d37e97aac50dca48e928d60ba5d3657f4a9695416f34d277295b56.ns-data.io,2,lab_dnscat2,dnscat2,True,dns_tunnel
frugallivingnw.net,0,tranco_benign,benign,False,benign
mail.ebay-spb.org,0,tranco_benign,benign,False,benign
cydcor.xyz,0,tranco_benign,benign,False,benign
dev.sapphic-erotica.io,0,tranco_benign,benign,False,benign
srv.wzjkigtkg4dkoknzmruwwscndtft4xycwh6plj646sxw.nbdnkzl4tomb2hvlid4f.qehukdd64ah5vf4q.lab-tunnel.org,2,lab_iodine,iodine,True,dns_tunnel
wolfsbane.info,0,tranco_benign,benign,False,benign
shop.amsterdamwijn.com,0,tranco_benign,benign,False,benign
usg.top,0,tranco_benign,benign,False,benign
pamaaofq.tunnel-com.com,2,original_hex_tunnel,original_tunnel,False,dns_tunnel
eqeefordlinnetavox.com,1,dga_cluster_42,dga,False,dga
medienversand.com,0,tranco_benign,benign,False,benign
lookbook.com,0,tranco_benign,benign,False,benign
cibamachuslazaroqok.com,1,dga_cluster_40,dga,False,dga
libertymountainresort.com,0,tranco_benign,benign,False,benign
browardhealth.com,0,tranco_benign,benign,False,benign
0mbavpdnggyhambygkybqgfwhmydqmd3szrzfydeajremonlqrrwyfbtbvbzm5.tunnel-xyz.xyz,2,original_hex_tunnel,original_tunnel,False,dns_tunnel
jbysfordlinnetavox.net,1,dga_cluster_42,dga,False,dga
audacity-forum.com,0,tranco_benign,benign,False,benign
auth2.5v9nn6rfczfdsxw6pqqm1zy1.tunnel-sec.biz,2,lab_dns2tcp,dns2tcp,True,dns_tunnel
accon.site,0,tranco_benign,benign,False,benign
newsgamescurrent.net,0,tranco_benign,benign,False,benign
filmdatebottletearmarket.top,1,dga_cluster_43,dga,False,dga
jeremy-allard.com,0,tranco_benign,benign,False,benign
e-doutniky.net,0,tranco_benign,benign,False,benign
gosciniec-jankowski.com,0,tranco_benign,benign,False,benign
cnsns.com,0,tranco_benign,benign,False,benign
www.patracka.online,0,tranco_benign,benign,False,benign
cechiezastavka.online,0,tranco_benign,benign,False,benign
a246-195-146-66.deploy.static.akamaitechnologies.com,0,benign_cdn,benign,True,benign
yourencore.com,0,tranco_benign,benign,False,benign
thewatchcabin.biz,0,tranco_benign,benign,False,benign
hjzpererwyatanb.site,1,dga_cluster_41,dga,False,dga
lelait.com,0,tranco_benign,benign,False,benign
ndzjmachuslazaroqok.com,1,dga_cluster_40,dga,False,dga
excelacademy.com,0,tranco_benign,benign,False,benign
mijmfordlinnetavox.org,1,dga_cluster_42,dga,False,dga
llwkererwyatanb.biz,1,dga_cluster_41,dga,False,dga
edckxnnfrbuo.com,1,dga_cluster_44,dga,False,dga
iardrkpqslttch.com,1,dga_cluster_40,dga,False,dga
xcoarcwlqwcxjpaydldi.com,1,dga_cluster_40,dga,False,dga
txt.avb2o2f4idjf6sljnacp.lab-tunnel.org,2,lab_iodine,iodine,True,dns_tunnel
32.193.239.171.in-addr.arpa,0,benign_reverse_dns,benign,True,benign
prod-cdn-706.global.ssl.fastly.net,0,benign_cdn,benign,True,benign
newyorkenergyproviders.info,0,tranco_benign,benign,False,benign
auth5.juvxgd3bcjzrpzdvqmyp0sonmc50fb6vqwe2kwg.dns-exfil.net,2,lab_dns2tcp,dns2tcp,True,dns_tunnel
manmfordlinnetavox.com,1,dga_cluster_42,dga,False,dga
www.redrocksonline.co,0,tranco_benign,benign,False,benign
guia-ubuntu.com,0,tranco_benign,benign,False,benign
mmnxfordlinnetavox.cc,1,dga_cluster_42,dga,False,dga
hrbefordlinnetavox.com,1,dga_cluster_42,dga,False,dga
1manda51dz0dmi1wfuka610qrarf.com,1,dga_cluster_40,dga,False,dga
mail.thegrue.net,0,tranco_benign,benign,False,benign
teamcom.top,0,tranco_benign,benign,False,benign
bynrfmzar.com,1,dga_cluster_40,dga,False,dga
nykoping.com,0,tranco_benign,benign,False,benign
easyindexplugin.biz,0,tranco_benign,benign,False,benign
bartsport.com,0,tranco_benign,benign,False,benign
bndcfordlinnetavox.com,1,dga_cluster_42,dga,False,dga
assistantsearchcreamdisappointed.top,1,dga_cluster_43,dga,False,dga
login.softncracks.com,0,tranco_benign,benign,False,benign
genoo.co,0,tranco_benign,benign,False,benign
swision.co,0,tranco_benign,benign,False,benign
v4.lycxh43pqouiu6n6lzu5o2n.h3lflnz3ndf7zftxjdyz7fkf4aqaxaom2bi7gtpzw.dns-exfil.net,2,lab_iodine,iodine,True,dns_tunnel
bang-olufsen.com,0,tranco_benign,benign,False,benign
login.realcedar.com,0,tranco_benign,benign,False,benign
www.velkekino.com,0,tranco_benign,benign,False,benign
capturedsnapshots.net,0,tranco_benign,benign,False,benign
dev.ubytovaniukrtecka.com,0,tranco_benign,benign,False,benign
protiviti.com,0,tranco_benign,benign,False,benign
v4.7edfo6c7oqod2ov4u3ntn2.dns-exfil.net,2,lab_iodine,iodine,True,dns_tunnel
build-7acac4e45df06c.gitlab.io,0,benign_hex_service,benign,True,benign
bmumstdsedmu.com,1,dga_cluster_44,dga,False,dga
auth.artaquarium.com,0,tranco_benign,benign,False,benign
dev.cabreromarinaclub.net,0,tranco_benign,benign,False,benign
api.luxusnipovrchy.net,0,tranco_benign,benign,False,benign
quuipartbulkyf.com,1,dga_cluster_40,dga,False,dga
football-leaks.pro,0,tranco_benign,benign,False,benign
paaap4ya.tunnel-com.com,2,original_hex_tunnel,original_tunnel,False,dns_tunnel
m.pakistanmediaupdates.info,0,tranco_benign,benign,False,benign
silocreativo.com,0,tranco_benign,benign,False,benign
tasteestimatevisithabitperform.com,1,dga_cluster_43,dga,False,dga
sanmarino-pizza.com,0,tranco_benign,benign,False,benign
pfsunited.net,0,tranco_benign,benign,False,benign
v4.kcvwnra6lactxrhfa3inu.sv3oryebpmq5g7saxfxpco7xoxtv3fy.m5a2puryc4d6yt45i6d6oi6ezjzpfmbc.dns-exfil.net,2,lab_iodine,iodine,True,dns_tunnel
1iibce4x0bkfevsrkvjvougu0llndvotw4ydimrwge0tgbyapf2yl5u.tunnel-com.com,2,original_hex_tunnel,original_tunnel,False,dns_tunnel
blog.epicpix.co,0,tranco_benign,benign,False,benign
findtonight.org,0,tranco_benign,benign,False,benign
besttemplates.com,0,tranco_benign,benign,False,benign
cimbemerchant.com,0,tranco_benign,benign,False,benign
codeworks.online,0,tranco_benign,benign,False,benign
auth9.97w2ikaqh0vv16tvtkd83rb8oh217261ebbl3.ns-data.io,2,lab_dns2tcp,dns2tcp,True,dns_tunnel
dfhzpartbulkyf.com,1,dga_cluster_40,dga,False,dga
ggeek.com,0,tranco_benign,benign,False,benign
ucetnictvi-klatovy.org,0,tranco_benign,benign,False,benign
pxkiererwyatanb.com,1,dga_cluster_41,dga,False,dga
nrvqpartbulkyf.com,1,dga_cluster_40,dga,False,dga
build-d4036f393728.gitlab.io,0,benign_hex_service,benign,True,benign
24d001ce43e4c33c9c739f002dfb84468d.tunnel-org.org,2,original_hex_tunnel,original_tunnel,False,dns_tunnel
quisfordlinnetavox.io,1,dga_cluster_42,dga,False,dga
itmuniversityonline.com,0,tranco_benign,benign,False,benign
auth.mvtek.com,0,tranco_benign,benign,False,benign
vrzalka.com,0,tranco_benign,benign,False,benign
pdeimachuslazaroqok.com,1,dga_cluster_40,dga,False,dga
auth.capemayjazz.cc,0,tranco_benign,benign,False,benign
6b9201e28c75b627b3e7aa0008b5f484153229b0d32f8a805571b5adaffa.tunnel-org.org,2,original_hex_tunnel,original_tunnel,False,dns_tunnel
mail.racersreunion.net,0,tranco_benign,benign,False,benign
null.ev7ach3oltxbkhkva4ymudcb5pn6.lab-tunnel.org,2,lab_iodine,iodine,True,dns_tunnel
pamafxhq.tunnel-com.com,2,original_hex_tunnel,original_tunnel,False,dns_tunnel
airbornedrones.org,0,tranco_benign,benign,False,benign
easeinterestedloosevoice.net,1,dga_cluster_43,dga,False,dga
facebookhitlist.com,0,tranco_benign,benign,False,benign
lvyrmachuslazaroqok.com,1,dga_cluster_40,dga,False,dga
ntvzmachuslazaroqok.com,1,dga_cluster_40,dga,False,dga
kungfu4less.org,0,tranco_benign,benign,False,benign
wcxdpartbulkyf.com,1,dga_cluster_40,dga,False,dga
leaveplanner.io,0,tranco_benign,benign,False,benign
breqfordlinnetavox.xyz,1,dga_cluster_42,dga,False,dga
astel.online,0,tranco_benign,benign,False,benign
vtxyererwyatanb.xyz,1,dga_cluster_41,dga,False,dga
oldmerin.biz,0,tranco_benign,benign,False,benign
treecrewclubmarkschedule.com,1,dga_cluster_40,dga,False,dga
ec2-117-245-203-211.compute-1.amazonaws.com,0,benign_cloud_instance,benign,True,benign
filofax.com,0,tranco_benign,benign,False,benign
1368ae472127102654ff15ea0104.dns-exfil.net,2,lab_dnscat2,dnscat2,True,dns_tunnel
0ymbje4x0bkfevsrkvjvougu0llndvotw4ydimrwge0tgbyaclyym5q.tunnel-info.info,2,original_hex_tunnel,original_tunnel,False,dns_tunnel
242.212.206.204.in-addr.arpa,0,benign_reverse_dns,benign,True,benign
api.kinoclips.xyz,0,tranco_benign,benign,False,benign
miwafordlinnetavox.com,1,dga_cluster_42,dga,False,dga
df72a5468370b22.cloudfront.net,0,benign_cdn,benign,True,benign
ronal.me,0,tranco_benign,benign,False,benign
blcuererwyatanb.com,1,dga_cluster_41,dga,False,dga
null.4zwxie3wit7wklcsryssrh2msflookqytpaoadwxg.qiqrkcjkdkenlx3pkinnxkxn26o5dpo.tunnel-sec.biz,2,lab_iodine,iodine,True,dns_tunnel
rzokfordlinnetavox.com,1,dga_cluster_42,dga,False,dga
dnscat.79479bb6.a8b14f67c95d9bc008cbc3c4a7bb.ns-data.io,2,lab_dnscat2,dnscat2,True,dns_tunnel
auth5.3yxe3944wtftcrricg3nc2kjb14dgrc.lab-tunnel.org,2,lab_dns2tcp,dns2tcp,True,dns_tunnel
easywhois.org,0,tranco_benign,benign,False,benign
fnaumachuslazaroqok.com,1,dga_cluster_40,dga,False,dga
arzc3d6jky5pdyqe1h.com,1,dga_cluster_40,dga,False,dga
energomonitor.com,0,tranco_benign,benign,False,benign
imksmachuslazaroqok.com,1,dga_cluster_40,dga,False,dga
chinadsl.org,0,tranco_benign,benign,False,benign
acouplecooks.site,0,tranco_benign,benign,False,benign
dev.wetdreamforum.xyz,0,tranco_benign,benign,False,benign
siga.com,0,tranco_benign,benign,False,benign
kdekdyjak.com,0,tranco_benign,benign,False,benign
orgasmictipsforgirls.com,0,tranco_benign,benign,False,benign
qadffordlinnetavox.org,1,dga_cluster_42,dga,False,dga
poolsupplies.net,0,tranco_benign,benign,False,benign
apni.com,0,tranco_benign,benign,False,benign
wellappointeddesk.com,0,tranco_benign,benign,False,benign
nst-reality.com,0,tranco_benign,benign,False,benign
zl33ax1v6arukhj54i10gkl3n.com,1,dga_cluster_40,dga,False,dga
dnscat.101aea6d.f5e4648b0de0173ab7b7c8.dns-exfil.net,2,lab_dnscat2,dnscat2,True,dns_tunnel
xvkpsagabardinedazyx.pro,1,dga_cluster_44,dga,False,dga
ztrksagabardinedazyx.com,1,dga_cluster_44,dga,False,dga
m.quantum-advertising.net,0,tranco_benign,benign,False,benign
aliresearch.org,0,tranco_benign,benign,False,benign
cdn.dm-labo.xyz,0,tranco_benign,benign,False,benign
2ymbkts4ifiuswkfkvgv0q0tjnnuov0pl3anbsgyytkmzheahojyn5m.tunnel-co.co,2,original_hex_tunnel,original_tunnel,False,dns_tunnel
wkmomachuslazaroqok.com,1,dga_cluster_40,dga,False,dga
kqtrpartbulkyf.com,1,dga_cluster_40,dga,False,dga
dnscat.d9c9c719.0ac906bfccb5ea2ad14d5d8c23d55cb.dns-exfil.net,2,lab_dnscat2,dnscat2,True,dns_tunnel
tfrdmachuslazaroqok.com,1,dga_cluster_40,dga,False,dga
edgfjihdqije.com,1,dga_cluster_44,dga,False,dga
maruhans.com,0,tranco_benign,benign,False,benign
dogfartnetwork.co,0,tranco_benign,benign,False,benign
rc1570a5aed365daa99caa4a133ab32454.com,1,dga_cluster_44,dga,False,dga
globalunite.com,0,tranco_benign,benign,False,benign
portal.eliteclubsnationalleague.org,0,tranco_benign,benign,False,benign
theconceptartblog.com,0,tranco_benign,benign,False,benign
kidsessays.com,0,tranco_benign,benign,False,benign
10dmjg2y8d86mo6-ssrwearczq8k3jj8ta84vvseeazw3f_5itvko6ao4s6q8d3_f.tunnel-com.com,2,original_hex_tunnel,original_tunnel,False,dns_tunnel
societyoccurestimateimpress.xyz,1,dga_cluster_43,dga,False,dga
webmasterbabble.com,0,tranco_benign,benign,False,benign
tocvideo.biz,0,tranco_benign,benign,False,benign
skecmachuslazaroqok.com,1,dga_cluster_40,dga,False,dga
portal.tvb1.net,0,tranco_benign,benign,False,benign
cameraoperaterentsortgarage.top,1,dga_cluster_41,dga,False,dga
owfnfordlinnetavox.com,1,dga_cluster_42,dga,False,dga
api.travelheyday.info,0,tranco_benign,benign,False,benign
uybqpartbulkyf.com,1,dga_cluster_40,dga,False,dga
v4.cx4gcje642zwpk64flwntmuoosjc6sh.xie57rdx47x5ebcbwxvkkow.lab-tunnel.org,2,lab_iodine,iodine,True,dns_tunnel
naabdrqvj.tunnel-com.com,2,original_hex_tunnel,original_tunnel,False,dns_tunnel
1.4.d.b.d.2.4.b.7.a.7.8.5.5.2.c.ip6.arpa,0,benign_reverse_dns,benign,True,benign
frcqfordlinnetavox.com,1,dga_cluster_42,dga,False,dga
uhren-schmuck.info,0,tranco_benign,benign,False,benign
jbelfordlinnetavox.com,1,dga_cluster_42,dga,False,dga
kagmfordlinnetavox.com,1,dga_cluster_42,dga,False,dga
ffe6c529ff089f99c0833249a6edaeb49e85c6969.lab-tunnel.org,2,lab_dnscat2,dnscat2,True,dns_tunnel
api.avayeghtesad.biz,0,tranco_benign,benign,False,benign
0yebhpdnggyhambygkyaigftxeydqmb4nxqrfydeajremdqgmpgt2lmmfrdk0k.tunnel-xyz.xyz,2,original_hex_tunnel,original_tunnel,False,dns_tunnel
wideopencamera.net,0,tranco_benign,benign,False,benign
xxampartbulkyf.com,1,dga_cluster_40,dga,False,dga
ciddfordlinnetavox.org,1,dga_cluster_42,dga,False,dga
v4.fripwnxv7m2qoumnjzrohsjjyhvlqojllz7qtc3bq5.4lrhnaq54r4fbsp32fpoevrrs3u2iwrrxmewmvn.3blue7w7bm4ikke5tajgtd.dns-exfil.net,2,lab_iodine,iodine,True,dns_tunnel
guidedelavoyance.com,0,tranco_benign,benign,False,benign
paaylcfa.tunnel-online.online,2,original_hex_tunnel,original_tunnel,False,dns_tunnel
build-c836507cdd9c99.github.io,0,benign_hex_service,benign,True,benign
hotex.me,0,tranco_benign,benign,False,benign
funeralrewardschoolboxlawyer.cc,1,dga_cluster_41,dga,False,dga
eventy.io,0,tranco_benign,benign,False,benign
kuvempuuniversitydde.pro,0,tranco_benign,benign,False,benign
podkuvka.com,0,tranco_benign,benign,False,benign
api.akvac.io,0,tranco_benign,benign,False,benign
freefakir.site,0,tranco_benign,benign,False,benign
mobcfordlinnetavox.com,1,dga_cluster_42,dga,False,dga
auth8.4p2so9jgz6slcrh68doz2k2drrw1o88nx4cocn3xnqep.lab-tunnel.org,2,lab_dns2tcp,dns2tcp,True,dns_tunnel
laogsqlsxgrveugq11eax3jt5ndsakay.tunnel-com.com,2,original_hex_tunnel,original_tunnel,False,dns_tunnel
jnvksagabardinedazyx.com,1,dga_cluster_44,dga,False,dga
db579e1ce8fb593b55200c66659feedee8.com,1,dga_cluster_44,dga,False,dga
vaaaakau30a.tunnel-com.com,2,original_hex_tunnel,original_tunnel,False,dns_tunnel
dfrobot.com,0,tranco_benign,benign,False,benign
mail.kiwi-webmaster.xyz,0,tranco_benign,benign,False,benign
onlinesampadyam.com,0,tranco_benign,benign,False,benign
paaajasq.tunnel-org.org,2,original_hex_tunnel,original_tunnel,False,dns_tunnel
42fbqpdnggyhambygkygqldwoxqhaydlbrqzfydeanremz2bqiy0w0131smyai.tunnel-cc.cc,2,original_hex_tunnel,original_tunnel,False,dns_tunnel
build-d23de7de.github.io,0,benign_hex_service,benign,True,benign
bluejini.org,0,tranco_benign,benign,False,benign
icreatived.com,0,tranco_benign,benign,False,benign
skanschools.org,0,tranco_benign,benign,False,benign
856003c3dffa81e91dcff3000e3a2e39699850bbb48c201ad522ca3d26ee.tunnel-co.co,2,original_hex_tunnel,original_tunnel,False,dns_tunnel
227-120-159-133.bc.googleusercontent.com,0,benign_cloud_instance,benign,True,benign
blog.canadianpharmacymeds.online,0,tranco_benign,benign,False,benign
merchantnavyjoining.com,0,tranco_benign,benign,False,benign
keitaidenwa.biz,0,tranco_benign,benign,False,benign
srv.nqfzxks6ltmg6wfv.gcqwuofho32x3ew47qsyqnneffu2vq6i7iin5djqsfs.dns-exfil.net,2,lab_iodine,iodine,True,dns_tunnel
txwzererwyatanb.site,1,dga_cluster_41,dga,False,dga
txt.ujz7skdm5trjiouabtp7nbsnr5v7qsosvowkikdzgo.xmmriay6cwdslk75s7bht.dns-exfil.net,2,lab_iodine,iodine,True,dns_tunnel
minaret.co,0,tranco_benign,benign,False,benign
infrasaunykapitan.info,0,tranco_benign,benign,False,benign
readingsharpappreciateterm.xyz,1,dga_cluster_43,dga,False,dga
0iiaeemjram1sgb4lzlyzz5akqefwhknaccf2vq.tunnel-com.com,2,original_hex_tunnel,original_tunnel,False,dns_tunnel
hagkaup.xyz,0,tranco_benign,benign,False,benign
deliaonline.online,0,tranco_benign,benign,False,benign
tanrosie.xyz,0,tranco_benign,benign,False,benign
qazmfordlinnetavox.com,1,dga_cluster_42,dga,False,dga
voltagesearch.com,0,tranco_benign,benign,False,benign
requestcontestdistrictpark.net,1,dga_cluster_43,dga,False,dga
kinkfordlinnetavox.com,1,dga_cluster_42,dga,False,dga
build-f192303f8f5.github.io,0,benign_hex_service,benign,True,benign
dnscat.93e082fc.c8601bc6dd1dea8f523254a47.tunnel-sec.biz,2,lab_dnscat2,dnscat2,True,dns_tunnel
bzwepartbulkyf.com,1,dga_cluster_40,dga,False,dga
starthinkbillstringsortapologize.com,1,dga_cluster_40,dga,False,dga
oalw3d.tunnel-com.com,2,original_hex_tunnel,original_tunnel,False,dns_tunnel
psarsptnvrkgq.com,1,dga_cluster_40,dga,False,dga
mail.pilar.com,0,tranco_benign,benign,False,benign
blog.show-hlas-ceskoslovenska.com,0,tranco_benign,benign,False,benign
dev.vsyasol.io,0,tranco_benign,benign,False,benign
b0cc01de2014ce68670e7c00173c8228cf.tunnel-org.org,2,original_hex_tunnel,original_tunnel,False,dns_tunnel
lzkifordlinnetavox.com,1,dga_cluster_42,dga,False,dga
55.67.159.48.in-addr.arpa,0,benign_reverse_dns,benign,True,benign
softwarefinancedecideground.com,1,dga_cluster_44,dga,False,dga
lcdent.biz,0,tranco_benign,benign,False,benign
luxuspacific.co,0,tranco_benign,benign,False,benign
login.musicpower.com,0,tranco_benign,benign,False,benign
build-d2661bacf.azurewebsites.net,0,benign_hex_service,benign,True,benign
literaturefollowreactprice.online,1,dga_cluster_43,dga,False,dga
ocihaq.tunnel-com.com,2,original_hex_tunnel,original_tunnel,False,dns_tunnel
www.topatoys.online,0,tranco_benign,benign,False,benign
a.l3muixrzphmlkqcbg5l3buejtdc4ub3sei2kptnf3.45472524k3lgbnicsx6knqtovhz.i335hk3gkeoomytkjkp3gy67qsdx6ey7.lab-tunnel.org,2,lab_iodine,iodine,True,dns_tunnel
prod-cdn-676.global.ssl.fastly.net,0,benign_cdn,benign,True,benign
topnegozi.top,0,tranco_benign,benign,False,benign
api.hccg.com,0,tranco_benign,benign,False,benign
banquet.xyz,0,tranco_benign,benign,False,benign
vaper.com,0,tranco_benign,benign,False,benign
expediainc.site,0,tranco_benign,benign,False,benign
scoo.cc,0,tranco_benign,benign,False,benign
login.sawdust2stitches.com,0,tranco_benign,benign,False,benign
lotte-chocotv.com,0,tranco_benign,benign,False,benign
wallino.com,0,tranco_benign,benign,False,benign
socceronline.com,0,tranco_benign,benign,False,benign
korzety.net,0,tranco_benign,benign,False,benign
ecoficial.org,0,tranco_benign,benign,False,benign
prod-cdn-962.global.ssl.fastly.net,0,benign_cdn,benign,True,benign
753001f64075048877f7dd005d72ae7168.tunnel-org.org,2,original_hex_tunnel,original_tunnel,False,dns_tunnel
124sold.online,0,tranco_benign,benign,False,benign
escuelademercadotecnia.net,0,tranco_benign,benign,False,benign
qwprmachuslazaroqok.com,1,dga_cluster_40,dga,False,dga
qsnxererwyatanb.co,1,dga_cluster_41,dga,False,dga
twvvbedskood.com,1,dga_cluster_44,dga,False,dga
mymacys.com,0,tranco_benign,benign,False,benign
60-83-12-188.bc.googleusercontent.com,0,benign_cloud_instance,benign,True,benign
hnrdfordlinnetavox.com,1,dga_cluster_42,dga,False,dga
srv.svwcqtphrz2mvrpd6t4h7j7bqbttqo43anrrpj.tunnel-sec.biz,2,lab_iodine,iodine,True,dns_tunnel
dnscat.d7ad6c2a.7a712b0d70324f245068ea528dd6d26f1d5adfc3566100.ns-data.io,2,lab_dnscat2,dnscat2,True,dns_tunnel
fbkbfordlinnetavox.com,1,dga_cluster_42,dga,False,dga
142m42d149w63g1barub0m7uckc.com,1,dga_cluster_40,dga,False,dga
insynq.net,0,tranco_benign,benign,False,benign
armyattemptfootadvancedshall.com,1,dga_cluster_44,dga,False,dga
null.4xlbh7u5znjfmahnwlxk36czyywydqfew2c7okbn5wm.dns-exfil.net,2,lab_iodine,iodine,True,dns_tunnel
dev.svcfin.com,0,tranco_benign,benign,False,benign
volkswagen.biz,0,tranco_benign,benign,False,benign
rbemds52zpf2xs4lzpf2xs4lzpf2xs4lzpf2xs4lzpf2xs4lzpf2xs4lzpf2xs.tunnel-net.net,2,original_hex_tunnel,original_tunnel,False,dns_tunnel
qwptiologistbikerepil.pro,1,dga_cluster_43,dga,False,dga
build-9a4600ca71928d.pages.dev,0,benign_hex_service,benign,True,benign
teksaf.com,0,tranco_benign,benign,False,benign
paaabrly.tunnel-info.info,2,original_hex_tunnel,original_tunnel,False,dns_tunnel
blog.readcomics.com,0,tranco_benign,benign,False,benign
3.6.b.2.8.5.c.8.b.3.9.a.2.4.c.3.ip6.arpa,0,benign_reverse_dns,benign,True,benign
satang.com,0,tranco_benign,benign,False,benign
frmiawthpbaparobalgm.com,1,dga_cluster_40,dga,False,dga
infosmi.com,0,tranco_benign,benign,False,benign
162-90-170-19.bc.googleusercontent.com,0,benign_cloud_instance,benign,True,benign
wholesaleclearance.org,0,tranco_benign,benign,False,benign
miftatnn.xyz,0,tranco_benign,benign,False,benign
xingtai123.com,0,tranco_benign,benign,False,benign
elsmbvbcivioarinzgnzxrrxc.com,1,dga_cluster_40,dga,False,dga
webmonkey.online,0,tranco_benign,benign,False,benign
trackerboatcenter.biz,0,tranco_benign,benign,False,benign
18andbusty.com,0,tranco_benign,benign,False,benign
ecardgiftnotice.info,0,tranco_benign,benign,False,benign
teennews.io,0,tranco_benign,benign,False,benign
login.ctstatelibrary.site,0,tranco_benign,benign,False,benign
webove-sablony.org,0,tranco_benign,benign,False,benign
techbia.info,0,tranco_benign,benign,False,benign
elrincondeltech.site,0,tranco_benign,benign,False,benign
niplo.org,0,tranco_benign,benign,False,benign
griffinsguide.com,0,tranco_benign,benign,False,benign
sfnqedpcmdfdpp.com,1,dga_cluster_44,dga,False,dga
auth9.mr5rogp19uxciv3y9mz70mhnen5a38jnlhduyitm2dxwobd3.dns-exfil.net,2,lab_dns2tcp,dns2tcp,True,dns_tunnel
1.d.6.5.3.f.d.3.6.e.5.3.3.4.8.4.ip6.arpa,0,benign_reverse_dns,benign,True,benign
5karcm6qpcaqcamcov.cc,1,dga_cluster_40,dga,False,dga
xn----7sbcqk1bfcbaffvcp4n.org,0,tranco_benign,benign,False,benign
m.proavsolutions.com,0,tranco_benign,benign,False,benign
null.xbhajpsd62ybo7dbr4rmkvzvgxqnq5fh35.o3ps2o4z4qb73kj6v5gfrk7icczgbsz.evu2oa4israrfokbil.dns-exfil.net,2,lab_iodine,iodine,True,dns_tunnel
zadany.xyz,0,tranco_benign,benign,False,benign
m.sendori.co,0,tranco_benign,benign,False,benign
51.3.209.227.in-addr.arpa,0,benign_reverse_dns,benign,True,benign
mail.start-master.net,0,tranco_benign,benign,False,benign
mail.mywigo.co,0,tranco_benign,benign,False,benign
xspeeds.com,0,tranco_benign,benign,False,benign
ec2-222-60-39-239.compute-1.amazonaws.com,0,benign_cloud_instance,benign,True,benign
mcnsererwyatanb.net,1,dga_cluster_41,dga,False,dga
noohlawfirm.com,0,tranco_benign,benign,False,benign
zlevmachuslazaroqok.com,1,dga_cluster_40,dga,False,dga
nhvapartbulkyf.com,1,dga_cluster_40,dga,False,dga
fjeldogfritid.com,0,tranco_benign,benign,False,benign
cinesuna.org,0,tranco_benign,benign,False,benign
heartin.co,0,tranco_benign,benign,False,benign
dedmltffgdnj.com,1,dga_cluster_44,dga,False,dga
uafjererwyatanb.com,1,dga_cluster_41,dga,False,dga
fedyvbhxpycq.com,1,dga_cluster_44,dga,False,dga
af4601c8ca980f8395176f00d867b5411a.tunnel-com.com,2,original_hex_tunnel,original_tunnel,False,dns_tunnel
drevenacikada.com,0,tranco_benign,benign,False,benign
slavneobrazy.com,0,tranco_benign,benign,False,benign
www.newtongym8.org,0,tranco_benign,benign,False,benign
school-portal.biz,0,tranco_benign,benign,False,benign
domovhorizont.com,0,tranco_benign,benign,False,benign
figure1.com,0,tranco_benign,benign,False,benign
0.7.0.8.c.a.d.d.2.f.0.9.e.8.3.b.ip6.arpa,0,benign_reverse_dns,benign,True,benign
build-a9645b11a1c4.github.io,0,benign_hex_service,benign,True,benign
bd2501ce435dd0bce858f600b0a7a8540b.tunnel-net.net,2,original_hex_tunnel,original_tunnel,False,dns_tunnel
blogclicker.net,0,tranco_benign,benign,False,benign
build-f8d7d963fa9cc4.github.io,0,benign_hex_service,benign,True,benign
www.chukei-news.co,0,tranco_benign,benign,False,benign
txt.fw4tghw6iiqlqjwjiaf7r7uahkyybb7ckqetgt6zo.lab-tunnel.org,2,lab_iodine,iodine,True,dns_tunnel
dev.marketingvipservis.com,0,tranco_benign,benign,False,benign
soundness-llc.cc,0,tranco_benign,benign,False,benign
muxosagabardinedazyx.com,1,dga_cluster_44,dga,False,dga
kgncsagabardinedazyx.com,1,dga_cluster_44,dga,False,dga
a.2gdxvw5a2el3kmrobtlrtbqaqxps5.ns-data.io,2,lab_iodine,iodine,True,dns_tunnel
arakis.xyz,0,tranco_benign,benign,False,benign
awlvpartbulkyf.com,1,dga_cluster_40,dga,False,dga
52tsrj.com,0,tranco_benign,benign,False,benign
touroberlin.biz,0,tranco_benign,benign,False,benign
pivovarbroumov.com,0,tranco_benign,benign,False,benign
ozfortress.org,0,tranco_benign,benign,False,benign
build-c4a7c53248.azurewebsites.net,0,benign_hex_service,benign,True,benign
prostatit-faq.com,0,tranco_benign,benign,False,benign
ewftfordlinnetavox.info,1,dga_cluster_42,dga,False,dga
portal.brasilpetshop.com,0,tranco_benign,benign,False,benign
ec2-149-83-103-221.compute-1.amazonaws.com,0,benign_cloud_instance,benign,True,benign
dnscat.2c888bc3.62ceb9dd835db5954c06fb8d0f36.tunnel-sec.biz,2,lab_dnscat2,dnscat2,True,dns_tunnel
11.147.253.229.in-addr.arpa,0,benign_reverse_dns,benign,True,benign
0uabqpdnggyhambygkydq5gwofqgafa2kxhclqci4saidynxzdfzcf2mqzzspm.tunnel-com.com,2,original_hex_tunnel,original_tunnel,False,dns_tunnel
bytovezbozi.com,0,tranco_benign,benign,False,benign
91c2012370465dd17971a80063b5066d44.tunnel-cc.cc,2,original_hex_tunnel,original_tunnel,False,dns_tunnel
cdn-cache-52cee1e9.cf-ipfs.com,0,benign_cdn,benign,True,benign
masrbalady.com,0,tranco_benign,benign,False,benign
null.kjbhnvlw35k2zuhdekrzm7vsl4gvekb3g.m3fau6uaivttj3dd.tunnel-sec.biz,2,lab_iodine,iodine,True,dns_tunnel
login.niceminecraft.org,0,tranco_benign,benign,False,benign
gamesmobile.xyz,0,tranco_benign,benign,False,benign
ecentralmetrics.io,0,tranco_benign,benign,False,benign
paaim2iy.tunnel-top.top,2,original_hex_tunnel,original_tunnel,False,dns_tunnel
www.nbcafe.com,0,tranco_benign,benign,False,benign
prod-cdn-715.global.ssl.fastly.net,0,benign_cdn,benign,True,benign
agahiyab.com,0,tranco_benign,benign,False,benign
hmrc.org,0,tranco_benign,benign,False,benign
81.65.198.97.in-addr.arpa,0,benign_reverse_dns,benign,True,benign
phaseblocklecturecatexperience.xyz,1,dga_cluster_43,dga,False,dga
fajnelektro.com,0,tranco_benign,benign,False,benign
login.safety-label.xyz,0,tranco_benign,benign,False,benign
143.19.225.188.in-addr.arpa,0,benign_reverse_dns,benign,True,benign
ladavanicek.com,0,tranco_benign,benign,False,benign
057901c3148b2b4f290bb600260ff35d74.tunnel-info.info,2,original_hex_tunnel,original_tunnel,False,dns_tunnel
uihipartbulkyf.com,1,dga_cluster_40,dga,False,dga
api.douran.com,0,tranco_benign,benign,False,benign
blog.neomens.com,0,tranco_benign,benign,False,benign
paaahyky.tunnel-com.com,2,original_hex_tunnel,original_tunnel,False,dns_tunnel
wscwsagabardinedazyx.com,1,dga_cluster_44,dga,False,dga
ecavanarianaqh.com,1,dga_cluster_40,dga,False,dga
fbyjererwyatanb.biz,1,dga_cluster_41,dga,False,dga
positionexchangeremember.com,1,dga_cluster_41,dga,False,dga
dosthana.com,0,tranco_benign,benign,False,benign
chegiochi.com,0,tranco_benign,benign,False,benign
unagi12.io,0,tranco_benign,benign,False,benign
ec2-218-119-192-211.compute-1.amazonaws.com,0,benign_cloud_instance,benign,True,benign
buslunchpracticegearorganize.com,1,dga_cluster_40,dga,False,dga
jzmrmachuslazaroqok.com,1,dga_cluster_40,dga,False,dga
mladychemikcr.pro,0,tranco_benign,benign,False,benign
build-5642536b50f7f9.gitlab.io,0,benign_hex_service,benign,True,benign
dev.careertest.net,0,tranco_benign,benign,False,benign
filmaffinity.io,0,tranco_benign,benign,False,benign
necessarycharacter.io,1,dga_cluster_43,dga,False,dga
xtremeguard.online,0,tranco_benign,benign,False,benign
prod-cdn-325.global.ssl.fastly.net,0,benign_cdn,benign,True,benign
stirworks.co,0,tranco_benign,benign,False,benign
switchimplementinsistfather.net,1,dga_cluster_43,dga,False,dga
vn0664d9gfbm5815r7f8uyed.com,1,dga_cluster_44,dga,False,dga
kureedmxgtwdablckc.com,1,dga_cluster_44,dga,False,dga
jbtwmachuslazaroqok.com,1,dga_cluster_40,dga,False,dga
shop.temptationresorts.com,0,tranco_benign,benign,False,benign
auth.gma-emijay.com,0,tranco_benign,benign,False,benign
guarajioicy.com,1,dga_cluster_40,dga,False,dga
dnscat.ccd318fe.fbd7c731051474d14d2d11ff4766c39f1285e81c74d043a44dc9bc8.tunnel-sec.biz,2,lab_dnscat2,dnscat2,True,dns_tunnel
gymnazium-hostivice.net,0,tranco_benign,benign,False,benign
jlfysagabardinedazyx.com,1,dga_cluster_44,dga,False,dga
uuxrererwyatanb.net,1,dga_cluster_41,dga,False,dga
ceumdeal.cc,0,tranco_benign,benign,False,benign
30.233.89.209.in-addr.arpa,0,benign_reverse_dns,benign,True,benign
blog.justmugshots.biz,0,tranco_benign,benign,False,benign
nifymag.info,0,tranco_benign,benign,False,benign
fly4less.com,0,tranco_benign,benign,False,benign
vhepmachuslazaroqok.co,1,dga_cluster_40,dga,False,dga
thzuererwyatanb.com,1,dga_cluster_41,dga,False,dga
0qcafpdnggyhambygkyaixhhojqhaydunxqrfydeajremdqgbgdw1hrsgbhsyx.tunnel-info.info,2,original_hex_tunnel,original_tunnel,False,dns_tunnel
letejte.com,0,tranco_benign,benign,False,benign
blog.scc-inc.com,0,tranco_benign,benign,False,benign
marutut.com,1,dga_cluster_40,dga,False,dga
darujcaj.com,0,tranco_benign,benign,False,benign
null.gxqebjib7pyxplcghroey6.tunnel-sec.biz,2,lab_iodine,iodine,True,dns_tunnel
39.46.253.172.in-addr.arpa,0,benign_reverse_dns,benign,True,benign
www.gpsecurebill.online,0,tranco_benign,benign,False,benign
avanta.xyz,0,tranco_benign,benign,False,benign
dev.northpark.info,0,tranco_benign,benign,False,benign
ilovemommy.com,0,tranco_benign,benign,False,benign
absolute.io,0,tranco_benign,benign,False,benign
m.calumetphoto.xyz,0,tranco_benign,benign,False,benign
missmustardseed.info,0,tranco_benign,benign,False,benign
hllbmachuslazaroqok.com,1,dga_cluster_40,dga,False,dga
icmapartbulkyf.com,1,dga_cluster_40,dga,False,dga
a67hdl5r700e18b9vgj1ntfuar.com,1,dga_cluster_40,dga,False,dga
gardenchipproducestablehusband.com,1,dga_cluster_40,dga,False,dga
sitebahall.net,0,tranco_benign,benign,False,benign
cqzksagabardinedazyx.pro,1,dga_cluster_44,dga,False,dga
1kgvvx11xttjni1tuarbrum1cvd.com,1,dga_cluster_40,dga,False,dga
vzznererwyatanb.top,1,dga_cluster_41,dga,False,dga
komyo-ji.biz,0,tranco_benign,benign,False,benign
webhelpdesk.com,0,tranco_benign,benign,False,benign
ccc-boty.site,0,tranco_benign,benign,False,benign
kleinanzeigen.top,0,tranco_benign,benign,False,benign
cdn.blogsvine.org,0,tranco_benign,benign,False,benign
odnookno-oz.com,0,tranco_benign,benign,False,benign
c.b.b.1.a.e.5.b.0.9.7.2.7.5.d.5.ip6.arpa,0,benign_reverse_dns,benign,True,benign
nasepelisky.net,0,tranco_benign,benign,False,benign
build-bc3be52a35.github.io,0,benign_hex_service,benign,True,benign
kqznfordlinnetavox.org,1,dga_cluster_42,dga,False,dga
xa1781d713a452ced32d1c098b2740b2d2.com,1,dga_cluster_44,dga,False,dga
gameskurd4.net,0,tranco_benign,benign,False,benign
1f0d01ac480afbf9749510003a4f6605db.tunnel-com.com,2,original_hex_tunnel,original_tunnel,False,dns_tunnel
trpcererwyatanb.online,1,dga_cluster_41,dga,False,dga
hgfbedltwwmn.com,1,dga_cluster_44,dga,False,dga
advertis.top,0,tranco_benign,benign,False,benign
hdyxererwyatanb.com,1,dga_cluster_41,dga,False,dga
mail.the12volt.site,0,tranco_benign,benign,False,benign
boardstayfeaturesearchbank.net,1,dga_cluster_43,dga,False,dga
rencontre33.com,0,tranco_benign,benign,False,benign
virusdetector247.info,0,tranco_benign,benign,False,benign
makepixelart.com,0,tranco_benign,benign,False,benign
newadaboo.online,0,tranco_benign,benign,False,benign
60bd690bc417e79aba0b0438dd8d58f936.tunnel-poc.com,2,lab_dnscat2,dnscat2,True,dns_tunnel
sans-online.com,0,tranco_benign,benign,False,benign
frfcfordlinnetavox.net,1,dga_cluster_42,dga,False,dga
prettyvalley.com,0,tranco_benign,benign,False,benign
billeriq.org,0,tranco_benign,benign,False,benign
www.sermotion.org,0,tranco_benign,benign,False,benign
vnhufordlinnetavox.xyz,1,dga_cluster_42,dga,False,dga
fervilvon.org,0,tranco_benign,benign,False,benign
dnscat.5f825afe.adbbb871841003c7ce2a28d8b1a330fa6.tunnel-sec.biz,2,lab_dnscat2,dnscat2,True,dns_tunnel
juv.me,0,tranco_benign,benign,False,benign
auth6.5aybf0mfqg7272qy5xpj4loi08dxdbklzvtn9t.dns-exfil.net,2,lab_dns2tcp,dns2tcp,True,dns_tunnel
aecarmqwdtkdor.com,1,dga_cluster_40,dga,False,dga
icmsererwyatanb.com,1,dga_cluster_41,dga,False,dga
ggnzererwyatanb.net,1,dga_cluster_41,dga,False,dga
mail.exound.xyz,0,tranco_benign,benign,False,benign
nejlevnejsibaterie.net,0,tranco_benign,benign,False,benign
cinechile.org,0,tranco_benign,benign,False,benign
phpya.top,0,tranco_benign,benign,False,benign
vm-prod-79fd0ea9.westeurope.cloudapp.azure.com,0,benign_cloud_instance,benign,True,benign
bunchmistakereactmatterclub.com,1,dga_cluster_41,dga,False,dga
helendorongroup.biz,0,tranco_benign,benign,False,benign
232201f059f605f2649894002b043c8d4f.tunnel-site.site,2,original_hex_tunnel,original_tunnel,False,dns_tunnel
qaswpartbulkyf.com,1,dga_cluster_40,dga,False,dga
homyak55.com,0,tranco_benign,benign,False,benign
m.sudoku-knacker.com,0,tranco_benign,benign,False,benign
tdlwfordlinnetavox.net,1,dga_cluster_42,dga,False,dga
sdcardvgmuojwoc.com,1,dga_cluster_40,dga,False,dga
6dc39814d09075b52fd96e4a5dba8ee3a9c3d6bf0fe.ns-data.io,2,lab_dnscat2,dnscat2,True,dns_tunnel
wallconcernliestageripshelter.top,1,dga_cluster_43,dga,False,dga
laniclothing.com,0,tranco_benign,benign,False,benign
xn--og0b59if5gjl3a.cc,0,tranco_benign,benign,False,benign
llcipartbulkyf.com,1,dga_cluster_40,dga,False,dga
null.62a6s6owjmlpcrfwlwcxe2kkmohrp2nf3aq.lab-tunnel.org,2,lab_iodine,iodine,True,dns_tunnel
sperry.net,0,tranco_benign,benign,False,benign
portal.cestujemesumavou.com,0,tranco_benign,benign,False,benign
0587015fdaa1a768a446850009bd7708d5.tunnel-cc.cc,2,original_hex_tunnel,original_tunnel,False,dns_tunnel
rtpjsagabardinedazyx.com,1,dga_cluster_44,dga,False,dga
v4.npr6y53ohsfumfpvrn3clbudl7idvskbj2oe74hx.tunnel-sec.biz,2,lab_iodine,iodine,True,dns_tunnel
xlmnererwyatanb.com,1,dga_cluster_41,dga,False,dga
awanglin.io,0,tranco_benign,benign,False,benign
primaseller.com,0,tranco_benign,benign,False,benign
pajak.com,0,tranco_benign,benign,False,benign
spitewaitburnsellvaluemarket.com,1,dga_cluster_40,dga,False,dga
blog.9ymw.online,0,tranco_benign,benign,False,benign
parigi3y.tunnel-online.online,2,original_hex_tunnel,original_tunnel,False,dns_tunnel
auth1.00qt9ghqys4n7jsr5a7qeutupm.dns-exfil.net,2,lab_dns2tcp,dns2tcp,True,dns_tunnel
eginstill.com,0,tranco_benign,benign,False,benign
2iabrpdnggyhambygkydqgf5o5qgafamltgslqci4kaidynxzdfzcf2mqzzspm.tunnel-biz.biz,2,original_hex_tunnel,original_tunnel,False,dns_tunnel
ekoporadce.org,0,tranco_benign,benign,False,benign
sinpas.org,0,tranco_benign,benign,False,benign
1ulbisnlvavcskzivku4x0dknfvwr0xjtombugi1dcnjta2adppym5q.tunnel-biz.biz,2,original_hex_tunnel,original_tunnel,False,dns_tunnel
angelkorea.io,0,tranco_benign,benign,False,benign
barevnyzivot.biz,0,tranco_benign,benign,False,benign
dnscat.0fb993f0.d05e7b54850adc10d026.ns-data.io,2,lab_dnscat2,dnscat2,True,dns_tunnel
nftfererwyatanb.online,1,dga_cluster_41,dga,False,dga
auth1.2k1nm1q9usg7dxrg4u2yd4gxu4983um8l4.ns-data.io,2,lab_dns2tcp,dns2tcp,True,dns_tunnel
cybercafepro.com,0,tranco_benign,benign,False,benign
prosto-vova.com,0,tranco_benign,benign,False,benign
gatephasewakewereresolve.xyz,1,dga_cluster_41,dga,False,dga
multichannel.info,0,tranco_benign,benign,False,benign
v4.eu7jkc2xcki7nnvioh6swn.ns-data.io,2,lab_iodine,iodine,True,dns_tunnel
mwcapartbulkyf.com,1,dga_cluster_40,dga,False,dga
music-torrent.com,0,tranco_benign,benign,False,benign
ipcprintservices.com,0,tranco_benign,benign,False,benign
a203-4-240-220.deploy.static.akamaitechnologies.com,0,benign_cdn,benign,True,benign
coreplus.net,0,tranco_benign,benign,False,benign
phxlsagabardinedazyx.cc,1,dga_cluster_44,dga,False,dga
adtools.net,0,tranco_benign,benign,False,benign
giantmedia.com,0,tranco_benign,benign,False,benign
evabystr.net,0,tranco_benign,benign,False,benign
boardcyclecakebirthstaff.com,1,dga_cluster_40,dga,False,dga
login.paeaonline.biz,0,tranco_benign,benign,False,benign
arnikaweb.org,0,tranco_benign,benign,False,benign
ocllvk.tunnel-com.com,2,original_hex_tunnel,original_tunnel,False,dns_tunnel
nichtlustig.com,0,tranco_benign,benign,False,benign
pamaal5i.tunnel-net.net,2,original_hex_tunnel,original_tunnel,False,dns_tunnel
blogdaebi.com,0,tranco_benign,benign,False,benign
login.intensewriters.com,0,tranco_benign,benign,False,benign
dnscat.0a37e110.13ee5e232d90079e81e7d914d40546d7701f03b.tunnel-poc.com,2,lab_dnscat2,dnscat2,True,dns_tunnel
ljihfordlinnetavox.top,1,dga_cluster_42,dga,False,dga
redtubebr.com,0,tranco_benign,benign,False,benign
tonemusthesitateexpresskick.site,1,dga_cluster_43,dga,False,dga
psychtests.biz,0,tranco_benign,benign,False,benign
smutpost.io,0,tranco_benign,benign,False,benign
srv.rui5y3bhmbcivdfmuanomligkrkdmjs5xwabeuhgtbqi.xo4tptjbga6zsbsmfu6nkpch6yjdmb5mdte534zynecp.damr5e3mvaakiqoxkdw3q.ns-data.io,2,lab_iodine,iodine,True,dns_tunnel
512jbb.net,0,tranco_benign,benign,False,benign
ewecfordlinnetavox.net,1,dga_cluster_42,dga,False,dga
fidesbruntal.com,0,tranco_benign,benign,False,benign
dd51ed83e48f037.cloudfront.net,0,benign_cdn,benign,True,benign
mail.engagemedia.org,0,tranco_benign,benign,False,benign
ec2-154-35-102-81.compute-1.amazonaws.com,0,benign_cloud_instance,benign,True,benign
dragon-models.com,0,tranco_benign,benign,False,benign
hearthstoneturkiye.com,0,tranco_benign,benign,False,benign
cdn.mojeautosklo.com,0,tranco_benign,benign,False,benign
1vao4su90iuxv1arc9sq19ph2et.com,1,dga_cluster_40,dga,False,dga
trainingstationneedplease.com,1,dga_cluster_44,dga,False,dga
sportujsnami.online,0,tranco_benign,benign,False,benign
ekznmachuslazaroqok.com,1,dga_cluster_40,dga,False,dga
4d35010006ae211ac835b10006db6038502f91a0fe83257dd8832affebcc.tunnel-io.io,2,original_hex_tunnel,original_tunnel,False,dns_tunnel
e.9.8.d.a.b.2.2.b.1.6.2.f.2.2.2.ip6.arpa,0,benign_reverse_dns,benign,True,benign
mperfects.xyz,0,tranco_benign,benign,False,benign
blahopranicka.com,0,tranco_benign,benign,False,benign
koralkarnabreclav.com,0,tranco_benign,benign,False,benign
mail.planetsnow.co,0,tranco_benign,benign,False,benign
fastbirthcertificates.com,0,tranco_benign,benign,False,benign
fhqefordlinnetavox.info,1,dga_cluster_42,dga,False,dga
appointmentsetter.com,0,tranco_benign,benign,False,benign
horseaccountpushholestart.com,1,dga_cluster_40,dga,False,dga
gonamachuslazaroqok.com,1,dga_cluster_40,dga,False,dga
cdn.mrskincams.info,0,tranco_benign,benign,False,benign
auth9.5puy4np47wyi34808ikzux36oahmfpfvj.tunnel-poc.com,2,lab_dns2tcp,dns2tcp,True,dns_tunnel
leafkyoto.com,0,tranco_benign,benign,False,benign
tvjbererwyatanb.com,1,dga_cluster_41,dga,False,dga
12-158-250-80.bc.googleusercontent.com,0,benign_cloud_instance,benign,True,benign
www.flowersdecor.xyz,0,tranco_benign,benign,False,benign
shop.alcula.com,0,tranco_benign,benign,False,benign
dkugjoledwjmjliqcwpfgmzsf.com,1,dga_cluster_44,dga,False,dga
api.balikesirportali.com,0,tranco_benign,benign,False,benign
static.tufs.com,0,tranco_benign,benign,False,benign
skrdns.com,0,tranco_benign,benign,False,benign
studio-in-jihlava.com,0,tranco_benign,benign,False,benign
eofifordlinnetavox.org,1,dga_cluster_42,dga,False,dga
212.144.68.48.in-addr.arpa,0,benign_reverse_dns,benign,True,benign
brasilquerido.com,0,tranco_benign,benign,False,benign
figureoccasionrateliftfault.pro,1,dga_cluster_43,dga,False,dga
fzcjfordlinnetavox.online,1,dga_cluster_42,dga,False,dga
commissionestimatestuffteam.net,1,dga_cluster_43,dga,False,dga
mail.u2-forum.com,0,tranco_benign,benign,False,benign
odmhsas.com,0,tranco_benign,benign,False,benign
okfdererwyatanb.net,1,dga_cluster_41,dga,False,dga
newyorkupstate.com,0,tranco_benign,benign,False,benign
onlinedubai.com,0,tranco_benign,benign,False,benign
etha.io,0,tranco_benign,benign,False,benign
bourdin-notaire.org,0,tranco_benign,benign,False,benign
blog.vcsdnc.xyz,0,tranco_benign,benign,False,benign
dnscat.d4b89953.e1cf17e8a15e51c610917579.dns-exfil.net,2,lab_dnscat2,dnscat2,True,dns_tunnel
ketteringtownfc.com,0,tranco_benign,benign,False,benign
islamchile.com,0,tranco_benign,benign,False,benign
plynove-grily.com,0,tranco_benign,benign,False,benign
cmljfordlinnetavox.net,1,dga_cluster_42,dga,False,dga
auth9.wd3y3ecef7g5lobnayt13udsj8ba0w0ixb2x9mjjej.tunnel-sec.biz,2,lab_dns2tcp,dns2tcp,True,dns_tunnel
vadimryabov.com,0,tranco_benign,benign,False,benign
bxrgsagabardinedazyx.com,1,dga_cluster_44,dga,False,dga
winnerdestroyadmirealarm.cc,1,dga_cluster_43,dga,False,dga
gqzusagabardinedazyx.co,1,dga_cluster_44,dga,False,dga
0jeax1hwq2l5i1fpnkd4ta0rziela04zem0txtyp4fejxlcc5jpq4jttm1bnzm.tunnel-com.com,2,original_hex_tunnel,original_tunnel,False,dns_tunnel
horyevropy.com,0,tranco_benign,benign,False,benign
build-cb68751d23cea604.azurewebsites.net,0,benign_hex_service,benign,True,benign
login.autosalonhora.top,0,tranco_benign,benign,False,benign
wrestlingrumors.com,0,tranco_benign,benign,False,benign
auth6.basgfbvc0xsl76hk0yifwke0hn2m2dbj.tunnel-sec.biz,2,lab_dns2tcp,dns2tcp,True,dns_tunnel
agemarkislandrentcomfort.com,1,dga_cluster_40,dga,False,dga
xngnererwyatanb.xyz,1,dga_cluster_41,dga,False,dga
bisnisdesya.xyz,0,tranco_benign,benign,False,benign
ebay-kleinanzeigen.com,0,tranco_benign,benign,False,benign
bozvaqar.com,1,dga_cluster_40,dga,False,dga
blazermagazine.site,0,tranco_benign,benign,False,benign
visitcatalinaisland.com,0,tranco_benign,benign,False,benign
w-shadow.com,0,tranco_benign,benign,False,benign
auth3.q6j14e9ooj1aczl7dhr7r88rqixd79zl069osjy36nfqmmj.dns-exfil.net,2,lab_dns2tcp,dns2tcp,True,dns_tunnel
ar7aejqzp153yaekxc.com,1,dga_cluster_40,dga,False,dga
camppretendstabledateparent.net,1,dga_cluster_43,dga,False,dga
9.4.6.2.7.4.9.8.9.7.a.c.4.2.9.c.ip6.arpa,0,benign_reverse_dns,benign,True,benign
surcovip.com,0,tranco_benign,benign,False,benign
opakowania.net,0,tranco_benign,benign,False,benign
saifpartners.com,0,tranco_benign,benign,False,benign
2iparis.org,0,tranco_benign,benign,False,benign
phutho.org,0,tranco_benign,benign,False,benign
battletech.info,0,tranco_benign,benign,False,benign
qsueiologistbikerepil.site,1,dga_cluster_43,dga,False,dga
522801c8ca7e4578f124710012341529bb.tunnel-info.info,2,original_hex_tunnel,original_tunnel,False,dns_tunnel
xngtererwyatanb.co,1,dga_cluster_41,dga,False,dga
dnscat.d062c1c9.2565e905abb7968116218793148ff196b33cf048655e1e27.lab-tunnel.org,2,lab_dnscat2,dnscat2,True,dns_tunnel
zddbsagabardinedazyx.com,1,dga_cluster_44,dga,False,dga
wikgpartbulkyf.com,1,dga_cluster_40,dga,False,dga
customercareupdate.io,0,tranco_benign,benign,False,benign
xxwvererwyatanb.com,1,dga_cluster_41,dga,False,dga
qpesarxuei.com,1,dga_cluster_40,dga,False,dga
sextube88.org,0,tranco_benign,benign,False,benign
umcofordlinnetavox.xyz,1,dga_cluster_42,dga,False,dga
www.madebysource.co,0,tranco_benign,benign,False,benign
macbidouille.org,0,tranco_benign,benign,False,benign
dmgevents.com,0,tranco_benign,benign,False,benign
vm-prod-8615ce78.westeurope.cloudapp.azure.com,0,benign_cloud_instance,benign,True,benign
nicholassparks.com,0,tranco_benign,benign,False,benign
max-rk.online,0,tranco_benign,benign,False,benign
vm-prod-6135f608.westeurope.cloudapp.azure.com,0,benign_cloud_instance,benign,True,benign
paaajtya.tunnel-online.online,2,original_hex_tunnel,original_tunnel,False,dns_tunnel
srv.53duzqtst7gusx7napojl3c3ul.usrxvk737aynt6lq.tunnel-poc.com,2,lab_iodine,iodine,True,dns_tunnel
f8d9cdde05397cb728314eddd64e33cefd.com,1,dga_cluster_44,dga,False,dga
eurovlasy.org,0,tranco_benign,benign,False,benign
uglbererwyatanb.com,1,dga_cluster_41,dga,False,dga
ltliererwyatanb.cc,1,dga_cluster_41,dga,False,dga
aaqkfordlinnetavox.cc,1,dga_cluster_42,dga,False,dga
cdn.debrzno.net,0,tranco_benign,benign,False,benign
rbldns.xyz,0,tranco_benign,benign,False,benign
sns01.com,0,tranco_benign,benign,False,benign
pinkfishmedia.com,0,tranco_benign,benign,False,benign
solistraktor.com,0,tranco_benign,benign,False,benign
auth6.8uuw5a2m24v8b2ajcrldob43q8zliaizap.tunnel-poc.com,2,lab_dns2tcp,dns2tcp,True,dns_tunnel
firmafon.com,0,tranco_benign,benign,False,benign
dearatmu.com,1,dga_cluster_40,dga,False,dga
vantagefx.com,0,tranco_benign,benign,False,benign
beerneckbowlsucceedworry.co,1,dga_cluster_44,dga,False,dga
auth2.8daxyrmukurer7ph422qeoqkttuqe7lgo4fugcs.tunnel-poc.com,2,lab_dns2tcp,dns2tcp,True,dns_tunnel
milbi.site,0,tranco_benign,benign,False,benign
anvil.com,0,tranco_benign,benign,False,benign
cckcfordlinnetavox.io,1,dga_cluster_42,dga,False,dga
lvjqfordlinnetavox.biz,1,dga_cluster_42,dga,False,dga
ernedtpdqxwv.com,1,dga_cluster_44,dga,False,dga
ukkapuebarulki.com,1,dga_cluster_40,dga,False,dga
fortuneattractsaildisappointed.com,1,dga_cluster_44,dga,False,dga
login.akademieretoriky.net,0,tranco_benign,benign,False,benign
tyros.info,0,tranco_benign,benign,False,benign
5b0975b55d22bdc0768e8d9d007817107efd3e5c98.lab-tunnel.org,2,lab_dnscat2,dnscat2,True,dns_tunnel
agjhmachuslazaroqok.com,1,dga_cluster_40,dga,False,dga
portal.eztoys.io,0,tranco_benign,benign,False,benign
build-4611975c61718ed.github.io,0,benign_hex_service,benign,True,benign
iaarjmnjleh.com,1,dga_cluster_40,dga,False,dga
auth3.d9ikb3lvl9oyonj6edx1w7pk1w68vj8seb.ns-data.io,2,lab_dns2tcp,dns2tcp,True,dns_tunnel
shop.thelearningodyssey.com,0,tranco_benign,benign,False,benign
ryleduq.com,1,dga_cluster_44,dga,False,dga
0qxbbuiniym4cua00sdlsxgnzgetj2mqh4znceq3blcayvpkp52ifuyefvtwmv.tunnel-com.com,2,original_hex_tunnel,original_tunnel,False,dns_tunnel
ninerbikes.org,0,tranco_benign,benign,False,benign
build-e66e8aa7280893a3.pages.dev,0,benign_hex_service,benign,True,benign
cornerboattableweatherwake.io,1,dga_cluster_41,dga,False,dga
paaim1tq.tunnel-com.com,2,original_hex_tunnel,original_tunnel,False,dns_tunnel
djdhsagabardinedazyx.com,1,dga_cluster_44,dga,False,dga
akbemachuslazaroqok.com,1,dga_cluster_40,dga,False,dga
auth.crochepattern.com,0,tranco_benign,benign,False,benign
txt.2vv6ckhjcpzearddb53j76dwebe75.dns-exfil.net,2,lab_iodine,iodine,True,dns_tunnel
fpigererwyatanb.io,1,dga_cluster_41,dga,False,dga
llncfordlinnetavox.org,1,dga_cluster_42,dga,False,dga
mjamtaart.org,0,tranco_benign,benign,False,benign
cmcoop.xyz,0,tranco_benign,benign,False,benign
inspectionlectureappreciate.biz,1,dga_cluster_43,dga,False,dga
1mbaipdnggyhambygkyai5ek4nqhaycukltzfyd.tunnel-org.org,2,original_hex_tunnel,original_tunnel,False,dns_tunnel
teleinterrives.org,0,tranco_benign,benign,False,benign
lulujo.org,0,tranco_benign,benign,False,benign
paaiozli.tunnel-com.com,2,original_hex_tunnel,original_tunnel,False,dns_tunnel
rrkemachuslazaroqok.com,1,dga_cluster_40,dga,False,dga
a34-120-249-194.deploy.static.akamaitechnologies.com,0,benign_cdn,benign,True,benign
231.67.86.252.in-addr.arpa,0,benign_reverse_dns,benign,True,benign
build-352a3be2b26ad3c.gitlab.io,0,benign_hex_service,benign,True,benign
horselawyerpatternlostfight.net,1,dga_cluster_43,dga,False,dga
enigma2.com,0,tranco_benign,benign,False,benign
overbetting.com,0,tranco_benign,benign,False,benign
1.3.b.d.c.a.5.c.d.7.2.1.9.6.0.3.ip6.arpa,0,benign_reverse_dns,benign,True,benign
build-7a5e27b4.gitlab.io,0,benign_hex_service,benign,True,benign
kellyscamping.org,0,tranco_benign,benign,False,benign
a133-9-243-88.deploy.static.akamaitechnologies.com,0,benign_cdn,benign,True,benign
oderco.com,0,tranco_benign,benign,False,benign
mystylemantra.top,0,tranco_benign,benign,False,benign
nxnmpartbulkyf.com,1,dga_cluster_40,dga,False,dga
meiriyidian.com,0,tranco_benign,benign,False,benign
blog.almutmar.biz,0,tranco_benign,benign,False,benign
auth.kolorblog.org,0,tranco_benign,benign,False,benign
fidanistanbul.com,0,tranco_benign,benign,False,benign
ljexfordlinnetavox.info,1,dga_cluster_42,dga,False,dga
wkiisagabardinedazyx.com,1,dga_cluster_44,dga,False,dga
portalcelakovice.xyz,0,tranco_benign,benign,False,benign
christianophobie.top,0,tranco_benign,benign,False,benign
sbo186.net,0,tranco_benign,benign,False,benign
digicrawl.com,0,tranco_benign,benign,False,benign
uv785jwbkncleda.com,1,dga_cluster_44,dga,False,dga
www.bombainzerce.com,0,tranco_benign,benign,False,benign
lxquererwyatanb.info,1,dga_cluster_41,dga,False,dga
73614a1974bb380d2c604b085ff4.ns-data.io,2,lab_dnscat2,dnscat2,True,dns_tunnel
paiajyfi.tunnel-top.top,2,original_hex_tunnel,original_tunnel,False,dns_tunnel
157.33.64.56.in-addr.arpa,0,benign_reverse_dns,benign,True,benign
portarubawebcam.xyz,0,tranco_benign,benign,False,benign
tupeinado.com,0,tranco_benign,benign,False,benign
candidatestoreboxsharpperfect.site,1,dga_cluster_43,dga,False,dga
pabimfvy.tunnel-org.org,2,original_hex_tunnel,original_tunnel,False,dns_tunnel
api.primostenplus.net,0,tranco_benign,benign,False,benign
rtxyfordlinnetavox.net,1,dga_cluster_42,dga,False,dga
avtomotospec.com,0,tranco_benign,benign,False,benign
jungleerummy.pro,0,tranco_benign,benign,False,benign
fgostest.com,0,tranco_benign,benign,False,benign
csko.org,0,tranco_benign,benign,False,benign
hartfordyork.org,0,tranco_benign,benign,False,benign
lnowererwyatanb.com,1,dga_cluster_41,dga,False,dga
uie.org,0,tranco_benign,benign,False,benign
api.ashoka.net,0,tranco_benign,benign,False,benign
dev.digestoremaan.com,0,tranco_benign,benign,False,benign
dd391ae895c1f25.cloudfront.net,0,benign_cdn,benign,True,benign
zlepsujeme.xyz,0,tranco_benign,benign,False,benign
pronaradi.com,0,tranco_benign,benign,False,benign
llkrfordlinnetavox.com,1,dga_cluster_42,dga,False,dga
qts.com,0,tranco_benign,benign,False,benign
build-bc767ca6cadc.github.io,0,benign_hex_service,benign,True,benign
nvcbererwyatanb.com,1,dga_cluster_41,dga,False,dga
auth.2kenergy.com,0,tranco_benign,benign,False,benign
m.lindau-nobel.io,0,tranco_benign,benign,False,benign
exposureschool.com,0,tranco_benign,benign,False,benign
guidancevalue.co,0,tranco_benign,benign,False,benign
sirlpartbulkyf.com,1,dga_cluster_40,dga,False,dga
admoblkaluga.info,0,tranco_benign,benign,False,benign
74ddf45b525b5a4f2a8d1909c68b2eafe04892e1d876af881808427154962e7.tunnel-poc.com,2,lab_dnscat2,dnscat2,True,dns_tunnel
eevjererwyatanb.com,1,dga_cluster_41,dga,False,dga
auth2.mj0v69o7g2sk8jskpxu8f6giqfhp.tunnel-sec.biz,2,lab_dns2tcp,dns2tcp,True,dns_tunnel
gruenemode.org,0,tranco_benign,benign,False,benign
foundersbrewing.com,0,tranco_benign,benign,False,benign
aussieluck.com,0,tranco_benign,benign,False,benign
ec2-115-100-92-234.compute-1.amazonaws.com,0,benign_cloud_instance,benign,True,benign
0ibaepdnggyhambygkybqfhmofqhayc1pslmxaa.tunnel-com.com,2,original_hex_tunnel,original_tunnel,False,dns_tunnel
functionalforum.com,0,tranco_benign,benign,False,benign
ztzdsagabardinedazyx.co,1,dga_cluster_44,dga,False,dga
softlink.com,0,tranco_benign,benign,False,benign
njquererwyatanb.com,1,dga_cluster_41,dga,False,dga
u33c7d44f10f9c57a5f7940ed1388d1a8d.com,1,dga_cluster_44,dga,False,dga
login.wtsp.cc,0,tranco_benign,benign,False,benign
oegmmachuslazaroqok.com,1,dga_cluster_40,dga,False,dga
956a9d0cae7eebcda2317be732862b28e.tunnel-poc.com,2,lab_dnscat2,dnscat2,True,dns_tunnel
prod-cdn-385.global.ssl.fastly.net,0,benign_cdn,benign,True,benign
pekarny-michle.info,0,tranco_benign,benign,False,benign
checkcity.org,0,tranco_benign,benign,False,benign
waslat.com,0,tranco_benign,benign,False,benign
russupak.com,0,tranco_benign,benign,False,benign
modrotisk.xyz,0,tranco_benign,benign,False,benign
brainfillruledoubtsuggest.com,1,dga_cluster_44,dga,False,dga
pornobuz.com,0,tranco_benign,benign,False,benign
nzaemachuslazaroqok.com,1,dga_cluster_40,dga,False,dga
mail.bluearan.com,0,tranco_benign,benign,False,benign
domacispotrebic.xyz,0,tranco_benign,benign,False,benign
petitemodernlife.com,0,tranco_benign,benign,False,benign
mtxarj.com,1,dga_cluster_40,dga,False,dga
savash.org,0,tranco_benign,benign,False,benign
ayasecorporation.com,0,tranco_benign,benign,False,benign
termbankclubassistsearch.cc,1,dga_cluster_43,dga,False,dga
black-buddha.com,0,tranco_benign,benign,False,benign
fbshare.com,0,tranco_benign,benign,False,benign
txt.nt3b7mu4psdwts27trbz553xhrsihpjz.ns-data.io,2,lab_iodine,iodine,True,dns_tunnel
mail.3ak.com,0,tranco_benign,benign,False,benign
mail.iruanmi.co,0,tranco_benign,benign,False,benign
spotpositionplacestriplecture.site,1,dga_cluster_43,dga,False,dga
aura-palace.org,0,tranco_benign,benign,False,benign
smlimachuslazaroqok.com,1,dga_cluster_40,dga,False,dga
yetkiliservisi.com,0,tranco_benign,benign,False,benign
cszxererwyatanb.co,1,dga_cluster_41,dga,False,dga
129.62.212.49.in-addr.arpa,0,benign_reverse_dns,benign,True,benign
idibilling.site,0,tranco_benign,benign,False,benign
zdravotkysalvia.com,0,tranco_benign,benign,False,benign
netloteria.com,0,tranco_benign,benign,False,benign
a34-159-182-14.deploy.static.akamaitechnologies.com,0,benign_cdn,benign,True,benign
amfr.top,0,tranco_benign,benign,False,benign
kdmkedk.com,1,dga_cluster_44,dga,False,dga
sportressofblogitude.com,0,tranco_benign,benign,False,benign
antesdelfin.com,0,tranco_benign,benign,False,benign
dee5e57608cc74f.cloudfront.net,0,benign_cdn,benign,True,benign
colurum.me,0,tranco_benign,benign,False,benign
bdsign.info,0,tranco_benign,benign,False,benign
xyarkcqqqvivjhy.com,1,dga_cluster_40,dga,False,dga
pzhafordlinnetavox.info,1,dga_cluster_42,dga,False,dga
zxmkfordlinnetavox.com,1,dga_cluster_42,dga,False,dga
corlate.info,0,tranco_benign,benign,False,benign
cdn.kazdykrokpomaha.org,0,tranco_benign,benign,False,benign
macsfordlinnetavox.co,1,dga_cluster_42,dga,False,dga
chicasdesnudas.biz,0,tranco_benign,benign,False,benign
null.ys3tdwtq4b67l5v2zidnoen4ez6li4ddorbd7prtlixp.3ajtfl37ert6svgozh73zb7to.hbybae3rtl2w64fsfpum7mpj5m4dlp.ns-data.io,2,lab_iodine,iodine,True,dns_tunnel
tyrexporn.com,0,tranco_benign,benign,False,benign
blog.portative.com,0,tranco_benign,benign,False,benign
a165-197-168-22.deploy.static.akamaitechnologies.com,0,benign_cdn,benign,True,benign
null.g7granmfz3ih34svm3uk6woyectt6ah4trtr3lfke.44jtez4cginttroo4r5okngmbf3gwjjfydxd3bt.y3g4b6xqm5dpwf7r.dns-exfil.net,2,lab_iodine,iodine,True,dns_tunnel
showerspecialists.com,0,tranco_benign,benign,False,benign
136.190.92.144.in-addr.arpa,0,benign_reverse_dns,benign,True,benign
208.39.11.166.in-addr.arpa,0,benign_reverse_dns,benign,True,benign
6sense.com,0,tranco_benign,benign,False,benign
campus02.com,0,tranco_benign,benign,False,benign
morefreecamsecrets.xyz,0,tranco_benign,benign,False,benign
ocgemachuslazaroqok.com,1,dga_cluster_40,dga,False,dga
oabpb.com,0,tranco_benign,benign,False,benign
lzs.info,0,tranco_benign,benign,False,benign
v4.uir5cddbwofsivw25y.tpkhb7qfwclysnqacrc5obm3sxbhlumeeueijl.gctrsvvyy54w7vwcpzv.dns-exfil.net,2,lab_iodine,iodine,True,dns_tunnel
dev.uoyepweb.com,0,tranco_benign,benign,False,benign
fextube.com,0,tranco_benign,benign,False,benign
fieldturf.pro,0,tranco_benign,benign,False,benign
boones.org,0,tranco_benign,benign,False,benign
cdn.midem.top,0,tranco_benign,benign,False,benign
saiwebtel.com,0,tranco_benign,benign,False,benign
fae.com,0,tranco_benign,benign,False,benign
pizzaranchorder.info,0,tranco_benign,benign,False,benign
edendiam.com,0,tranco_benign,benign,False,benign
iqqsjbwjqedmr.com,1,dga_cluster_44,dga,False,dga
top-sex-teens.online,0,tranco_benign,benign,False,benign
wehpmachuslazaroqok.com,1,dga_cluster_40,dga,False,dga
auth7.ap0ourcooplddx4mgjfvyozfldaakj2vr2da5091s801kjnsq.dns-exfil.net,2,lab_dns2tcp,dns2tcp,True,dns_tunnel
txt.4q5iowh3f26acgqszicifo5gu.gjkdfv34oelrmvbnnrzgp7hzcyj.dns-exfil.net,2,lab_iodine,iodine,True,dns_tunnel
212-207-181-15.bc.googleusercontent.com,0,benign_cloud_instance,benign,True,benign
tzyeererwyatanb.com,1,dga_cluster_41,dga,False,dga
nhaccuplus.com,0,tranco_benign,benign,False,benign
thegrantlife.org,0,tranco_benign,benign,False,benign
gentlecarry.com,1,dga_cluster_40,dga,False,dga
fffcfordlinnetavox.info,1,dga_cluster_42,dga,False,dga
fantagraphics.com,0,tranco_benign,benign,False,benign
portal.ragazzofastfood.biz,0,tranco_benign,benign,False,benign
fieldmachinelistenpriest.org,1,dga_cluster_43,dga,False,dga
csgokiwi.com,0,tranco_benign,benign,False,benign
d8a1ff5463a7797.cloudfront.net,0,benign_cdn,benign,True,benign
paiac3qy.tunnel-net.net,2,original_hex_tunnel,original_tunnel,False,dns_tunnel
txt.vtwcaiot73askchxbu.wkiza3faqb2xqe5sammzmgrrzrrd3qhh.tunnel-poc.com,2,lab_iodine,iodine,True,dns_tunnel
averageserviceadmirepartner.info,1,dga_cluster_41,dga,False,dga
universalstudios.xyz,0,tranco_benign,benign,False,benign
teacakestrikeignoresockexperience.xyz,1,dga_cluster_43,dga,False,dga
dnscat.e261790e.bbfa8334695326a91ebcb1b4e4033.lab-tunnel.org,2,lab_dnscat2,dnscat2,True,dns_tunnel
www.celakovice.net,0,tranco_benign,benign,False,benign
m.traher.online,0,tranco_benign,benign,False,benign
mediacat-blog.top,0,tranco_benign,benign,False,benign
musicalpostcard.com,0,tranco_benign,benign,False,benign
parson-jack-russell.me,0,tranco_benign,benign,False,benign
cdn-cache-86505474.cf-ipfs.com,0,benign_cdn,benign,True,benign
seydisehirhaber.com,0,tranco_benign,benign,False,benign
cdn-cache-b4d4c5d1.cf-ipfs.com,0,benign_cdn,benign,True,benign
hytheukulelegroup.com,0,tranco_benign,benign,False,benign
aapfmachuslazaroqok.com,1,dga_cluster_40,dga,False,dga
api.3dfocus.co,0,tranco_benign,benign,False,benign
xwqvmijicwfarvbtq.com,1,dga_cluster_40,dga,False,dga
omqmererwyatanb.info,1,dga_cluster_41,dga,False,dga
kansaikiin.com,0,tranco_benign,benign,False,benign
young-nudist.com,0,tranco_benign,benign,False,benign
screwassociatewakeholesource.site,1,dga_cluster_43,dga,False,dga
josephinecollingwood.com,1,dga_cluster_44,dga,False,dga
cohkmachuslazaroqok.com,1,dga_cluster_40,dga,False,dga
tlcwererwyatanb.net,1,dga_cluster_41,dga,False,dga
tirabilhete.org,0,tranco_benign,benign,False,benign
funnygamesfree.net,0,tranco_benign,benign,False,benign
carlier.com,0,tranco_benign,benign,False,benign
cdcbedwbwixs.com,1,dga_cluster_44,dga,False,dga
pbimgs.net,0,tranco_benign,benign,False,benign
auth2.nr3mgxsp6310k9u4krlkvif5q09levbe7hqi9flqgjfetah.tunnel-poc.com,2,lab_dns2tcp,dns2tcp,True,dns_tunnel
cnzz.net,0,tranco_benign,benign,False,benign
gikysagabardinedazyx.com,1,dga_cluster_44,dga,False,dga
direct-credit.org,0,tranco_benign,benign,False,benign
api.bzuu.com,0,tranco_benign,benign,False,benign
imagenova.cc,0,tranco_benign,benign,False,benign
howtopodcasttutorial.online,0,tranco_benign,benign,False,benign
remontbp.biz,0,tranco_benign,benign,False,benign
castlegem.co,0,tranco_benign,benign,False,benign
vpfapartbulkyf.com,1,dga_cluster_40,dga,False,dga
login.watchonlinecartoons.xyz,0,tranco_benign,benign,False,benign
vm-prod-e3bddedd.westeurope.cloudapp.azure.com,0,benign_cloud_instance,benign,True,benign
ec2-12-144-114-168.compute-1.amazonaws.com,0,benign_cloud_instance,benign,True,benign
0e2d01836f1665a40eeac90010599f89d4.tunnel-com.com,2,original_hex_tunnel,original_tunnel,False,dns_tunnel
klm.online,0,tranco_benign,benign,False,benign
a128-47-7-105.deploy.static.akamaitechnologies.com,0,benign_cdn,benign,True,benign
gqbvfordlinnetavox.com,1,dga_cluster_42,dga,False,dga
cenizaro.com,0,tranco_benign,benign,False,benign
purposerealizepromiserepair.io,1,dga_cluster_41,dga,False,dga
zqjaralil3hk1w12dvy3o1ljq.com,1,dga_cluster_40,dga,False,dga
eticketing.io,0,tranco_benign,benign,False,benign
crackdevil.biz,0,tranco_benign,benign,False,benign
btytfordlinnetavox.com,1,dga_cluster_42,dga,False,dga
24c101de20ec2900969b830075d51d56a3.tunnel-com.com,2,original_hex_tunnel,original_tunnel,False,dns_tunnel
todayoffercodes.org,0,tranco_benign,benign,False,benign
94e50370a900000000812195cf9316f78416e362d1f49ad221deb07b9584.tunnel-org.org,2,original_hex_tunnel,original_tunnel,False,dns_tunnel
static.importempire.io,0,tranco_benign,benign,False,benign
dcedcckscjbr.com,1,dga_cluster_44,dga,False,dga
webpraktis.com,0,tranco_benign,benign,False,benign
pivovar-vysokychlumec.info,0,tranco_benign,benign,False,benign
roadrunnerpharmacy.site,0,tranco_benign,benign,False,benign
syrianpeople.top,0,tranco_benign,benign,False,benign
myurbanmarket.net,0,tranco_benign,benign,False,benign
wqqaererwyatanb.site,1,dga_cluster_41,dga,False,dga
mazdasrazy.com,0,tranco_benign,benign,False,benign
portal.pretoria.com,0,tranco_benign,benign,False,benign
320kbpshouse.com,0,tranco_benign,benign,False,benign
iyvnfordlinnetavox.info,1,dga_cluster_42,dga,False,dga
build-761ad9064bb2d.vercel.app,0,benign_hex_service,benign,True,benign
m.leuchtmittel-verkauf.com,0,tranco_benign,benign,False,benign
naabjfd4q.tunnel-com.com,2,original_hex_tunnel,original_tunnel,False,dns_tunnel
auto-dogovor.com,0,tranco_benign,benign,False,benign
rdlvmachuslazaroqok.com,1,dga_cluster_40,dga,False,dga
drceererwyatanb.xyz,1,dga_cluster_41,dga,False,dga
myevolvingincome.com,0,tranco_benign,benign,False,benign
auth0.4usbzyfjpqolhcpdf3srnaestkr4d6jrx.dns-exfil.net,2,lab_dns2tcp,dns2tcp,True,dns_tunnel
mueblesrey.com,0,tranco_benign,benign,False,benign
haitube.top,0,tranco_benign,benign,False,benign
zboyererwyatanb.top,1,dga_cluster_41,dga,False,dga
freewatchtube.com,0,tranco_benign,benign,False,benign
proctoraccounting.net,0,tranco_benign,benign,False,benign
hvjesagabardinedazyx.cc,1,dga_cluster_44,dga,False,dga
kaniererwyatanb.io,1,dga_cluster_41,dga,False,dga
metropolis.com,0,tranco_benign,benign,False,benign
dnscat.458da187.4fc49deb2012c800adff7d262eebbfb959e0ba13cc623049e461ba9d.ns-data.io,2,lab_dnscat2,dnscat2,True,dns_tunnel
gapsugarsolvestayaccount.com,1,dga_cluster_40,dga,False,dga
nissancollection.com,0,tranco_benign,benign,False,benign
jkzyw.cc,0,tranco_benign,benign,False,benign
sbbanner.online,0,tranco_benign,benign,False,benign
shop.way2business.online,0,tranco_benign,benign,False,benign
dnscat.cc488aaa.a410931ce95f085ab5c74494eae2.lab-tunnel.org,2,lab_dnscat2,dnscat2,True,dns_tunnel
visitnc.org,0,tranco_benign,benign,False,benign
christandyou.com,0,tranco_benign,benign,False,benign
pamafs2a.tunnel-site.site,2,original_hex_tunnel,original_tunnel,False,dns_tunnel
legato.com,0,tranco_benign,benign,False,benign
shop.fiberon.info,0,tranco_benign,benign,False,benign
shop.megane-akafudado.net,0,tranco_benign,benign,False,benign
qmsfedcruflk.com,1,dga_cluster_44,dga,False,dga
knea.com,0,tranco_benign,benign,False,benign
pamafvva.tunnel-xyz.xyz,2,original_hex_tunnel,original_tunnel,False,dns_tunnel
zxucfordlinnetavox.net,1,dga_cluster_42,dga,False,dga
vm-prod-d3759609.westeurope.cloudapp.azure.com,0,benign_cloud_instance,benign,True,benign
prod-cdn-617.global.ssl.fastly.net,0,benign_cdn,benign,True,benign
sandiegomagazine.com,0,tranco_benign,benign,False,benign
protonmaildotcom.biz,0,tranco_benign,benign,False,benign
writerbay.org,0,tranco_benign,benign,False,benign
vegasmaster.com,0,tranco_benign,benign,False,benign
auth.digi-club.com,0,tranco_benign,benign,False,benign
demasiadointeresante.info,0,tranco_benign,benign,False,benign
esfy.com,0,tranco_benign,benign,False,benign
serbags.info,0,tranco_benign,benign,False,benign
modai.org,0,tranco_benign,benign,False,benign
somproduct.com,0,tranco_benign,benign,False,benign
maqaererwyatanb.biz,1,dga_cluster_41,dga,False,dga
auth2.hpaom2gf6hc73ugz8koa71vq129ntafkoxvqgd6hfsel4.tunnel-sec.biz,2,lab_dns2tcp,dns2tcp,True,dns_tunnel
vm-prod-c183d5fe.westeurope.cloudapp.azure.com,0,benign_cloud_instance,benign,True,benign
d705bfdd84cac8d791932487a05e528be11d.lab-tunnel.org,2,lab_dnscat2,dnscat2,True,dns_tunnel
caspianworld.com,0,tranco_benign,benign,False,benign
centrehifi.org,0,tranco_benign,benign,False,benign
bolighed.io,0,tranco_benign,benign,False,benign
openplay.org,0,tranco_benign,benign,False,benign
opabier.com,0,tranco_benign,benign,False,benign
auth4.e0vplvjlsv6ox7m1yf5ro2lvlvfwfsr3qhub.lab-tunnel.org,2,lab_dns2tcp,dns2tcp,True,dns_tunnel
pogo.com,0,tranco_benign,benign,False,benign
autokoberce-online.io,0,tranco_benign,benign,False,benign
auth0.nr15sbqsx3vxbib2gr2t8cxhlxjbkpa566kqqhatxm.dns-exfil.net,2,lab_dns2tcp,dns2tcp,True,dns_tunnel
shop.cadeiradochefe.com,0,tranco_benign,benign,False,benign
aboutonlinetips.top,0,tranco_benign,benign,False,benign
zvozererwyatanb.com,1,dga_cluster_41,dga,False,dga
0ebbcpdnggydixon2aaaedrlp55zvgcamcgprzox4msxtjd5goysaazgk0dbgm.tunnel-io.io,2,original_hex_tunnel,original_tunnel,False,dns_tunnel
gajibaru.biz,0,tranco_benign,benign,False,benign
auth9.cm7v3p51eq07827kics5ua8u.lab-tunnel.org,2,lab_dns2tcp,dns2tcp,True,dns_tunnel
vkdukla.net,0,tranco_benign,benign,False,benign
mcfgpartbulkyf.com,1,dga_cluster_40,dga,False,dga
arrivaladaptdescribereason.io,1,dga_cluster_43,dga,False,dga
cdn-cache-91c3603d.cf-ipfs.com,0,benign_cdn,benign,True,benign
daf.io,0,tranco_benign,benign,False,benign
teamonline.com,0,tranco_benign,benign,False,benign
fabulousandfunlife.net,0,tranco_benign,benign,False,benign
ceqkererwyatanb.net,1,dga_cluster_41,dga,False,dga
repasebaterii.net,0,tranco_benign,benign,False,benign
imperiaonline.info,0,tranco_benign,benign,False,benign
borbazaveru.net,0,tranco_benign,benign,False,benign
zrauiologistbikerepil.site,1,dga_cluster_43,dga,False,dga
portal.cog.org,0,tranco_benign,benign,False,benign
28d6032be5000000004f6e972fb33770e12eae1d3052d5266f0f4216d0d7.tunnel-org.org,2,original_hex_tunnel,original_tunnel,False,dns_tunnel
login.korinthostv.com,0,tranco_benign,benign,False,benign
roskr.org,0,tranco_benign,benign,False,benign
livetoo.net,0,tranco_benign,benign,False,benign
allrealitypass.com,0,tranco_benign,benign,False,benign
greatamericanrestaurants.info,0,tranco_benign,benign,False,benign
derechomercantil.com,0,tranco_benign,benign,False,benign
login.hmoelsokk.top,0,tranco_benign,benign,False,benign
cdn-cache-a4ff9aed.cf-ipfs.com,0,benign_cdn,benign,True,benign
catnails.com,0,tranco_benign,benign,False,benign
earlweb.com,0,tranco_benign,benign,False,benign
shop.games724.com,0,tranco_benign,benign,False,benign
themarketbusiness.com,0,tranco_benign,benign,False,benign
1c5cc39298856b354ad6885f20b3062110.tunnel-poc.com,2,lab_dnscat2,dnscat2,True,dns_tunnel
shop-locker.com,0,tranco_benign,benign,False,benign
a.5tkl6x2aglz67mqhevawmsqlzkjn24koj.tunnel-sec.biz,2,lab_iodine,iodine,True,dns_tunnel
kmldfordlinnetavox.biz,1,dga_cluster_42,dga,False,dga
wagfkarxtvtvu.com,1,dga_cluster_40,dga,False,dga
tvvwsagabardinedazyx.co,1,dga_cluster_44,dga,False,dga
quartic.com,0,tranco_benign,benign,False,benign
syoutikubai.com,0,tranco_benign,benign,False,benign
amaderbarisal.com,0,tranco_benign,benign,False,benign
n22ec801a6e88df299adceba5f9e1aeed3.com,1,dga_cluster_44,dga,False,dga
tubepornobr.net,0,tranco_benign,benign,False,benign
cdn.meditacionesdiarias.com,0,tranco_benign,benign,False,benign
auth0.cnujhswm3s38d5wsbc8j70bfzy7kkuq4vi9sdc9bcshu4.lab-tunnel.org,2,lab_dns2tcp,dns2tcp,True,dns_tunnel
auth8.exkcgs3xkesn430lop8tedl0u433u0u0rilyyb1j.ns-data.io,2,lab_dns2tcp,dns2tcp,True,dns_tunnel
odessapost.net,0,tranco_benign,benign,False,benign
sourcewisewaterconvertpersuade.com,1,dga_cluster_41,dga,False,dga
kinopobeda.com,0,tranco_benign,benign,False,benign
fnzxfordlinnetavox.online,1,dga_cluster_42,dga,False,dga
5gbfreeforum.net,0,tranco_benign,benign,False,benign
api.burandoeno.biz,0,tranco_benign,benign,False,benign
60-159-214-231.bc.googleusercontent.com,0,benign_cloud_instance,benign,True,benign
heliumking.xyz,0,tranco_benign,benign,False,benign
auth8.hv6qi5hpic7r70mbw778ztgeaiiy4fea3fb3vm.tunnel-poc.com,2,lab_dns2tcp,dns2tcp,True,dns_tunnel
sooefordlinnetavox.net,1,dga_cluster_42,dga,False,dga
portalnikkei.xyz,0,tranco_benign,benign,False,benign
vfajfordlinnetavox.net,1,dga_cluster_42,dga,False,dga
null.o7n2egiay2wifwq6bu6vhgj7c3mqsk2qx.cuyqti6piynzwhxdyriz.jgmjbolh3wegp6ggr6hgtyvdtlwtddaqufziennb5.lab-tunnel.org,2,lab_iodine,iodine,True,dns_tunnel
shop.kherson.com,0,tranco_benign,benign,False,benign
srv.ixvegrlws7bghjo4ryf5pr3.giafczt473rqtfm5pqqbqgmnzctez3qnf6nblsrvpncv.dns-exfil.net,2,lab_iodine,iodine,True,dns_tunnel
build-a89ea1b6.vercel.app,0,benign_hex_service,benign,True,benign
socialadstool.com,0,tranco_benign,benign,False,benign
m.bulksharing.org,0,tranco_benign,benign,False,benign
ererdaawvnhb.com,1,dga_cluster_41,dga,False,dga
enthuno-mori.com,0,tranco_benign,benign,False,benign
yurts.org,0,tranco_benign,benign,False,benign
audilo.org,0,tranco_benign,benign,False,benign
bedgdssuhmvs.com,1,dga_cluster_44,dga,False,dga
hugehentai.com,0,tranco_benign,benign,False,benign
yipnfordlinnetavox.org,1,dga_cluster_42,dga,False,dga
ytbauc.tunnel-org.org,2,original_hex_tunnel,original_tunnel,False,dns_tunnel
portalnarede.site,0,tranco_benign,benign,False,benign
yqxpsagabardinedazyx.com,1,dga_cluster_44,dga,False,dga
lordstravelsonline.biz,0,tranco_benign,benign,False,benign
a140-63-136-216.deploy.static.akamaitechnologies.com,0,benign_cdn,benign,True,benign
cabidefashion.com,0,tranco_benign,benign,False,benign
dnscat.dd406213.38be7aa2502e80b91564d56e0e1e62ccce2be72ee7b8a81001.tunnel-poc.com,2,lab_dnscat2,dnscat2,True,dns_tunnel
aldifotos.com,0,tranco_benign,benign,False,benign
shop.novena.com,0,tranco_benign,benign,False,benign
quexanarianaqh.com,1,dga_cluster_40,dga,False,dga
mail.gruppoeuromobil.com,0,tranco_benign,benign,False,benign
38.140.146.226.in-addr.arpa,0,benign_reverse_dns,benign,True,benign
sanctuary.co,0,tranco_benign,benign,False,benign
williamsinge.xyz,0,tranco_benign,benign,False,benign
exploretheme.com,0,tranco_benign,benign,False,benign
dpetr.co,0,tranco_benign,benign,False,benign
sharelibraries.me,0,tranco_benign,benign,False,benign
build-9ad298a79de.pages.dev,0,benign_hex_service,benign,True,benign
ls1.org,0,tranco_benign,benign,False,benign
1c04f90c2fae214bbb04a1de03d547f222d6cc88a6f1e963e53a5b4b1ed5c1f.tunnel-sec.biz,2,lab_dnscat2,dnscat2,True,dns_tunnel
fpwyererwyatanb.com,1,dga_cluster_41,dga,False,dga
minimed.info,0,tranco_benign,benign,False,benign
ekkufordlinnetavox.org,1,dga_cluster_42,dga,False,dga
fnbapartbulkyf.com,1,dga_cluster_40,dga,False,dga
costruireweb.top,0,tranco_benign,benign,False,benign
arentfox.com,0,tranco_benign,benign,False,benign
wcdbmachuslazaroqok.com,1,dga_cluster_40,dga,False,dga
096b5b8dd93f80c0a6e6ead5e4f58c1002f555eefd72545d40f3fb499e24.tunnel-sec.biz,2,lab_dnscat2,dnscat2,True,dns_tunnel
gapnmachuslazaroqok.co,1,dga_cluster_40,dga,False,dga
fearsplitparticipatecommit.com,1,dga_cluster_40,dga,False,dga
soggdeeduook.com,1,dga_cluster_44,dga,False,dga
cdn.szwrb.org,0,tranco_benign,benign,False,benign
uorwpartbulkyf.com,1,dga_cluster_40,dga,False,dga
pschunt.site,0,tranco_benign,benign,False,benign
maxana.com,0,tranco_benign,benign,False,benign
kamera-digital.com,0,tranco_benign,benign,False,benign
ept.com,0,tranco_benign,benign,False,benign
dfslfordlinnetavox.net,1,dga_cluster_42,dga,False,dga
hwiig.com,0,tranco_benign,benign,False,benign
jq69jlimrpx8136edwu12mhmbo.com,1,dga_cluster_44,dga,False,dga
gobli.info,0,tranco_benign,benign,False,benign
ugona.net,0,tranco_benign,benign,False,benign
wwhvpartbulkyf.com,1,dga_cluster_40,dga,False,dga
woppfordlinnetavox.com,1,dga_cluster_42,dga,False,dga
bltzmachuslazaroqok.co,1,dga_cluster_40,dga,False,dga
m.kayane.online,0,tranco_benign,benign,False,benign
pamafufy.tunnel-pro.pro,2,original_hex_tunnel,original_tunnel,False,dns_tunnel
isccc.online,0,tranco_benign,benign,False,benign
les-abreviations.com,0,tranco_benign,benign,False,benign
160.12.98.181.in-addr.arpa,0,benign_reverse_dns,benign,True,benign
auth5.658nhz1z0x768nb8dlvx5cejq9otff7nlvr0jztehv.tunnel-poc.com,2,lab_dns2tcp,dns2tcp,True,dns_tunnel
profilecreatequestionkick.org,1,dga_cluster_43,dga,False,dga
login.barq.org,0,tranco_benign,benign,False,benign
txt.7pmxsj7a7f6rwfz44kclpa6r33exeqrl.yivd6chv65dvtexmym4mrlwzvt5.dns-exfil.net,2,lab_iodine,iodine,True,dns_tunnel
www.fullrip.com,0,tranco_benign,benign,False,benign
thewalkeragency.cc,0,tranco_benign,benign,False,benign
isbifordlinnetavox.info,1,dga_cluster_42,dga,False,dga
arttilldealcowcashlunchavoid.com,1,dga_cluster_40,dga,False,dga
hgfbedcbrngw.com,1,dga_cluster_44,dga,False,dga
cinenovel.org,0,tranco_benign,benign,False,benign
articleinformclockorganize.com,1,dga_cluster_40,dga,False,dga
edgfufjgknsf.com,1,dga_cluster_44,dga,False,dga
renoback.online,0,tranco_benign,benign,False,benign
beautytipsmart.org,0,tranco_benign,benign,False,benign
wizpon.com,0,tranco_benign,benign,False,benign
dnscat.721324d9.f5fe0627e41fa764a62815b4d448ccd1465232011c0.lab-tunnel.org,2,lab_dnscat2,dnscat2,True,dns_tunnel
blog.wb-fernstudium.me,0,tranco_benign,benign,False,benign
8fb56f3efae0fef61c42d7119c79799148ed6f5732c8d8e.dns-exfil.net,2,lab_dnscat2,dnscat2,True,dns_tunnel
api.cotorraasecina.org,0,tranco_benign,benign,False,benign
hsfpvtedeusdf.com,1,dga_cluster_44,dga,False,dga
blockonomics.site,0,tranco_benign,benign,False,benign
d4c0ef17945385f.cloudfront.net,0,benign_cdn,benign,True,benign
ifjkfedcrcru.com,1,dga_cluster_44,dga,False,dga
diariodorio.com,0,tranco_benign,benign,False,benign
build-d7cd132804dc.pages.dev,0,benign_hex_service,benign,True,benign
26ae49311defd8080bd03843acfc771ab79f571c4db8231e8ee80d220ef14930a6c.lab-tunnel.org,2,lab_dnscat2,dnscat2,True,dns_tunnel
txkspartbulkyf.com,1,dga_cluster_40,dga,False,dga
v4.6mbpaghvvfmkz7ysixrjln3deldfpta.so6wbmlv6czmsj7jyyng3evwvcxzrhc7xjp.dns-exfil.net,2,lab_iodine,iodine,True,dns_tunnel
goodcanada.org,0,tranco_benign,benign,False,benign
zvuvpartbulkyf.com,1,dga_cluster_40,dga,False,dga
monsieur-cuisine.com,0,tranco_benign,benign,False,benign
awardloanfaceboxfieldwake.com,1,dga_cluster_40,dga,False,dga
build-a64bda437a.vercel.app,0,benign_hex_service,benign,True,benign
1800lighting.info,0,tranco_benign,benign,False,benign
brno-sanitka.com,0,tranco_benign,benign,False,benign
pamaojgi.tunnel-net.net,2,original_hex_tunnel,original_tunnel,False,dns_tunnel
imperialradio.com,0,tranco_benign,benign,False,benign
dnscat.6c2facc0.52431dbe895c38b0893be5422b129593713459d1875bd77154b3b.tunnel-poc.com,2,lab_dnscat2,dnscat2,True,dns_tunnel
rupec.co,0,tranco_benign,benign,False,benign
time100.com,0,tranco_benign,benign,False,benign
stepinterestedavoidgearbottle.net,1,dga_cluster_43,dga,False,dga
hktravelblog.info,0,tranco_benign,benign,False,benign
lhbzr.net,0,tranco_benign,benign,False,benign
qafwpartbulkyf.com,1,dga_cluster_40,dga,False,dga
akademiecz.net,0,tranco_benign,benign,False,benign
dev.theperfectplugin.net,0,tranco_benign,benign,False,benign
gesliga.com,0,tranco_benign,benign,False,benign
carnatal.me,0,tranco_benign,benign,False,benign
marksandspencer.com,0,tranco_benign,benign,False,benign
buzzillions.info,0,tranco_benign,benign,False,benign
sportovninoviny.com,0,tranco_benign,benign,False,benign
build-d7363a9254f848a.github.io,0,benign_hex_service,benign,True,benign
nvchfordlinnetavox.com,1,dga_cluster_42,dga,False,dga
d.c.c.f.a.0.6.f.8.1.8.d.a.b.f.d.ip6.arpa,0,benign_reverse_dns,benign,True,benign
hardeepasrani.xyz,0,tranco_benign,benign,False,benign
eggliftrushcarpetjokepack.com,1,dga_cluster_40,dga,False,dga
pracevevinarstvi.com,0,tranco_benign,benign,False,benign
progenica.online,0,tranco_benign,benign,False,benign
kubdfordlinnetavox.com,1,dga_cluster_42,dga,False,dga
momnewsdaily.com,0,tranco_benign,benign,False,benign
andori.com,0,tranco_benign,benign,False,benign
memusic.org,0,tranco_benign,benign,False,benign
flyhfordlinnetavox.com,1,dga_cluster_42,dga,False,dga
nea2cdb6e7912109717f9b18d5dc889ed1.com,1,dga_cluster_44,dga,False,dga
mail.htaccess-guide.org,0,tranco_benign,benign,False,benign
eadhfordlinnetavox.top,1,dga_cluster_42,dga,False,dga
www.reviews-washer-dryer.net,0,tranco_benign,benign,False,benign
auth2.2btlj972w8v5cubqo00iw32f89foa0.tunnel-sec.biz,2,lab_dns2tcp,dns2tcp,True,dns_tunnel
31e3ssqucgznhguituwqojsqurq0duxm419xfct-btv3pplyya0nfgy0eq15iddtb.tunnel-com.com,2,original_hex_tunnel,original_tunnel,False,dns_tunnel
mwokfordlinnetavox.biz,1,dga_cluster_42,dga,False,dga
theteamwork.com,0,tranco_benign,benign,False,benign
pzywfordlinnetavox.com,1,dga_cluster_42,dga,False,dga
forte-hotel.info,0,tranco_benign,benign,False,benign
ec2-116-44-6-37.compute-1.amazonaws.com,0,benign_cloud_instance,benign,True,benign
dev.buhaykorea.com,0,tranco_benign,benign,False,benign
ec2-94-204-61-158.compute-1.amazonaws.com,0,benign_cloud_instance,benign,True,benign
f.4.1.5.f.b.c.7.e.f.d.0.b.b.1.b.ip6.arpa,0,benign_reverse_dns,benign,True,benign
asakusaengei.com,0,tranco_benign,benign,False,benign
asspoint.com,0,tranco_benign,benign,False,benign
fhogpartbulkyf.com,1,dga_cluster_40,dga,False,dga
lecivapriroda.io,0,tranco_benign,benign,False,benign
o2platba.com,0,tranco_benign,benign,False,benign
unidu.net,0,tranco_benign,benign,False,benign
waaasagabardinedazyx.com,1,dga_cluster_44,dga,False,dga
clubping.io,0,tranco_benign,benign,False,benign
vystavyvpraze.info,0,tranco_benign,benign,False,benign
lhumpartbulkyf.com,1,dga_cluster_40,dga,False,dga
null.y2dawzy2dq7dyqzxfc4aaqmcjucfetfh6jhgddxh.fa46mb6br6y6sxpvz.svf4mqfhdtkwr5wnpiwupg72xjcqkcw3wry23a.dns-exfil.net,2,lab_iodine,iodine,True,dns_tunnel
jrexfordlinnetavox.com,1,dga_cluster_42,dga,False,dga
cusmai.co,0,tranco_benign,benign,False,benign
xricsagabardinedazyx.com,1,dga_cluster_44,dga,False,dga
hindishayri.com,0,tranco_benign,benign,False,benign
ejobsservice.site,0,tranco_benign,benign,False,benign
aktabilgisayar.com,0,tranco_benign,benign,False,benign
115.216.167.1.in-addr.arpa,0,benign_reverse_dns,benign,True,benign
gemmi.info,0,tranco_benign,benign,False,benign
godsizereactspacecareerdisagree.com,1,dga_cluster_41,dga,False,dga
mramejoud.net,0,tranco_benign,benign,False,benign
srv.3ehdraz5f5c3sz26tucpw.wte5ulcnupxoohazwlnh5ec4hn.ns-data.io,2,lab_iodine,iodine,True,dns_tunnel
6x6arqmlie9915fngi41qz3gfv.com,1,dga_cluster_40,dga,False,dga
portal.mas-radbuza.co,0,tranco_benign,benign,False,benign
www.yalcintasotomotiv.com,0,tranco_benign,benign,False,benign
joarlxfvckjpqso.com,1,dga_cluster_40,dga,False,dga
build-8856715a6.azurewebsites.net,0,benign_hex_service,benign,True,benign
nic.com,0,tranco_benign,benign,False,benign
jaknaoffice.xyz,0,tranco_benign,benign,False,benign
flowmon.org,0,tranco_benign,benign,False,benign
textdealproposedpoundwas.com,1,dga_cluster_44,dga,False,dga
auth9.z75ca4nx3hyww3aj6bmayl4d07yuidj976obnfsqsm59frxp1n3.dns-exfil.net,2,lab_dns2tcp,dns2tcp,True,dns_tunnel
autocamp-trebon.xyz,0,tranco_benign,benign,False,benign
prod-cdn-983.global.ssl.fastly.net,0,benign_cdn,benign,True,benign
ego-dating.net,0,tranco_benign,benign,False,benign
infinity-interier.biz,0,tranco_benign,benign,False,benign
tpqiererwyatanb.com,1,dga_cluster_41,dga,False,dga
willfun.org,0,tranco_benign,benign,False,benign
190.126.123.46.in-addr.arpa,0,benign_reverse_dns,benign,True,benign
m.nextband.com,0,tranco_benign,benign,False,benign
127-88-94-64.bc.googleusercontent.com,0,benign_cloud_instance,benign,True,benign
dnscat.dceaac0e.553987ec69ceeb16ebe4ce18b7274d9b1b71c2e6cae0c1ca53053.tunnel-poc.com,2,lab_dnscat2,dnscat2,True,dns_tunnel
newsweekjapan.org,0,tranco_benign,benign,False,benign
eventtus.com,0,tranco_benign,benign,False,benign
trust-changer.org,0,tranco_benign,benign,False,benign
bavqktesyedu.com,1,dga_cluster_44,dga,False,dga
kepnpartbulkyf.com,1,dga_cluster_40,dga,False,dga
top-league.co,0,tranco_benign,benign,False,benign
psdisasters.online,0,tranco_benign,benign,False,benign
uploadbox.com,0,tranco_benign,benign,False,benign
industryaddressessaystable.net,1,dga_cluster_43,dga,False,dga
71.63.165.66.in-addr.arpa,0,benign_reverse_dns,benign,True,benign
164-148-85-162.bc.googleusercontent.com,0,benign_cloud_instance,benign,True,benign
kfw.com,0,tranco_benign,benign,False,benign
letseat.com,0,tranco_benign,benign,False,benign
zaluzieservis.com,0,tranco_benign,benign,False,benign
auth4.uxc39mfw5q5kcd75x1ybrck21bzpqct2fzthlq145gndpvsa3x3.tunnel-poc.com,2,lab_dns2tcp,dns2tcp,True,dns_tunnel
architect-samerrabi.online,0,tranco_benign,benign,False,benign
76.130.87.200.in-addr.arpa,0,benign_reverse_dns,benign,True,benign
dev.macscripter.info,0,tranco_benign,benign,False,benign
mail.babezzz.com,0,tranco_benign,benign,False,benign
auth3.gb7pmugk720oybb4k4nm9m6xli12mo.tunnel-poc.com,2,lab_dns2tcp,dns2tcp,True,dns_tunnel
idealgame.com,0,tranco_benign,benign,False,benign
bxymfordlinnetavox.com,1,dga_cluster_42,dga,False,dga
hazmeprecio.info,0,tranco_benign,benign,False,benign
auth7.j4sgjqe39mq9ccy39bbulqg3rzcq2mge.ns-data.io,2,lab_dns2tcp,dns2tcp,True,dns_tunnel
medicomint.com,0,tranco_benign,benign,False,benign
oqegererwyatanb.com,1,dga_cluster_41,dga,False,dga
pamafvlq.tunnel-pro.pro,2,original_hex_tunnel,original_tunnel,False,dns_tunnel
soldat38.me,0,tranco_benign,benign,False,benign
machinecommentcluepoundshine.co,1,dga_cluster_44,dga,False,dga
dev.mgydt.io,0,tranco_benign,benign,False,benign
shuraa.site,0,tranco_benign,benign,False,benign
sovraintendenzaroma.com,0,tranco_benign,benign,False,benign
paaim1wa.tunnel-xyz.xyz,2,original_hex_tunnel,original_tunnel,False,dns_tunnel
561301f640ee4121f96b41000b1ffe3d3e.tunnel-com.com,2,original_hex_tunnel,original_tunnel,False,dns_tunnel
24newstoday.com,0,tranco_benign,benign,False,benign
fps-pb.com,0,tranco_benign,benign,False,benign
txt.zj42a5knr2nhsjqi72jwn2.tunnel-poc.com,2,lab_iodine,iodine,True,dns_tunnel
vhayfordlinnetavox.com,1,dga_cluster_42,dga,False,dga
static.v-mart.top,0,tranco_benign,benign,False,benign
decoritalia.org,0,tranco_benign,benign,False,benign
creative-tim.com,0,tranco_benign,benign,False,benign
127.28.233.21.in-addr.arpa,0,benign_reverse_dns,benign,True,benign
szamotuly.com,0,tranco_benign,benign,False,benign
dnscat.3f6ce0be.d5f67188a34681fdc5e831aa5aa0b5ad88f13443b71c49.lab-tunnel.org,2,lab_dnscat2,dnscat2,True,dns_tunnel
kalbe.site,0,tranco_benign,benign,False,benign
null.2ouvnr7l5a4jibaifeklhk4ik3ftmhonjehivpysdyvdx.gwhcivg4svqurgjnbl2sayxks.7nazucxzpmhjegdc2nusr42x2ydllentxppy3qi.lab-tunnel.org,2,lab_iodine,iodine,True,dns_tunnel
tillinterestedwasbelieve.io,1,dga_cluster_43,dga,False,dga
pamafwgi.tunnel-info.info,2,original_hex_tunnel,original_tunnel,False,dns_tunnel
oekwererwyatanb.com,1,dga_cluster_41,dga,False,dga
radahear.com,1,dga_cluster_40,dga,False,dga
omega-zlin.com,0,tranco_benign,benign,False,benign
paaifkba.tunnel-com.com,2,original_hex_tunnel,original_tunnel,False,dns_tunnel
myneurogym.com,0,tranco_benign,benign,False,benign
zpewererwyatanb.com,1,dga_cluster_41,dga,False,dga
wep.com,0,tranco_benign,benign,False,benign
qsezanarianaqh.com,1,dga_cluster_40,dga,False,dga
build-58a4455e40.azurewebsites.net,0,benign_hex_service,benign,True,benign
rnkxmachuslazaroqok.com,1,dga_cluster_40,dga,False,dga
yardyardshallreasonsunzone.co,1,dga_cluster_40,dga,False,dga
znjwhneeywwaxdiarempxdcqk.com,1,dga_cluster_40,dga,False,dga
wowlavie.cc,0,tranco_benign,benign,False,benign
02fa2pdnggyhambygkyfqpgxohqhaybtjxszfyd.tunnel-com.com,2,original_hex_tunnel,original_tunnel,False,dns_tunnel
eqgkfordlinnetavox.cc,1,dga_cluster_42,dga,False,dga
diy-tool.org,0,tranco_benign,benign,False,benign
paaim2wi.tunnel-com.com,2,original_hex_tunnel,original_tunnel,False,dns_tunnel
szallashirdeto.io,0,tranco_benign,benign,False,benign
mail.immaculatahighschool.me,0,tranco_benign,benign,False,benign
static.vrleonberg.com,0,tranco_benign,benign,False,benign
airlinereceivesearchremove.io,1,dga_cluster_43,dga,False,dga
osinform.com,0,tranco_benign,benign,False,benign
howto.com,0,tranco_benign,benign,False,benign
alfamovie.co,0,tranco_benign,benign,False,benign
prod-cdn-261.global.ssl.fastly.net,0,benign_cdn,benign,True,benign
cdn-cache-30fb4e8b.cf-ipfs.com,0,benign_cdn,benign,True,benign
190-102-211-41.bc.googleusercontent.com,0,benign_cloud_instance,benign,True,benign
edlrrshlbafffxk.com,1,dga_cluster_44,dga,False,dga
a94501ce436b55ec9d5e6600b2fe568419.tunnel-com.com,2,original_hex_tunnel,original_tunnel,False,dns_tunnel
1oqc62ohjdwp87afedw1vw9828.com,1,dga_cluster_44,dga,False,dga
woherykudaru.com,1,dga_cluster_40,dga,False,dga
borsapazar.co,0,tranco_benign,benign,False,benign
edqbpi.com,1,dga_cluster_44,dga,False,dga
nnmasagabardinedazyx.co,1,dga_cluster_44,dga,False,dga
xntgererwyatanb.me,1,dga_cluster_41,dga,False,dga
ylm.com,0,tranco_benign,benign,False,benign
schbfordlinnetavox.com,1,dga_cluster_42,dga,False,dga
oarmfr.tunnel-site.site,2,original_hex_tunnel,original_tunnel,False,dns_tunnel
stilacosmetics.com,0,tranco_benign,benign,False,benign
bodhilinux.net,0,tranco_benign,benign,False,benign
blog.lyzovani-destne.org,0,tranco_benign,benign,False,benign
auth4.incs6iuf9p6lx84ofsrl756pz9tv6e9wr2p2gqnowuxn.tunnel-poc.com,2,lab_dns2tcp,dns2tcp,True,dns_tunnel
peopleandpicks.com,0,tranco_benign,benign,False,benign
245-162-201-153.bc.googleusercontent.com,0,benign_cloud_instance,benign,True,benign
jianduo.io,0,tranco_benign,benign,False,benign
198.29.207.80.in-addr.arpa,0,benign_reverse_dns,benign,True,benign
vlastnicesta.co,0,tranco_benign,benign,False,benign
boslaptop.top,0,tranco_benign,benign,False,benign
shop.gemz.online,0,tranco_benign,benign,False,benign
a.3rflzcxmov4euutqmjiuj5g7f45umijgaz53epwfrfczb.7dd2ldie4nhuqmto5nmm5sk4ml2kqqymtqwx64ldsw3bk.doen4vqnw2v5qex6rfmpu6mjk3i4x4i5.dns-exfil.net,2,lab_iodine,iodine,True,dns_tunnel
sictanarianaqh.com,1,dga_cluster_40,dga,False,dga
njuksagabardinedazyx.com,1,dga_cluster_44,dga,False,dga
lojacalabouco.xyz,0,tranco_benign,benign,False,benign
keystonecollects.com,0,tranco_benign,benign,False,benign
adgully.co,0,tranco_benign,benign,False,benign
vomaplast.com,0,tranco_benign,benign,False,benign
affshop.com,0,tranco_benign,benign,False,benign
hdiemachuslazaroqok.com,1,dga_cluster_40,dga,False,dga
ptpxererwyatanb.com,1,dga_cluster_41,dga,False,dga
sex-orgy.xyz,0,tranco_benign,benign,False,benign
shahane94.com,0,tranco_benign,benign,False,benign
paaakj4i.tunnel-com.com,2,original_hex_tunnel,original_tunnel,False,dns_tunnel
build-1cc915ddcfaf.vercel.app,0,benign_hex_service,benign,True,benign
m.yanfilm.org,0,tranco_benign,benign,False,benign
dettaglio.co,0,tranco_benign,benign,False,benign
fashionproject.com,0,tranco_benign,benign,False,benign
build-5b068a0ade5c.azurewebsites.net,0,benign_hex_service,benign,True,benign
brotherretaintouchchipreduce.site,1,dga_cluster_43,dga,False,dga
nasefarma.org,0,tranco_benign,benign,False,benign
lbox.cc,0,tranco_benign,benign,False,benign
zfwtererwyatanb.site,1,dga_cluster_41,dga,False,dga
dev.vykupujeme-nemovitosti.com,0,tranco_benign,benign,False,benign
lpzbererwyatanb.com,1,dga_cluster_41,dga,False,dga
uspatriottactical.online,0,tranco_benign,benign,False,benign
auathailand.com,0,tranco_benign,benign,False,benign
ec2-153-249-240-187.compute-1.amazonaws.com,0,benign_cloud_instance,benign,True,benign
hbfiererwyatanb.io,1,dga_cluster_41,dga,False,dga
build-3a8000202935a.vercel.app,0,benign_hex_service,benign,True,benign
randomkey.com,0,tranco_benign,benign,False,benign
d8289fac9e86624.cloudfront.net,0,benign_cdn,benign,True,benign
wefmeedqtgke.com,1,dga_cluster_44,dga,False,dga
i-love-seosprint.info,0,tranco_benign,benign,False,benign
89-49-187-189.bc.googleusercontent.com,0,benign_cloud_instance,benign,True,benign
paiapzvi.tunnel-com.com,2,original_hex_tunnel,original_tunnel,False,dns_tunnel
build-7e1f28ffb9.vercel.app,0,benign_hex_service,benign,True,benign
ccwzz.xyz,0,tranco_benign,benign,False,benign
auth0.x3u9e9l54iwwffqekdizgr8ivwd8tcqe2i72wxv8omudu999a.lab-tunnel.org,2,lab_dns2tcp,dns2tcp,True,dns_tunnel
a.nqqwrukd45jafk6v.dns-exfil.net,2,lab_iodine,iodine,True,dns_tunnel
firsthorizon.online,0,tranco_benign,benign,False,benign
unzensuriert.com,0,tranco_benign,benign,False,benign
rjllfordlinnetavox.xyz,1,dga_cluster_42,dga,False,dga
bluedriveindia.com,0,tranco_benign,benign,False,benign
gobabygo.online,0,tranco_benign,benign,False,benign
pfljsagabardinedazyx.com,1,dga_cluster_44,dga,False,dga
relationshinerefershelter.biz,1,dga_cluster_41,dga,False,dga
myshands.info,0,tranco_benign,benign,False,benign
plnbfordlinnetavox.com,1,dga_cluster_42,dga,False,dga
fthis.com,0,tranco_benign,benign,False,benign
0anaeyys2bsaeysgexgyemnolohftmmaie.tunnel-org.org,2,original_hex_tunnel,original_tunnel,False,dns_tunnel
build-d5e0bb0528.pages.dev,0,benign_hex_service,benign,True,benign
betonsport.top,0,tranco_benign,benign,False,benign
auth8.9uyfimfxnd39ddtrv2nxfn6yx0d1gjd967896yi1.tunnel-poc.com,2,lab_dns2tcp,dns2tcp,True,dns_tunnel
edkhchijgiqr.com,1,dga_cluster_44,dga,False,dga
infodicas.org,0,tranco_benign,benign,False,benign
ytbgzq.tunnel-site.site,2,original_hex_tunnel,original_tunnel,False,dns_tunnel
grayson.xyz,0,tranco_benign,benign,False,benign
dlimererwyatanb.io,1,dga_cluster_41,dga,False,dga
salondesmaires.com,0,tranco_benign,benign,False,benign
api.fondkinematografie.online,0,tranco_benign,benign,False,benign
build-96adc11f387.pages.dev,0,benign_hex_service,benign,True,benign
shop.criteria.xyz,0,tranco_benign,benign,False,benign
buzama.cc,0,tranco_benign,benign,False,benign
rolored.biz,0,tranco_benign,benign,False,benign
pamafvsi.tunnel-net.net,2,original_hex_tunnel,original_tunnel,False,dns_tunnel
8eff263a49e2cc1016a1d892ed536e8374c84bc12.tunnel-poc.com,2,lab_dnscat2,dnscat2,True,dns_tunnel
7fc92a9aac37a4000728ba0e18f9bfabefe39b11ab.dns-exfil.net,2,lab_dnscat2,dnscat2,True,dns_tunnel
cdn-cache-c16bde40.cf-ipfs.com,0,benign_cdn,benign,True,benign
dc4fb6ed21f0edb402f6ac3b5e504718fd.com,1,dga_cluster_44,dga,False,dga
auth.mariusn.org,0,tranco_benign,benign,False,benign
api.naentou.com,0,tranco_benign,benign,False,benign
biosferaweb.online,0,tranco_benign,benign,False,benign
maverick.org,0,tranco_benign,benign,False,benign
api.mddmbrandys-boleslav.com,0,tranco_benign,benign,False,benign
pamafysi.tunnel-com.com,2,original_hex_tunnel,original_tunnel,False,dns_tunnel
alphaconfig.biz,0,tranco_benign,benign,False,benign
az-obchody.info,0,tranco_benign,benign,False,benign
theautomotiveindia.net,0,tranco_benign,benign,False,benign
vmd-drogerie.top,0,tranco_benign,benign,False,benign
dev.aicisha.com,0,tranco_benign,benign,False,benign
ycjifordlinnetavox.top,1,dga_cluster_42,dga,False,dga
finduheart.com,0,tranco_benign,benign,False,benign
girlsvines.com,0,tranco_benign,benign,False,benign
momentumenergy.top,0,tranco_benign,benign,False,benign
250-35-88-53.bc.googleusercontent.com,0,benign_cloud_instance,benign,True,benign
iedphhvvqwvu.com,1,dga_cluster_44,dga,False,dga
klnzli462ntarcaf5t.com,1,dga_cluster_40,dga,False,dga
ewbufordlinnetavox.info,1,dga_cluster_42,dga,False,dga
productiveedge.xyz,0,tranco_benign,benign,False,benign
bestfunny.net,0,tranco_benign,benign,False,benign
hdqrererwyatanb.net,1,dga_cluster_41,dga,False,dga
bulgur.com,0,tranco_benign,benign,False,benign
blog.sexplaycam.net,0,tranco_benign,benign,False,benign
tutorselect.com,0,tranco_benign,benign,False,benign
clikkeee.io,0,tranco_benign,benign,False,benign
static.usteckykraj-priroda.org,0,tranco_benign,benign,False,benign
cooliris.top,0,tranco_benign,benign,False,benign
cdn.pilatesandfriends.net,0,tranco_benign,benign,False,benign
auth6.6aakig03wlxll8ezm2xg8y54.lab-tunnel.org,2,lab_dns2tcp,dns2tcp,True,dns_tunnel
bajaunapeli.io,0,tranco_benign,benign,False,benign
dev.ilightworks.info,0,tranco_benign,benign,False,benign
v4.bt6kqzfabafyxcggg3lol4xwzh4htqzms4hnwk5q.jk7p2nj2knonldcpdyft6ctlk2id2wjefw45a6u6olmw.mz2oc7zqeicbbp5kabggr7pa2bpsbygd3l.tunnel-poc.com,2,lab_iodine,iodine,True,dns_tunnel
ytbmya.tunnel-com.com,2,original_hex_tunnel,original_tunnel,False,dns_tunnel
blog.jugendbuch-couch.net,0,tranco_benign,benign,False,benign
lietuvis.io,0,tranco_benign,benign,False,benign
portfolio-detka.cc,0,tranco_benign,benign,False,benign
dnscat.8b5a8e97.31faecf06b7f717b223ef2b0f.dns-exfil.net,2,lab_dnscat2,dnscat2,True,dns_tunnel
www.sexnod.top,0,tranco_benign,benign,False,benign
www.aquionenergy.io,0,tranco_benign,benign,False,benign
wmtransfer.co,0,tranco_benign,benign,False,benign
udoym.co,0,tranco_benign,benign,False,benign
fakeoff.net,0,tranco_benign,benign,False,benign
ddwjsagabardinedazyx.com,1,dga_cluster_44,dga,False,dga
auth.apeainthepod.com,0,tranco_benign,benign,False,benign
dnscat.c6098cfd.657d4c74d8147939bb42a.ns-data.io,2,lab_dnscat2,dnscat2,True,dns_tunnel
85-199-67-36.bc.googleusercontent.com,0,benign_cloud_instance,benign,True,benign
practicepersuaderecordshelter.top,1,dga_cluster_41,dga,False,dga
auth6.w32qlilt98fb0o2n7500ua1k3dvmgjsd74fpwh5x4wvv.tunnel-sec.biz,2,lab_dns2tcp,dns2tcp,True,dns_tunnel
vedaavira.com,0,tranco_benign,benign,False,benign
expbase.cc,0,tranco_benign,benign,False,benign
vm-prod-fd329607.westeurope.cloudapp.azure.com,0,benign_cloud_instance,benign,True,benign
portal.artofx.com,0,tranco_benign,benign,False,benign
oyinwo7t0aen1ar2pvn12dzyrt.com,1,dga_cluster_40,dga,False,dga
gamedium.com,0,tranco_benign,benign,False,benign
dbtcsagabardinedazyx.com,1,dga_cluster_44,dga,False,dga
dotreferenceblackteambase.net,1,dga_cluster_43,dga,False,dga
234.135.29.111.in-addr.arpa,0,benign_reverse_dns,benign,True,benign
kindergartenworksheets.com,0,tranco_benign,benign,False,benign
meayoo.org,0,tranco_benign,benign,False,benign
kavobaron.com,0,tranco_benign,benign,False,benign
dnscat.8d740064.7b2dbdc0cdf88cd854bc54f34f00814db08c206b1c7181f7747693.tunnel-sec.biz,2,lab_dnscat2,dnscat2,True,dns_tunnel
kf0438ea23574b6fd1332aed47d3a426e4.com,1,dga_cluster_44,dga,False,dga
veganessentials.net,0,tranco_benign,benign,False,benign
pamafzla.tunnel-info.info,2,original_hex_tunnel,original_tunnel,False,dns_tunnel
portal.mutuo.com,0,tranco_benign,benign,False,benign
dbelfordlinnetavox.info,1,dga_cluster_42,dga,False,dga
qkvjmachuslazaroqok.com,1,dga_cluster_40,dga,False,dga
iyeedpklzc.com,1,dga_cluster_44,dga,False,dga
www.seregalab.co,0,tranco_benign,benign,False,benign
3orodzoom.net,0,tranco_benign,benign,False,benign
auth1.duc4j9cyw18eccuk6be7w96w7e972m9r.tunnel-poc.com,2,lab_dns2tcp,dns2tcp,True,dns_tunnel
tonicmedia.org,0,tranco_benign,benign,False,benign
build-bc29d08b.gitlab.io,0,benign_hex_service,benign,True,benign
auth.artiart.com,0,tranco_benign,benign,False,benign
planet-science.biz,0,tranco_benign,benign,False,benign
keowererwyatanb.com,1,dga_cluster_41,dga,False,dga
zonkysetkani.com,0,tranco_benign,benign,False,benign
thalia-theater.org,0,tranco_benign,benign,False,benign
static.debonnefacture.site,0,tranco_benign,benign,False,benign
qodyererwyatanb.com,1,dga_cluster_41,dga,False,dga
e925fb755883b81ef3fc0d466e86f6e60d51ef0a9b7a0f357908d92803f176edaf6.dns-exfil.net,2,lab_dnscat2,dnscat2,True,dns_tunnel
jjfymachuslazaroqok.com,1,dga_cluster_40,dga,False,dga
ardekbryyksti.com,1,dga_cluster_40,dga,False,dga
gdledwoogcgh.com,1,dga_cluster_44,dga,False,dga
vasprostor.com,0,tranco_benign,benign,False,benign
15b2bhu1t4eo2dn326qsarngmd.com,1,dga_cluster_40,dga,False,dga
shop.acjablonec.xyz,0,tranco_benign,benign,False,benign
m.ne-chervonec.org,0,tranco_benign,benign,False,benign
blog.cheapvapesrus.org,0,tranco_benign,benign,False,benign
revaluemycard.com,0,tranco_benign,benign,False,benign
pamafzhi.tunnel-com.com,2,original_hex_tunnel,original_tunnel,False,dns_tunnel
myfigure.com,0,tranco_benign,benign,False,benign
topsolid.co,0,tranco_benign,benign,False,benign
bbszererwyatanb.top,1,dga_cluster_41,dga,False,dga
paaijala.tunnel-com.com,2,original_hex_tunnel,original_tunnel,False,dns_tunnel
staryfotri.org,0,tranco_benign,benign,False,benign
null.mvbdxsedwviq6ultqzzacvrarp5oz4d.3dmmipxwk547x32p3.lab-tunnel.org,2,lab_iodine,iodine,True,dns_tunnel
nxymsagabardinedazyx.cc,1,dga_cluster_44,dga,False,dga
181-97-242-222.bc.googleusercontent.com,0,benign_cloud_instance,benign,True,benign
ycvnsagabardinedazyx.com,1,dga_cluster_44,dga,False,dga
masaze-violet.com,0,tranco_benign,benign,False,benign
fasttackdirect.cc,0,tranco_benign,benign,False,benign
themedizine.net,0,tranco_benign,benign,False,benign
odeon-knihy.org,0,tranco_benign,benign,False,benign
prosperent.cc,0,tranco_benign,benign,False,benign
fbe701a433e551d97a3b3c0007e71a907de8ade1decae327e4ec75b9adc1.tunnel-com.com,2,original_hex_tunnel,original_tunnel,False,dns_tunnel
mckerzen.io,0,tranco_benign,benign,False,benign
api.nansoshop.info,0,tranco_benign,benign,False,benign
1eabapdnggydixon2aaaedrlp55zvgcaidlelbbb4houcdh5zsgeqafjswq5ed.tunnel-com.com,2,original_hex_tunnel,original_tunnel,False,dns_tunnel
fajny-shop.com,0,tranco_benign,benign,False,benign
bnjnmedtillu.com,1,dga_cluster_44,dga,False,dga
igti.info,0,tranco_benign,benign,False,benign
infowonogiri.io,0,tranco_benign,benign,False,benign
jpwcererwyatanb.info,1,dga_cluster_41,dga,False,dga
ostsee-reisen.org,0,tranco_benign,benign,False,benign
banersystem.io,0,tranco_benign,benign,False,benign
okxzpartbulkyf.com,1,dga_cluster_40,dga,False,dga
aujwfordlinnetavox.org,1,dga_cluster_42,dga,False,dga
auth9.20wou6udvygnzl9csqwdukcfqax6jh0.ns-data.io,2,lab_dns2tcp,dns2tcp,True,dns_tunnel
effectivebusinessideas.com,0,tranco_benign,benign,False,benign
cfdhpedhpxpn.com,1,dga_cluster_44,dga,False,dga
lauras-playground.com,0,tranco_benign,benign,False,benign
badhatmedia.com,0,tranco_benign,benign,False,benign
vm-prod-c0c48ace.westeurope.cloudapp.azure.com,0,benign_cloud_instance,benign,True,benign
shop.gchats.me,0,tranco_benign,benign,False,benign
elguau.com,0,tranco_benign,benign,False,benign
marketclass.com,0,tranco_benign,benign,False,benign
pamafx4i.tunnel-biz.biz,2,original_hex_tunnel,original_tunnel,False,dns_tunnel
0mjbws1kbbgi.tunnel-com.com,2,original_hex_tunnel,original_tunnel,False,dns_tunnel
bskyb.biz,0,tranco_benign,benign,False,benign
e31d01ce43b9050a4c789a00788cc393ad.tunnel-pro.pro,2,original_hex_tunnel,original_tunnel,False,dns_tunnel
www.vitakarta.com,0,tranco_benign,benign,False,benign
ozelyem.xyz,0,tranco_benign,benign,False,benign
fenby.net,0,tranco_benign,benign,False,benign
screenappreciateadvanced.top,1,dga_cluster_43,dga,False,dga
build-dd8ee62837cf.azurewebsites.net,0,benign_hex_service,benign,True,benign
api.jedinapujcka.me,0,tranco_benign,benign,False,benign
a.pjscjpxcajaiingb2wmt6jbr4aezs5h2ukjnqjn24kk3.ns-data.io,2,lab_iodine,iodine,True,dns_tunnel
toyta.com,0,tranco_benign,benign,False,benign
hbpyfordlinnetavox.me,1,dga_cluster_42,dga,False,dga
siz.online,0,tranco_benign,benign,False,benign
pisni.com,0,tranco_benign,benign,False,benign
takingthekids.online,0,tranco_benign,benign,False,benign
go4venture.biz,0,tranco_benign,benign,False,benign
ppoqmachuslazaroqok.com,1,dga_cluster_40,dga,False,dga
naabdrsns.tunnel-me.me,2,original_hex_tunnel,original_tunnel,False,dns_tunnel
holkazvlaku.org,0,tranco_benign,benign,False,benign
sorfererwyatanb.com,1,dga_cluster_41,dga,False,dga
blog.termet.com,0,tranco_benign,benign,False,benign
prizetrac.com,0,tranco_benign,benign,False,benign
trener.com,0,tranco_benign,benign,False,benign
baseballgen.com,0,tranco_benign,benign,False,benign
pamafv1q.tunnel-info.info,2,original_hex_tunnel,original_tunnel,False,dns_tunnel
jfxjmachuslazaroqok.com,1,dga_cluster_40,dga,False,dga
swsspartbulkyf.com,1,dga_cluster_40,dga,False,dga
event-menus.xyz,0,tranco_benign,benign,False,benign
v4.myzwg4x4pklt5beujtchvedettmeuq2aubiibieatxhc.tuavmce6v3zixbxx.k7h3uspb7cik52sefvy7yqpflxpxkn42lk7bu.ns-data.io,2,lab_iodine,iodine,True,dns_tunnel
tokyocameraclub.biz,0,tranco_benign,benign,False,benign
static.123-mpomponieres.com,0,tranco_benign,benign,False,benign
194-82-133-113.bc.googleusercontent.com,0,benign_cloud_instance,benign,True,benign
ukrfsagabardinedazyx.com,1,dga_cluster_44,dga,False,dga
fnqhfordlinnetavox.com,1,dga_cluster_42,dga,False,dga
vbedtxpvqespfq.com,1,dga_cluster_44,dga,False,dga
xpzpererwyatanb.xyz,1,dga_cluster_41,dga,False,dga
firerank.org,0,tranco_benign,benign,False,benign
auth4.otwjzb3jb006y9fwr3r8p6j3opvovohhkth8lbljcqi07gp.dns-exfil.net,2,lab_dns2tcp,dns2tcp,True,dns_tunnel
zaloapp.info,0,tranco_benign,benign,False,benign
redbulletin.com,0,tranco_benign,benign,False,benign
jtvplzen.org,0,tranco_benign,benign,False,benign
angelinos.com,0,tranco_benign,benign,False,benign
srv.5oz2akcgnwsehzvrh.zqckdg7zhqcvoa5ur5hozbjxye.o4paklujofqkd2bewm2mh4fldvhvwlfr7hkr.dns-exfil.net,2,lab_iodine,iodine,True,dns_tunnel
0ebazpdnggyhambygkybqkhn4fqhayd1polmxaarrgebtf0gbfdhjte321ldlz.tunnel-top.top,2,original_hex_tunnel,original_tunnel,False,dns_tunnel
stkmanesova.io,0,tranco_benign,benign,False,benign
handymanstartup.com,0,tranco_benign,benign,False,benign
tcu.com,0,tranco_benign,benign,False,benign
uskatletika.cc,0,tranco_benign,benign,False,benign
vanceblackburn.site,0,tranco_benign,benign,False,benign
auth9.mkqazvdqm2cxbhdc8hwya96eiz0ekvvmoh7hqnd2m93dfe4im6qk.ns-data.io,2,lab_dns2tcp,dns2tcp,True,dns_tunnel
dcdd03c3dfc97bf40727a900070f0e482716450c0cf05ead696efc3f00cb.tunnel-co.co,2,original_hex_tunnel,original_tunnel,False,dns_tunnel
ewqwsagabardinedazyx.cc,1,dga_cluster_44,dga,False,dga
paaam1oi.tunnel-co.co,2,original_hex_tunnel,original_tunnel,False,dns_tunnel
0db9016ee90ce526399dd80014fee46afd.tunnel-com.com,2,original_hex_tunnel,original_tunnel,False,dns_tunnel
blog.thedunloe.com,0,tranco_benign,benign,False,benign
txt.33ou2lo5fjc4scndyo.tunnel-poc.com,2,lab_iodine,iodine,True,dns_tunnel
blog.dietstol.co,0,tranco_benign,benign,False,benign
marcosbox.pro,0,tranco_benign,benign,False,benign
zoocenter.site,0,tranco_benign,benign,False,benign
yourlustporn.io,0,tranco_benign,benign,False,benign
prod-cdn-215.global.ssl.fastly.net,0,benign_cdn,benign,True,benign
prod-cdn-230.global.ssl.fastly.net,0,benign_cdn,benign,True,benign
lppcmachuslazaroqok.com,1,dga_cluster_40,dga,False,dga
dfatpartbulkyf.com,1,dga_cluster_40,dga,False,dga
svetlahoreni.com,0,tranco_benign,benign,False,benign
e-electroshops.com,0,tranco_benign,benign,False,benign
kuscsagabardinedazyx.com,1,dga_cluster_44,dga,False,dga
a.rz7n4pccvd6j6zlaiqlyzgzkwaklt3pfcdn5ihlzsr.dns-exfil.net,2,lab_iodine,iodine,True,dns_tunnel
vedyoqypkkqlqo.com,1,dga_cluster_44,dga,False,dga
130.182.192.231.in-addr.arpa,0,benign_reverse_dns,benign,True,benign
mail.allergy.com,0,tranco_benign,benign,False,benign
6a2201c8ca49f5e9d8fc2901022b6052f5.tunnel-com.com,2,original_hex_tunnel,original_tunnel,False,dns_tunnel
ymhhsagabardinedazyx.com,1,dga_cluster_44,dga,False,dga
tarurtkwrgpdtgjmishtgwdqw.com,1,dga_cluster_40,dga,False,dga
trendmaus.org,0,tranco_benign,benign,False,benign
uar4fp1n23fsd1c59ed9zhbd7.com,1,dga_cluster_44,dga,False,dga
crshlinsko.com,0,tranco_benign,benign,False,benign
daesh-news.me,0,tranco_benign,benign,False,benign
login.cviceni-pro-deti.net,0,tranco_benign,benign,False,benign
cdn.netshopy.net,0,tranco_benign,benign,False,benign
grappa.com,0,tranco_benign,benign,False,benign
happy-korova.com,0,tranco_benign,benign,False,benign
gkvvmachuslazaroqok.com,1,dga_cluster_40,dga,False,dga
recology.com,0,tranco_benign,benign,False,benign
wsuqsagabardinedazyx.com,1,dga_cluster_44,dga,False,dga
rvuspartbulkyf.com,1,dga_cluster_40,dga,False,dga
romhost.top,0,tranco_benign,benign,False,benign
auth8.kjjt7dxfgonusgxemlr2etl6l8tur5v1ts5d6lto7ybxkndb3tse.lab-tunnel.org,2,lab_dns2tcp,dns2tcp,True,dns_tunnel
strand.xyz,0,tranco_benign,benign,False,benign
owkqfordlinnetavox.com,1,dga_cluster_42,dga,False,dga
portal.teacherfiles.net,0,tranco_benign,benign,False,benign
kursport.com,0,tranco_benign,benign,False,benign
dev.tilt.com,0,tranco_benign,benign,False,benign
nnzlfordlinnetavox.com,1,dga_cluster_42,dga,False,dga
mail.aspirecig.xyz,0,tranco_benign,benign,False,benign
universalrestaurant.com,0,tranco_benign,benign,False,benign
blog.videoscumclips.com,0,tranco_benign,benign,False,benign
hzuxpartbulkyf.com,1,dga_cluster_40,dga,False,dga
ec2-210-32-167-124.compute-1.amazonaws.com,0,benign_cloud_instance,benign,True,benign
ffcdfordlinnetavox.xyz,1,dga_cluster_42,dga,False,dga
static.bumbershoot.com,0,tranco_benign,benign,False,benign
bfniererwyatanb.io,1,dga_cluster_41,dga,False,dga
bonedescribeattractdiglift.com,1,dga_cluster_44,dga,False,dga
blog.kainidi.org,0,tranco_benign,benign,False,benign
bpvws66y4vf5qnedfi.com,1,dga_cluster_44,dga,False,dga
dnscat.39ede417.6cb443d74bc8307aea7a0a9b53c27353f9102.tunnel-poc.com,2,lab_dnscat2,dnscat2,True,dns_tunnel
avfuzoku.com,0,tranco_benign,benign,False,benign
fiatbravo.info,0,tranco_benign,benign,False,benign
qariwoje.com,1,dga_cluster_40,dga,False,dga
centuryuk.org,0,tranco_benign,benign,False,benign
branchovercomefailbankscreen.biz,1,dga_cluster_41,dga,False,dga
auth1.142hf7i8i7mmrt2q59rt45m3y80knw8vsrpzwsywscz9zw2mb.tunnel-sec.biz,2,lab_dns2tcp,dns2tcp,True,dns_tunnel
prod-cdn-346.global.ssl.fastly.net,0,benign_cdn,benign,True,benign
nxflsagabardinedazyx.com,1,dga_cluster_44,dga,False,dga
1aef1e76adea45103c9ef6dae39e730d0fea4c26728f8.tunnel-sec.biz,2,lab_dnscat2,dnscat2,True,dns_tunnel
iwdjmachuslazaroqok.com,1,dga_cluster_40,dga,False,dga
dev.thelinkindia.com,0,tranco_benign,benign,False,benign
eleytheriadhs.com,0,tranco_benign,benign,False,benign
jx99hao.info,0,tranco_benign,benign,False,benign
txt.6e5f2tbm6tqgvpev2unbipmkg6yhwqe5bumi35xiv.3wlzmf3snbczojgdmwv3r57c3w4x3k42pej7o56htwlt.xlg5a4v6v2zbhv5psjbcxd4vom5vjomzyytlorcta3m.lab-tunnel.org,2,lab_iodine,iodine,True,dns_tunnel
dnscat.61b26100.f9812d32679a433f727252b160bc58ea6a8ecb5d0adf038a25b8e.dns-exfil.net,2,lab_dnscat2,dnscat2,True,dns_tunnel
login.autopost.org,0,tranco_benign,benign,False,benign
rxggfordlinnetavox.online,1,dga_cluster_42,dga,False,dga
m.mygretutor.me,0,tranco_benign,benign,False,benign
clbmarketing.com,0,tranco_benign,benign,False,benign
789a12aaad1a424c3c193d6ce240849ad8.lab-tunnel.org,2,lab_dnscat2,dnscat2,True,dns_tunnel
hroefordlinnetavox.com,1,dga_cluster_42,dga,False,dga
jokyfitness.com,0,tranco_benign,benign,False,benign
ethikbanken.co,0,tranco_benign,benign,False,benign
brizatrubac.org,0,tranco_benign,benign,False,benign
build-fa64b940f548.gitlab.io,0,benign_hex_service,benign,True,benign
rnmefordlinnetavox.com,1,dga_cluster_42,dga,False,dga
build-4098da2b4f386.vercel.app,0,benign_hex_service,benign,True,benign
cdn-cache-65e22736.cf-ipfs.com,0,benign_cdn,benign,True,benign
dnscat.096aa8a6.1e015df65f472a203ea49b12ce2d9061813e4b1d7366307d31.tunnel-poc.com,2,lab_dnscat2,dnscat2,True,dns_tunnel
jamescitycountyva.com,0,tranco_benign,benign,False,benign
vtknfordlinnetavox.online,1,dga_cluster_42,dga,False,dga
mitfcu2.org,0,tranco_benign,benign,False,benign
jobgroundwindowwakekickboard.com,1,dga_cluster_40,dga,False,dga
madeinchasse.com,0,tranco_benign,benign,False,benign
babyfoode.com,0,tranco_benign,benign,False,benign
static.belfastexchange.biz,0,tranco_benign,benign,False,benign
gressinghamduck.biz,0,tranco_benign,benign,False,benign
causerealizeholdwereshelter.com,1,dga_cluster_41,dga,False,dga
ccyvanarianaqh.com,1,dga_cluster_40,dga,False,dga
auth9.kc7kwbujqpvcd7idxxfcr25o8frlh6b8efrgz.tunnel-sec.biz,2,lab_dns2tcp,dns2tcp,True,dns_tunnel
ticketshow.com,0,tranco_benign,benign,False,benign
hfilsagabardinedazyx.com,1,dga_cluster_44,dga,False,dga
auth2.9npbdg0nsb1645u3txdsjpcgtn5yi2edib83vgcl0d.ns-data.io,2,lab_dns2tcp,dns2tcp,True,dns_tunnel
migaemtved.com,1,dga_cluster_44,dga,False,dga
radiogazeta.net,0,tranco_benign,benign,False,benign
mirapodo.io,0,tranco_benign,benign,False,benign
xplorio.com,0,tranco_benign,benign,False,benign
muscledumprockconnectseason.com,1,dga_cluster_44,dga,False,dga
ondertussen.com,0,tranco_benign,benign,False,benign
hover-bike.com,0,tranco_benign,benign,False,benign
itdiler.org,0,tranco_benign,benign,False,benign
cdn.domestavplus.me,0,tranco_benign,benign,False,benign
playbusiness.com,0,tranco_benign,benign,False,benign
canteen-jupiter.online,0,tranco_benign,benign,False,benign
hfdrmachuslazaroqok.com,1,dga_cluster_40,dga,False,dga
portal.smithfield.com,0,tranco_benign,benign,False,benign
cslesagabardinedazyx.cc,1,dga_cluster_44,dga,False,dga
a.vizctdb6dbkpv7brhuebea5jiinow6elu7izagwd7.4elitzpvvhgnx4lngyopom4fse3o.lab-tunnel.org,2,lab_iodine,iodine,True,dns_tunnel
qohifordlinnetavox.org,1,dga_cluster_42,dga,False,dga
gpxglobal.site,0,tranco_benign,benign,False,benign
gamestart.org,0,tranco_benign,benign,False,benign
mediapluspro.top,0,tranco_benign,benign,False,benign
gwtdtrarddcabidrd.com,1,dga_cluster_40,dga,False,dga
dev.terraveggia.net,0,tranco_benign,benign,False,benign
condata.biz,0,tranco_benign,benign,False,benign
login.corporativojuridicolegal.org,0,tranco_benign,benign,False,benign
gifu-np.com,0,tranco_benign,benign,False,benign
shoppingtijuca.com,0,tranco_benign,benign,False,benign
www.irishmusicfestival.xyz,0,tranco_benign,benign,False,benign
auth0.f4mtblqby7jncuest5kbna6wsdpnl1ulj.dns-exfil.net,2,lab_dns2tcp,dns2tcp,True,dns_tunnel
mail.ultrapornosikis.com,0,tranco_benign,benign,False,benign
auth.ckovcheg.co,0,tranco_benign,benign,False,benign
rowbrickaddressdirtyreward.com,1,dga_cluster_40,dga,False,dga
dnscat.e7c03c6f.9e0624aa0a46ecf85e7a4ff8daf5f70.tunnel-sec.biz,2,lab_dnscat2,dnscat2,True,dns_tunnel
parkingamountdragzonefix.co,1,dga_cluster_44,dga,False,dga
brandfameschool.xyz,0,tranco_benign,benign,False,benign
usluts.org,0,tranco_benign,benign,False,benign
thai-dream.io,0,tranco_benign,benign,False,benign
portal.reviveadservermod.cc,0,tranco_benign,benign,False,benign
jm3edxwnrli81vp80x71wr6vn1.com,1,dga_cluster_44,dga,False,dga
ldzysagabardinedazyx.com,1,dga_cluster_44,dga,False,dga
metaculture.online,0,tranco_benign,benign,False,benign
e-lotto.com,0,tranco_benign,benign,False,benign
dev.puyal.com,0,tranco_benign,benign,False,benign
fight-films.info,0,tranco_benign,benign,False,benign
wadablog.com,0,tranco_benign,benign,False,benign
siegl.org,0,tranco_benign,benign,False,benign
aspirerewards.com,0,tranco_benign,benign,False,benign
dzjcererwyatanb.xyz,1,dga_cluster_41,dga,False,dga
impressiontankreasondrycrash.me,1,dga_cluster_43,dga,False,dga
yorck.com,0,tranco_benign,benign,False,benign
csnwashington.io,0,tranco_benign,benign,False,benign
club-k.org,0,tranco_benign,benign,False,benign
kunstpark-shop.top,0,tranco_benign,benign,False,benign
vm-prod-70f64f4e.westeurope.cloudapp.azure.com,0,benign_cloud_instance,benign,True,benign
api.mepbim.online,0,tranco_benign,benign,False,benign
peliculaonlines.org,0,tranco_benign,benign,False,benign
vm-prod-1d1a7781.westeurope.cloudapp.azure.com,0,benign_cloud_instance,benign,True,benign
peugeotcentrum.com,0,tranco_benign,benign,False,benign
a5b400a396f2c83c70a6530000cd6be2a398cda9403f95dea4f41171a528.tunnel-cc.cc,2,original_hex_tunnel,original_tunnel,False,dns_tunnel
01c5bdf2a144bc0e8532acbe1c30c182bb0.tunnel-sec.biz,2,lab_dnscat2,dnscat2,True,dns_tunnel
www.chicasbellas.com,0,tranco_benign,benign,False,benign
build-c5254285d9bf0.vercel.app,0,benign_hex_service,benign,True,benign
v4.wdiodidkgpttsedhqkbc32u5.3lbdm3nedezslj3bhz7zco4e2gfik33wa6cmg.dns-exfil.net,2,lab_iodine,iodine,True,dns_tunnel
corelux.org,0,tranco_benign,benign,False,benign
papamond.com,0,tranco_benign,benign,False,benign
ifavart.com,0,tranco_benign,benign,False,benign
gfeddqielonm.com,1,dga_cluster_44,dga,False,dga
cdn.espritevent.net,0,tranco_benign,benign,False,benign
raintreenursery.com,0,tranco_benign,benign,False,benign
asogfordlinnetavox.biz,1,dga_cluster_42,dga,False,dga
dev.svatebnisatyrozarka.org,0,tranco_benign,benign,False,benign
onlinekhobor.co,0,tranco_benign,benign,False,benign
srv.c7p6ktsmbtd5j2vxsoask3pcajqnmvxh2ktypgdyzac.dp3cdydktjtehxsdxmehpo4l25uzehsx467a7ztkefj.lab-tunnel.org,2,lab_iodine,iodine,True,dns_tunnel
xjjlfordlinnetavox.net,1,dga_cluster_42,dga,False,dga
portal.lambert.com,0,tranco_benign,benign,False,benign
eqxeererwyatanb.com,1,dga_cluster_41,dga,False,dga
mail.sawanohiroyuki.com,0,tranco_benign,benign,False,benign
lfm-web.info,0,tranco_benign,benign,False,benign
sccr.com,0,tranco_benign,benign,False,benign
pinoy-blogs.org,0,tranco_benign,benign,False,benign
70.236.68.229.in-addr.arpa,0,benign_reverse_dns,benign,True,benign
smartosc.com,0,tranco_benign,benign,False,benign
msprsagabardinedazyx.com,1,dga_cluster_44,dga,False,dga
norskebundy.net,0,tranco_benign,benign,False,benign
v4.piaqormxfoowgoscuxa4q6bzabdza6.uqa3uwcs7jsyvp7y35zgu.tunnel-poc.com,2,lab_iodine,iodine,True,dns_tunnel
cdn.koshelyok.org,0,tranco_benign,benign,False,benign
blog.luatic.com,0,tranco_benign,benign,False,benign
mmvjfordlinnetavox.net,1,dga_cluster_42,dga,False,dga
ladycarpetavoidgrowcoatengage.com,1,dga_cluster_40,dga,False,dga
ciok.org,0,tranco_benign,benign,False,benign
login.totalprotectioninteractive.top,0,tranco_benign,benign,False,benign
cc9bf92a7f8f0b247e67f297a199737e453ab55.lab-tunnel.org,2,lab_dnscat2,dnscat2,True,dns_tunnel
qydjfordlinnetavox.org,1,dga_cluster_42,dga,False,dga
veipearu.com,1,dga_cluster_40,dga,False,dga
ploparciftvk.com,1,dga_cluster_40,dga,False,dga
blog.railsfun.net,0,tranco_benign,benign,False,benign
www.cevirsozluk.com,0,tranco_benign,benign,False,benign
levne-vyklizeni-praha.xyz,0,tranco_benign,benign,False,benign
ifrnd.com,0,tranco_benign,benign,False,benign
pabia52i.tunnel-net.net,2,original_hex_tunnel,original_tunnel,False,dns_tunnel
krasotamed.com,0,tranco_benign,benign,False,benign
build-74906a09699ee2.vercel.app,0,benign_hex_service,benign,True,benign
a919017c4377b9993d822400129ec8de89.tunnel-info.info,2,original_hex_tunnel,original_tunnel,False,dns_tunnel
lingulo.com,0,tranco_benign,benign,False,benign
agiletechexperts.com,0,tranco_benign,benign,False,benign
ec2-200-49-19-88.compute-1.amazonaws.com,0,benign_cloud_instance,benign,True,benign
cornersaveproposedsearch.com,1,dga_cluster_44,dga,False,dga
859a01ce43724a547a139b0070fb2b06a04beaada38dfff9c7.tunnel-com.com,2,original_hex_tunnel,original_tunnel,False,dns_tunnel
cnc.com,0,tranco_benign,benign,False,benign
snag.com,0,tranco_benign,benign,False,benign
ec2-249-159-216-44.compute-1.amazonaws.com,0,benign_cloud_instance,benign,True,benign
www.foeplayer.info,0,tranco_benign,benign,False,benign
56.250.222.95.in-addr.arpa,0,benign_reverse_dns,benign,True,benign
sgtzsagabardinedazyx.com,1,dga_cluster_44,dga,False,dga
shop.s5wyt.me,0,tranco_benign,benign,False,benign
windsharehabitappealplace.com,1,dga_cluster_40,dga,False,dga
srv.gepqn4z4fpsmtb45pilht66dloe.xvrzncgx2nqgpnjgbzylsx.wpjh4djudjdkriu3x4bvtq75meohnpdlv5yysgnh6qem.tunnel-sec.biz,2,lab_iodine,iodine,True,dns_tunnel
lctv.com,0,tranco_benign,benign,False,benign
ceivunabedwabao.com,1,dga_cluster_44,dga,False,dga
papira.info,0,tranco_benign,benign,False,benign
riseagainst.io,0,tranco_benign,benign,False,benign
aularedzero.net,0,tranco_benign,benign,False,benign
ureruzo.top,0,tranco_benign,benign,False,benign
40.80.112.117.in-addr.arpa,0,benign_reverse_dns,benign,True,benign
jlarererwyatanb.net,1,dga_cluster_41,dga,False,dga
api.tv-cool.org,0,tranco_benign,benign,False,benign
portal.mejores-hosting.biz,0,tranco_benign,benign,False,benign
ec2-214-202-20-210.compute-1.amazonaws.com,0,benign_cloud_instance,benign,True,benign
api.ferreemoney.org,0,tranco_benign,benign,False,benign
epweike.com,0,tranco_benign,benign,False,benign
rakovina-komplexni-poradenstvi.org,0,tranco_benign,benign,False,benign
shop.orange-empresas.com,0,tranco_benign,benign,False,benign
focusinfotech.site,0,tranco_benign,benign,False,benign
dnscat.7efcc72c.3bd6c49f54643246b3ee47bcc690.dns-exfil.net,2,lab_dnscat2,dnscat2,True,dns_tunnel
login.isabellaoliver.co,0,tranco_benign,benign,False,benign
dnscat.54a494fa.d11945794713ffe36c6766de0da8da0558.ns-data.io,2,lab_dnscat2,dnscat2,True,dns_tunnel
whufc.io,0,tranco_benign,benign,False,benign
webcenter.org,0,tranco_benign,benign,False,benign
52.125.155.79.in-addr.arpa,0,benign_reverse_dns,benign,True,benign
filmcashfiremixedneckobject.com,1,dga_cluster_44,dga,False,dga
kuechenhaus-online.com,0,tranco_benign,benign,False,benign
0eaaapdnggydixon2aaaedrlp55zvgcamcsu4sm.tunnel-biz.biz,2,original_hex_tunnel,original_tunnel,False,dns_tunnel
teachingimage.com,0,tranco_benign,benign,False,benign
null.sfgofoeml425tj2gnnwfd23puw5kv5dr2ybwlwzp4zj5.lab-tunnel.org,2,lab_iodine,iodine,True,dns_tunnel
twinsv.com,0,tranco_benign,benign,False,benign
lvnxmachuslazaroqok.com,1,dga_cluster_40,dga,False,dga
ekovoice.org,0,tranco_benign,benign,False,benign
boting.xyz,0,tranco_benign,benign,False,benign
dev.panpixels.com,0,tranco_benign,benign,False,benign
staffmeetpleasurewonderwarm.cc,1,dga_cluster_43,dga,False,dga
termmistakebottlerepresent.io,1,dga_cluster_43,dga,False,dga
megatuto.co,0,tranco_benign,benign,False,benign
c8d9ffbd4873ade5dfcbf07ef5fe5283155b8f394cec6e2fcf008e0e8881.dns-exfil.net,2,lab_dnscat2,dnscat2,True,dns_tunnel
build-6a91899d677b9.vercel.app,0,benign_hex_service,benign,True,benign
vbunfordlinnetavox.net,1,dga_cluster_42,dga,False,dga
cdn.british-history.cc,0,tranco_benign,benign,False,benign
lamuccacompany.com,0,tranco_benign,benign,False,benign
capitalconvincesmartmake.com,1,dga_cluster_40,dga,False,dga
linkengpark.com,0,tranco_benign,benign,False,benign
citadelbanking.biz,0,tranco_benign,benign,False,benign
hitman-metal.online,0,tranco_benign,benign,False,benign
maltairport.xyz,0,tranco_benign,benign,False,benign
stineni-ostrava.biz,0,tranco_benign,benign,False,benign
babyspellrewardscrewcrash.com,1,dga_cluster_40,dga,False,dga
perfect-player.com,0,tranco_benign,benign,False,benign
static.podkova.xyz,0,tranco_benign,benign,False,benign
meurthe-et-moselle.com,0,tranco_benign,benign,False,benign
cdn-cache-33629461.cf-ipfs.com,0,benign_cdn,benign,True,benign
xhdsmachuslazaroqok.com,1,dga_cluster_40,dga,False,dga
1ymbke4x0bkfevsrkvjvougu0llndvotw4ydimrwge0tgbyadrbqm5q.tunnel-xyz.xyz,2,original_hex_tunnel,original_tunnel,False,dns_tunnel
bestonlinewebhosting.com,0,tranco_benign,benign,False,benign
mail.ubereats.co,0,tranco_benign,benign,False,benign
quinoarecetas.com,0,tranco_benign,benign,False,benign
auth4.u7axrzo7jfl4zdkum5hdieasz08ostd2l3p1nmod.lab-tunnel.org,2,lab_dns2tcp,dns2tcp,True,dns_tunnel
mail.tomandroid.top,0,tranco_benign,benign,False,benign
maxbaby.com,0,tranco_benign,benign,False,benign
juqahuqlazar.com,1,dga_cluster_40,dga,False,dga
b8ad014ab0f7e0badf697200162ed8a235.tunnel-xyz.xyz,2,original_hex_tunnel,original_tunnel,False,dns_tunnel
vdshmachuslazaroqok.com,1,dga_cluster_40,dga,False,dga
dev.manualscenter.org,0,tranco_benign,benign,False,benign
blog.wesemshop.com,0,tranco_benign,benign,False,benign
api.blueirissoftware.com,0,tranco_benign,benign,False,benign
build-da9ce9dfa9fba04.azurewebsites.net,0,benign_hex_service,benign,True,benign
giycem.online,0,tranco_benign,benign,False,benign
gywwfordlinnetavox.info,1,dga_cluster_42,dga,False,dga
2iibcjzpecukjlfcvktk3injuww0hk3h35qgqzdmmjvgmdqagztyn5m.tunnel-net.net,2,original_hex_tunnel,original_tunnel,False,dns_tunnel
keddr.me,0,tranco_benign,benign,False,benign
culturefactoryusa.com,0,tranco_benign,benign,False,benign
api.gokovai.net,0,tranco_benign,benign,False,benign
vnmubnxkedckjix.com,1,dga_cluster_44,dga,False,dga
miriamalbero.io,0,tranco_benign,benign,False,benign
ywrxfordlinnetavox.com,1,dga_cluster_42,dga,False,dga
shop.jorgeam.info,0,tranco_benign,benign,False,benign
251.87.254.41.in-addr.arpa,0,benign_reverse_dns,benign,True,benign
elspota.xyz,0,tranco_benign,benign,False,benign
blog.oxford-med.cc,0,tranco_benign,benign,False,benign
gqnfrwbedkrpxlwkxkayxkffa.com,1,dga_cluster_44,dga,False,dga
proactivet.com,0,tranco_benign,benign,False,benign
getsetblush.net,0,tranco_benign,benign,False,benign
biz-book.co,0,tranco_benign,benign,False,benign
base22.io,0,tranco_benign,benign,False,benign
kirrsagabardinedazyx.com,1,dga_cluster_44,dga,False,dga
vfzpmachuslazaroqok.com,1,dga_cluster_40,dga,False,dga
shop.seniordatingagency-spain.com,0,tranco_benign,benign,False,benign
yedxygydonkkxkixf.com,1,dga_cluster_44,dga,False,dga
1hgc5km1gqzduh9edqwwzwp53a.com,1,dga_cluster_44,dga,False,dga
portal.beatasia.site,0,tranco_benign,benign,False,benign
d9hosting.site,0,tranco_benign,benign,False,benign
m.soundexchange.top,0,tranco_benign,benign,False,benign
bedccgfixxmj.com,1,dga_cluster_44,dga,False,dga
pinggu.top,0,tranco_benign,benign,False,benign
portal.kellyschat.xyz,0,tranco_benign,benign,False,benign
dpzyererwyatanb.com,1,dga_cluster_41,dga,False,dga
vjdlpartbulkyf.com,1,dga_cluster_40,dga,False,dga
ccgp-shaanxi.top,0,tranco_benign,benign,False,benign
pbtdererwyatanb.com,1,dga_cluster_41,dga,False,dga
auth.wykop.top,0,tranco_benign,benign,False,benign
dev.hemorroidestratamientoycura.org,0,tranco_benign,benign,False,benign
thewebthought.com,0,tranco_benign,benign,False,benign
btqtsagabardinedazyx.com,1,dga_cluster_44,dga,False,dga
3281015b0f77f193591471000398bed5ef.tunnel-org.org,2,original_hex_tunnel,original_tunnel,False,dns_tunnel
love4life.info,0,tranco_benign,benign,False,benign
fpcwererwyatanb.com,1,dga_cluster_41,dga,False,dga
bluelimemedia.com,0,tranco_benign,benign,False,benign
cdn-cache-2a60ec9b.cf-ipfs.com,0,benign_cdn,benign,True,benign
blog.roadkilltshirts.org,0,tranco_benign,benign,False,benign
big-out.com,0,tranco_benign,benign,False,benign
static.doc100.com,0,tranco_benign,benign,False,benign
kyfypartbulkyf.com,1,dga_cluster_40,dga,False,dga
beamtentalk.com,0,tranco_benign,benign,False,benign
dev.igrad.com,0,tranco_benign,benign,False,benign
57.33.91.59.in-addr.arpa,0,benign_reverse_dns,benign,True,benign
sugikingdom.com,0,tranco_benign,benign,False,benign
vectorportal.org,0,tranco_benign,benign,False,benign
v4.x6z5eww7gvbekscyvn2ytwu2rvp.tunnel-poc.com,2,lab_iodine,iodine,True,dns_tunnel
judithtiral.com,0,tranco_benign,benign,False,benign
ci-bi.com,0,tranco_benign,benign,False,benign
blog.altex.net,0,tranco_benign,benign,False,benign
buydepot.site,0,tranco_benign,benign,False,benign
linkomanija.com,0,tranco_benign,benign,False,benign
territa.org,0,tranco_benign,benign,False,benign
3a44d092ad20fd3e344b3899a09111.ns-data.io,2,lab_dnscat2,dnscat2,True,dns_tunnel
vbvplast.com,0,tranco_benign,benign,False,benign
shop.1soc.com,0,tranco_benign,benign,False,benign
nexbjedccforzosnedaojvde.com,1,dga_cluster_44,dga,False,dga
dnscat.91e49614.9950fcad0aeca9dd1757c39e83c59e862a1191a365c934ff67.tunnel-poc.com,2,lab_dnscat2,dnscat2,True,dns_tunnel
investmenttipinterestorganize.xyz,1,dga_cluster_43,dga,False,dga
glovemarkwonderpiecefirm.com,1,dga_cluster_40,dga,False,dga
covingtoninnovations.xyz,0,tranco_benign,benign,False,benign
nabyteknamiru.com,0,tranco_benign,benign,False,benign
143-225-117-53.bc.googleusercontent.com,0,benign_cloud_instance,benign,True,benign
npfcpartbulkyf.com,1,dga_cluster_40,dga,False,dga
myenercare.com,0,tranco_benign,benign,False,benign
areyouwatchingthis.com,0,tranco_benign,benign,False,benign
snedkkklmkrg.com,1,dga_cluster_44,dga,False,dga
nejlevnejsipovineruceni.org,0,tranco_benign,benign,False,benign
kr-kralovehradecky.co,0,tranco_benign,benign,False,benign
wcfymachuslazaroqok.com,1,dga_cluster_40,dga,False,dga
fronttellreservereactamazing.net,1,dga_cluster_43,dga,False,dga
auth.arnieabramspianist.net,0,tranco_benign,benign,False,benign
blog.im1music.online,0,tranco_benign,benign,False,benign
api.kedna.xyz,0,tranco_benign,benign,False,benign
mifohari.com,1,dga_cluster_40,dga,False,dga
highlifeshop.com,0,tranco_benign,benign,False,benign
vm-prod-7b03149f.westeurope.cloudapp.azure.com,0,benign_cloud_instance,benign,True,benign
101.240.233.220.in-addr.arpa,0,benign_reverse_dns,benign,True,benign
videoonline.org,0,tranco_benign,benign,False,benign
dplyfordlinnetavox.cc,1,dga_cluster_42,dga,False,dga
ec-russell.com,0,tranco_benign,benign,False,benign
tndymachuslazaroqok.com,1,dga_cluster_40,dga,False,dga
lolacamisetas.com,0,tranco_benign,benign,False,benign
anlkedfdgaezhftvvgms.com,1,dga_cluster_44,dga,False,dga
vm-prod-db2d62f3.westeurope.cloudapp.azure.com,0,benign_cloud_instance,benign,True,benign
auth5.tnest7seuyzuwung30qzk1elkg05v.lab-tunnel.org,2,lab_dns2tcp,dns2tcp,True,dns_tunnel
yx007.com,0,tranco_benign,benign,False,benign
anyruchi.net,0,tranco_benign,benign,False,benign
auth0.tva3tem219z7d1nhkoq1un4mln8d3eqk8877rz.tunnel-sec.biz,2,lab_dns2tcp,dns2tcp,True,dns_tunnel
kosmetykaaut.com,0,tranco_benign,benign,False,benign
chesthateweighpitchreserve.info,1,dga_cluster_43,dga,False,dga
blog.lobsteranywhere.com,0,tranco_benign,benign,False,benign
ec2-125-25-191-86.compute-1.amazonaws.com,0,benign_cloud_instance,benign,True,benign
livingkool.com,0,tranco_benign,benign,False,benign
baruxbeo.com,1,dga_cluster_40,dga,False,dga
laa0bi3z5ok4huezjw3rz.tunnel-com.com,2,original_hex_tunnel,original_tunnel,False,dns_tunnel
www.seqhae.xyz,0,tranco_benign,benign,False,benign
customersurveycenter.biz,0,tranco_benign,benign,False,benign
build-1b0b33f9d85f.pages.dev,0,benign_hex_service,benign,True,benign
nagaoka-id.com,0,tranco_benign,benign,False,benign
flughafen-zuerich.top,0,tranco_benign,benign,False,benign
pmdd-hnojivo.net,0,tranco_benign,benign,False,benign
bedcbmefmpnk.com,1,dga_cluster_44,dga,False,dga
wgwepartbulkyf.com,1,dga_cluster_40,dga,False,dga
95annu.com,0,tranco_benign,benign,False,benign
carfererwyatanb.info,1,dga_cluster_41,dga,False,dga
liquidlatex.com,0,tranco_benign,benign,False,benign
nepalipatro.info,0,tranco_benign,benign,False,benign
tragicservers.top,0,tranco_benign,benign,False,benign
pjshop.net,0,tranco_benign,benign,False,benign
ednbdu.com,1,dga_cluster_44,dga,False,dga
auarqcrjwuobvncwxqr.com,1,dga_cluster_40,dga,False,dga
fronttasteregretrentground.me,1,dga_cluster_43,dga,False,dga
awnspartbulkyf.com,1,dga_cluster_40,dga,False,dga
build-46674c22076.github.io,0,benign_hex_service,benign,True,benign
cdn.hebao8.top,0,tranco_benign,benign,False,benign
qol-net.net,0,tranco_benign,benign,False,benign
c2faafda865bc288ab053dbdb77810a349c64117ed9830cf52.tunnel-sec.biz,2,lab_dnscat2,dnscat2,True,dns_tunnel
gimqwareaptaapck.com,1,dga_cluster_40,dga,False,dga
ibcth.net,0,tranco_benign,benign,False,benign
lifeporting.com,0,tranco_benign,benign,False,benign
auth4.1ef0abgfsr22mc6uvevl7j02yvcaco0tywpt64167q3zuo7qfwoj.dns-exfil.net,2,lab_dns2tcp,dns2tcp,True,dns_tunnel
da5a4af11a92a3d.cloudfront.net,0,benign_cdn,benign,True,benign
uysmfordlinnetavox.co,1,dga_cluster_42,dga,False,dga
a160-218-192-225.deploy.static.akamaitechnologies.com,0,benign_cdn,benign,True,benign
jvrsryxonedg.com,1,dga_cluster_44,dga,False,dga
ayvtfordlinnetavox.com,1,dga_cluster_42,dga,False,dga
copybluedoctorbottlelawyer.com,1,dga_cluster_44,dga,False,dga
eedcbclmdcjy.com,1,dga_cluster_44,dga,False,dga
a7e701b2c59bfc9d1219970027df31e71d.tunnel-com.com,2,original_hex_tunnel,original_tunnel,False,dns_tunnel
4.1.3.0.d.4.b.e.a.c.4.f.d.c.d.3.ip6.arpa,0,benign_reverse_dns,benign,True,benign
kanglongyj.io,0,tranco_benign,benign,False,benign
78qbrjdnycsfwzazyyeuo2lpxonyetujni3hxzdow5no__-ihnnanwlyz6uc24lhs.tunnel-org.org,2,original_hex_tunnel,original_tunnel,False,dns_tunnel
gledjkuyoxbfhfr.com,1,dga_cluster_44,dga,False,dga
smalltool.cc,0,tranco_benign,benign,False,benign
celliant.site,0,tranco_benign,benign,False,benign
ycqwpartbulkyf.com,1,dga_cluster_40,dga,False,dga
proposalparentwouldintroduce.com,1,dga_cluster_40,dga,False,dga
19hmxro13v4gr51uarcsz3fd5z4.com,1,dga_cluster_40,dga,False,dga
lingoo.org,0,tranco_benign,benign,False,benign
srv.ilpd5hj7bewztmgfsck5rgdamfsjvk.nwvd7p7xodqntthqx.lab-tunnel.org,2,lab_iodine,iodine,True,dns_tunnel
siqgpartbulkyf.com,1,dga_cluster_40,dga,False,dga
bhwsfordlinnetavox.biz,1,dga_cluster_42,dga,False,dga
mwdqererwyatanb.info,1,dga_cluster_41,dga,False,dga
portal.wakawakasports.com,0,tranco_benign,benign,False,benign
challengevaryguaranteeblue.com,1,dga_cluster_40,dga,False,dga
quarterstuffmindstablespell.io,1,dga_cluster_43,dga,False,dga
koonadance.xyz,0,tranco_benign,benign,False,benign
txt.56ucxci6niceqooy2dfhy5vf446ajgxlq.lab-tunnel.org,2,lab_iodine,iodine,True,dns_tunnel
hrnetwerk.net,0,tranco_benign,benign,False,benign
micase.co,0,tranco_benign,benign,False,benign
kv57yesxgehedacmze.com,1,dga_cluster_44,dga,False,dga
topwpthemes.xyz,0,tranco_benign,benign,False,benign
build-d74ac55c4754cb2.azurewebsites.net,0,benign_hex_service,benign,True,benign
d94e01c8cab11a6476a4f200a0d24a0c73.tunnel-top.top,2,original_hex_tunnel,original_tunnel,False,dns_tunnel
hvubsagabardinedazyx.cc,1,dga_cluster_44,dga,False,dga
vfutfordlinnetavox.xyz,1,dga_cluster_42,dga,False,dga
jhniererwyatanb.com,1,dga_cluster_41,dga,False,dga
brush-photoshop.com,0,tranco_benign,benign,False,benign
lfwpfordlinnetavox.org,1,dga_cluster_42,dga,False,dga
hpktererwyatanb.com,1,dga_cluster_41,dga,False,dga
sguwfordlinnetavox.com,1,dga_cluster_42,dga,False,dga
ingenieriaquimica.xyz,0,tranco_benign,benign,False,benign
gicwfordlinnetavox.co,1,dga_cluster_42,dga,False,dga
tklam.org,0,tranco_benign,benign,False,benign
bozi-dar.com,0,tranco_benign,benign,False,benign
ayfaererwyatanb.site,1,dga_cluster_41,dga,False,dga
a.qyatafuybnl6vbvbw6k.tgxkgrzutpffbpor34ih2z6azoxcwdq2dpprc.tunnel-sec.biz,2,lab_iodine,iodine,True,dns_tunnel
ucb2efedd1b121f5bba0af4290a949eaf1.com,1,dga_cluster_44,dga,False,dga
52-104-251-151.bc.googleusercontent.com,0,benign_cloud_instance,benign,True,benign
check2ip.biz,0,tranco_benign,benign,False,benign
frameprogramricemarchappreciate.site,1,dga_cluster_43,dga,False,dga
shop.ripexal.com,0,tranco_benign,benign,False,benign
kppm.net,0,tranco_benign,benign,False,benign
163-48-80-188.bc.googleusercontent.com,0,benign_cloud_instance,benign,True,benign
ldsdsagabardinedazyx.com,1,dga_cluster_44,dga,False,dga
dev.ircem.com,0,tranco_benign,benign,False,benign
2.b.0.c.4.e.e.2.c.7.e.4.3.b.f.c.ip6.arpa,0,benign_reverse_dns,benign,True,benign
hairybikers.com,0,tranco_benign,benign,False,benign
xyhxspyhedvsiy.com,1,dga_cluster_44,dga,False,dga
menworld.biz,0,tranco_benign,benign,False,benign
vm-prod-5d871ef2.westeurope.cloudapp.azure.com,0,benign_cloud_instance,benign,True,benign
build-b5348aa339.github.io,0,benign_hex_service,benign,True,benign
82.136.140.222.in-addr.arpa,0,benign_reverse_dns,benign,True,benign
197.57.157.180.in-addr.arpa,0,benign_reverse_dns,benign,True,benign
dtfqererwyatanb.com,1,dga_cluster_41,dga,False,dga
cyoupartbulkyf.com,1,dga_cluster_40,dga,False,dga
kudisagabardinedazyx.com,1,dga_cluster_44,dga,False,dga
sinonimosonline.com,0,tranco_benign,benign,False,benign
materialframetreehatebone.site,1,dga_cluster_43,dga,False,dga
v4.e3dbe5jo4jreme5vukmmi4k67itrus.q3ubujr4atmow7bd3vkhn2he5j2buy4yahhefkxm3uyl.pvlgu7d4rzljkbfe3mttlddg4ls6ogd7ubztjel3y.dns-exfil.net,2,lab_iodine,iodine,True,dns_tunnel
140.47.72.71.in-addr.arpa,0,benign_reverse_dns,benign,True,benign
rentpretendassociateusestring.org,1,dga_cluster_43,dga,False,dga
srv.7h5qiluyihjiwyldwzl35md3cz.r5oeqwxl2rimgvf6btwjiy5sz7a3nodzjl55yq.tunnel-poc.com,2,lab_iodine,iodine,True,dns_tunnel
ozyria.com,0,tranco_benign,benign,False,benign
soesererwyatanb.com,1,dga_cluster_41,dga,False,dga
suessagabardinedazyx.com,1,dga_cluster_44,dga,False,dga
0y3ax40sbhygbabfzznlqgz3c31r0edgaadmuvzbg1yoy3akucvvv5u3gl5pme.tunnel-com.com,2,original_hex_tunnel,original_tunnel,False,dns_tunnel
v4.4ym5jzidz4477u6d6qtvujilr7fajp6utp.z24j7qfjxvl5jhyi23icluklzh5.dns-exfil.net,2,lab_iodine,iodine,True,dns_tunnel
uwgwmachuslazaroqok.co,1,dga_cluster_40,dga,False,dga
build-64078322.github.io,0,benign_hex_service,benign,True,benign
qledzljf.com,1,dga_cluster_44,dga,False,dga
4gmat.com,0,tranco_benign,benign,False,benign
cdn.acertabletforum.com,0,tranco_benign,benign,False,benign
fashionland.org,0,tranco_benign,benign,False,benign
prod-cdn-816.global.ssl.fastly.net,0,benign_cdn,benign,True,benign
api.dealsea.biz,0,tranco_benign,benign,False,benign
ec1a01ce43ba77468aac8600f5de34284c.tunnel-com.com,2,original_hex_tunnel,original_tunnel,False,dns_tunnel
105.33.198.32.in-addr.arpa,0,benign_reverse_dns,benign,True,benign
m.apikik.com,0,tranco_benign,benign,False,benign
vxzwererwyatanb.com,1,dga_cluster_41,dga,False,dga
auth.zabran.org,0,tranco_benign,benign,False,benign
pfpdfordlinnetavox.com,1,dga_cluster_42,dga,False,dga
cdn.metrarail.org,0,tranco_benign,benign,False,benign
d5d17551b047506.cloudfront.net,0,benign_cdn,benign,True,benign
garageassociateintenddeserve.net,1,dga_cluster_43,dga,False,dga
oirtfordlinnetavox.com,1,dga_cluster_42,dga,False,dga
uuaamachuslazaroqok.com,1,dga_cluster_40,dga,False,dga
ec2-159-214-143-166.compute-1.amazonaws.com,0,benign_cloud_instance,benign,True,benign
znnusagabardinedazyx.com,1,dga_cluster_44,dga,False,dga
build-bad3f57fe.gitlab.io,0,benign_hex_service,benign,True,benign
onccsmbgqxargowepd.com,1,dga_cluster_40,dga,False,dga
keywordtooldominator.biz,0,tranco_benign,benign,False,benign
forumscp.com,0,tranco_benign,benign,False,benign
magnoliahotel.org,0,tranco_benign,benign,False,benign
facepenstressreserveassure.xyz,1,dga_cluster_43,dga,False,dga
sbo-paper.com,0,tranco_benign,benign,False,benign
api.yargame.com,0,tranco_benign,benign,False,benign
dnscat.5968e8ef.4b5838841640001bf1ae0f85fed74ed6dad9f8.tunnel-sec.biz,2,lab_dnscat2,dnscat2,True,dns_tunnel
ntajfordlinnetavox.org,1,dga_cluster_42,dga,False,dga
mqhhpartbulkyf.com,1,dga_cluster_40,dga,False,dga
emol.com,0,tranco_benign,benign,False,benign
inmemoriam.co,0,tranco_benign,benign,False,benign
aevopartbulkyf.com,1,dga_cluster_40,dga,False,dga
m.ncn.com,0,tranco_benign,benign,False,benign
winerelatelandexplorerepresent.me,1,dga_cluster_41,dga,False,dga
dfd8012370fecad193f3990077e02c93bf.tunnel-pro.pro,2,original_hex_tunnel,original_tunnel,False,dns_tunnel
gmzlsagabardinedazyx.com,1,dga_cluster_44,dga,False,dga
164.249.231.132.in-addr.arpa,0,benign_reverse_dns,benign,True,benign
dadsuckadaptblowsearchplace.com,1,dga_cluster_40,dga,False,dga
shop.emailer1.net,0,tranco_benign,benign,False,benign
0yma2zes2bsaeysgbyda5tmwnmmvqayl03.tunnel-org.org,2,original_hex_tunnel,original_tunnel,False,dns_tunnel
blog.keiramarcos.com,0,tranco_benign,benign,False,benign
zdeimachuslazaroqok.com,1,dga_cluster_40,dga,False,dga
qeduleg.com,1,dga_cluster_44,dga,False,dga
rrwvfordlinnetavox.com,1,dga_cluster_42,dga,False,dga
xxyiererwyatanb.com,1,dga_cluster_41,dga,False,dga
m.dreamclub.xyz,0,tranco_benign,benign,False,benign
autostyl.com,0,tranco_benign,benign,False,benign
auth.esbaiy.com,0,tranco_benign,benign,False,benign
nedcbtjhajsaqqdx.com,1,dga_cluster_44,dga,False,dga
geraisyariah.com,0,tranco_benign,benign,False,benign
x20hosting.online,0,tranco_benign,benign,False,benign
m.webkolay.co,0,tranco_benign,benign,False,benign
hilltop-tree-delivery.info,0,tranco_benign,benign,False,benign
dreamkeeperscomic.online,0,tranco_benign,benign,False,benign
resimlerara.online,0,tranco_benign,benign,False,benign
wydawajdobrze.online,0,tranco_benign,benign,False,benign
pjtxsagabardinedazyx.cc,1,dga_cluster_44,dga,False,dga
api.grupoareas.cc,0,tranco_benign,benign,False,benign
energieazdravi.site,0,tranco_benign,benign,False,benign
0ysbv2m2ambsgiyhk21n0vnookfj3uqafiwantq.tunnel-io.io,2,original_hex_tunnel,original_tunnel,False,dns_tunnel
e05fe7c31f2e8ca829d40ee9db4f37ed34.com,1,dga_cluster_44,dga,False,dga
geneseesun.com,0,tranco_benign,benign,False,benign
jointhebibleproject.com,0,tranco_benign,benign,False,benign
0mbadpdnggyhambygkyai2hxhgydqmckprsjfydeajremdqgb2cswaygey52kk.tunnel-org.org,2,original_hex_tunnel,original_tunnel,False,dns_tunnel
3.6.e.d.f.c.5.6.8.5.e.e.8.9.9.2.ip6.arpa,0,benign_reverse_dns,benign,True,benign
a230-173-132-168.deploy.static.akamaitechnologies.com,0,benign_cdn,benign,True,benign
floralblvd.site,0,tranco_benign,benign,False,benign
prod-cdn-286.global.ssl.fastly.net,0,benign_cdn,benign,True,benign
sharinggalaxy.com,0,tranco_benign,benign,False,benign
buydirectusa.com,0,tranco_benign,benign,False,benign
0aoaptkj0vecstknvxkkqvxamkwk2kkkjtf04ntc2lsnjkjjfceqp2qv3qksud.tunnel-net.net,2,original_hex_tunnel,original_tunnel,False,dns_tunnel
a.uivunf4vksbirbxh.6azlqrxlczccd3q6.hvs2thm6rseila6bifpzm5mq2q7dspkxg5uwg5j.ns-data.io,2,lab_iodine,iodine,True,dns_tunnel
aboutvimaxpills.com,0,tranco_benign,benign,False,benign
hdpiano.org,0,tranco_benign,benign,False,benign
build-3051300c48900.github.io,0,benign_hex_service,benign,True,benign
enewsletter.org,0,tranco_benign,benign,False,benign
misterenglish.net,0,tranco_benign,benign,False,benign
whatsthatfish.com,0,tranco_benign,benign,False,benign
0.1.2.4.1.6.4.e.7.e.9.9.1.9.2.6.ip6.arpa,0,benign_reverse_dns,benign,True,benign
rdcfsagabardinedazyx.com,1,dga_cluster_44,dga,False,dga
c9319444ed3d199dbd05e39388c9e9432939f8f149011.dns-exfil.net,2,lab_dnscat2,dnscat2,True,dns_tunnel
cdn-cache-ffc8cc76.cf-ipfs.com,0,benign_cdn,benign,True,benign
0ggbf41ryeo1ptpxoqru0bylmfwxu5cyr4zccdg3plvp2ao4ab4ij.tunnel-com.com,2,original_hex_tunnel,original_tunnel,False,dns_tunnel
vminstall.net,0,tranco_benign,benign,False,benign
signaturestafffeedisappointed.org,1,dga_cluster_43,dga,False,dga
195-249-82-78.bc.googleusercontent.com,0,benign_cloud_instance,benign,True,benign
gfedbkdgmmuj.com,1,dga_cluster_44,dga,False,dga
phponlinesupport.org,0,tranco_benign,benign,False,benign
api.skininc.top,0,tranco_benign,benign,False,benign
zpvxfordlinnetavox.xyz,1,dga_cluster_42,dga,False,dga
de8b812e6fca20b.cloudfront.net,0,benign_cdn,benign,True,benign
a5bd0122732f4408ac9bdd0005bfcadb00.tunnel-com.com,2,original_hex_tunnel,original_tunnel,False,dns_tunnel
dnscat.8e357669.3af8b94171e75ccec3503dce8250c400ce6bc3.dns-exfil.net,2,lab_dnscat2,dnscat2,True,dns_tunnel
gtxcel.cc,0,tranco_benign,benign,False,benign
portal.istikbalgreece.com,0,tranco_benign,benign,False,benign
dev.ydsshop.com,0,tranco_benign,benign,False,benign
dev.dailyfreshjuice.cc,0,tranco_benign,benign,False,benign
fixingapples.com,0,tranco_benign,benign,False,benign
xcdfeyzinqvzfvedtmjxiv.com,1,dga_cluster_44,dga,False,dga
fujimimokei.org,0,tranco_benign,benign,False,benign
20.167.118.17.in-addr.arpa,0,benign_reverse_dns,benign,True,benign
shop.cursoiedi.com,0,tranco_benign,benign,False,benign
servisjancapek.com,0,tranco_benign,benign,False,benign
login.limitkomputer.biz,0,tranco_benign,benign,False,benign
lutaf.biz,0,tranco_benign,benign,False,benign
wellingunited.com,0,tranco_benign,benign,False,benign
lovirblsed.com,1,dga_cluster_44,dga,False,dga
defender.com,0,tranco_benign,benign,False,benign
m.usability.com,0,tranco_benign,benign,False,benign
auth3.6qq6ytx9woy3amwyj1jmqxu0.tunnel-sec.biz,2,lab_dns2tcp,dns2tcp,True,dns_tunnel
myenglishlab.com,0,tranco_benign,benign,False,benign
static.mobileparts.com,0,tranco_benign,benign,False,benign
ocasa.cc,0,tranco_benign,benign,False,benign
pamafusi.tunnel-site.site,2,original_hex_tunnel,original_tunnel,False,dns_tunnel
187.97.200.51.in-addr.arpa,0,benign_reverse_dns,benign,True,benign
dnscat.a4ef826d.c06f50b55e9f9da4c551a1.ns-data.io,2,lab_dnscat2,dnscat2,True,dns_tunnel
mail.hrbartender.co,0,tranco_benign,benign,False,benign
ricanek.net,0,tranco_benign,benign,False,benign
abbeyroad.info,0,tranco_benign,benign,False,benign
dev.merlin-industrial.com,0,tranco_benign,benign,False,benign
2.d.1.2.5.a.4.f.d.8.3.1.f.4.7.6.ip6.arpa,0,benign_reverse_dns,benign,True,benign
144.208.152.142.in-addr.arpa,0,benign_reverse_dns,benign,True,benign
epxx.com,0,tranco_benign,benign,False,benign
vtjbpartbulkyf.com,1,dga_cluster_40,dga,False,dga
awesomeness-shop.com,0,tranco_benign,benign,False,benign
saleraja.io,0,tranco_benign,benign,False,benign
sitefly.org,0,tranco_benign,benign,False,benign
olayancareers.com,0,tranco_benign,benign,False,benign
kidsfuninseoul.top,0,tranco_benign,benign,False,benign
cect-shop.net,0,tranco_benign,benign,False,benign
tjsjererwyatanb.com,1,dga_cluster_41,dga,False,dga
d5e30cd6feabb10.cloudfront.net,0,benign_cdn,benign,True,benign
5e0a01f059759a77130443006668c8cad3.tunnel-com.com,2,original_hex_tunnel,original_tunnel,False,dns_tunnel
ssqvedrtpvroim.com,1,dga_cluster_44,dga,False,dga
hallotw.com,0,tranco_benign,benign,False,benign
obuv-comfort.org,0,tranco_benign,benign,False,benign
static.nepalska-restaurace-makalu.io,0,tranco_benign,benign,False,benign
kakmed.com,0,tranco_benign,benign,False,benign
mycentsofstyle.com,0,tranco_benign,benign,False,benign
a31-165-195-34.deploy.static.akamaitechnologies.com,0,benign_cdn,benign,True,benign
scrapbooksale.com,0,tranco_benign,benign,False,benign
auth.galaxyfood.com,0,tranco_benign,benign,False,benign
ltxmmachuslazaroqok.com,1,dga_cluster_40,dga,False,dga
67d6cf2569f7e86f6537bf6f34e240e934fb4a3307d1003233.dns-exfil.net,2,lab_dnscat2,dnscat2,True,dns_tunnel
terrakot18.com,0,tranco_benign,benign,False,benign
interstats.top,0,tranco_benign,benign,False,benign
pabyjxaa.tunnel-com.com,2,original_hex_tunnel,original_tunnel,False,dns_tunnel
sandviken.net,0,tranco_benign,benign,False,benign
iqjjeedgndwi.com,1,dga_cluster_44,dga,False,dga
srv.sj54gveozbec2izccgfsco4tgqt6xpshxhcaz.5g6qpnif5skf3nhydyjhxvtfoei.ns-data.io,2,lab_iodine,iodine,True,dns_tunnel
biovzlet.com,0,tranco_benign,benign,False,benign
fx-gate.com,0,tranco_benign,benign,False,benign
popular-pills.com,0,tranco_benign,benign,False,benign
vacaguru.com,0,tranco_benign,benign,False,benign
xn--u9j5fuat1a4gc0x9c9819d.cc,0,tranco_benign,benign,False,benign
tuckergunleather.io,0,tranco_benign,benign,False,benign
ppfas.com,0,tranco_benign,benign,False,benign
aozpfordlinnetavox.top,1,dga_cluster_42,dga,False,dga
antistorm.org,0,tranco_benign,benign,False,benign
prod-cdn-661.global.ssl.fastly.net,0,benign_cdn,benign,True,benign
nzvymachuslazaroqok.com,1,dga_cluster_40,dga,False,dga
3c80edfdf502b80da298982988a2ade8cd6d0b8cc342ac6ebb8ae4b0a62.tunnel-poc.com,2,lab_dnscat2,dnscat2,True,dns_tunnel
txt.udgcu5eggdozvvzqsjaojdlts3xczottkg.ybffyaaw4ygc6ewiypv3yfm5ppghjq4.nyh5otr77oipti44jx5as4.dns-exfil.net,2,lab_iodine,iodine,True,dns_tunnel
iwlnpartbulkyf.com,1,dga_cluster_40,dga,False,dga
57.54.190.124.in-addr.arpa,0,benign_reverse_dns,benign,True,benign
mega-monopoliya.net,0,tranco_benign,benign,False,benign
blog.joinville.online,0,tranco_benign,benign,False,benign
umazanarianaqh.com,1,dga_cluster_40,dga,False,dga
adao.org,0,tranco_benign,benign,False,benign
portal.seo24usa.net,0,tranco_benign,benign,False,benign
login.c-kan.org,0,tranco_benign,benign,False,benign
thenamelesshorror.com,0,tranco_benign,benign,False,benign
yqtxqckixehwed.com,1,dga_cluster_44,dga,False,dga
yswnanarianaqh.com,1,dga_cluster_40,dga,False,dga
auth5.pehq5qr82ib9z2pkpgimulqd7gmon5ayids39zbyauuuff1f7wya.ns-data.io,2,lab_dns2tcp,dns2tcp,True,dns_tunnel
g0m8zd1wo0y6m9fedb01bkfh9o.com,1,dga_cluster_44,dga,False,dga
fjsqererwyatanb.com,1,dga_cluster_41,dga,False,dga
frxumachuslazaroqok.com,1,dga_cluster_40,dga,False,dga
tshenbian.io,0,tranco_benign,benign,False,benign
dxzhfordlinnetavox.com,1,dga_cluster_42,dga,False,dga
yocmsagabardinedazyx.com,1,dga_cluster_44,dga,False,dga
calliflower.site,0,tranco_benign,benign,False,benign
auth0.3aa1c5n1s883drco4nspd1ew1u49qqt.tunnel-sec.biz,2,lab_dns2tcp,dns2tcp,True,dns_tunnel
23-3-24-202.bc.googleusercontent.com,0,benign_cloud_instance,benign,True,benign
ekupanarianaqh.co,1,dga_cluster_40,dga,False,dga
trozo.com,0,tranco_benign,benign,False,benign
0mwa7oa1ysqw1fkfqiqimgf0oq4r03i0zy1tswgftaeffx3cpfezcqkzwsp42j.tunnel-com.com,2,original_hex_tunnel,original_tunnel,False,dns_tunnel
0iaabpdnggyhambygkyby2ex4tqgafcum5qbfydepj5x553ptopvr22ygy0l02.tunnel-com.com,2,original_hex_tunnel,original_tunnel,False,dns_tunnel
build-969bec1910bf048.github.io,0,benign_hex_service,benign,True,benign
auth2.q3r7gz9r01gq0b3mcjjc8ji38q2nruqdwnyxn62p0n5sd4uq.tunnel-poc.com,2,lab_dns2tcp,dns2tcp,True,dns_tunnel
dc36da8b7fbd51d.cloudfront.net,0,benign_cdn,benign,True,benign
auth.sarilah.top,0,tranco_benign,benign,False,benign
clownfishforskype.top,0,tranco_benign,benign,False,benign
srv.7zcebzqe63z3cwfep43.pfnfkqd46wsb7dtrl3lb3ltc5jr.rbbkmdgovjqsxxzmkkc34d3tsfob2.tunnel-poc.com,2,lab_iodine,iodine,True,dns_tunnel
pamafvca.tunnel-net.net,2,original_hex_tunnel,original_tunnel,False,dns_tunnel
pinnacle.com,0,tranco_benign,benign,False,benign
auth6.i3b8cr6xzc6jpu3q7mn1xcscy91o.ns-data.io,2,lab_dns2tcp,dns2tcp,True,dns_tunnel
cdn.rightjobs.info,0,tranco_benign,benign,False,benign
ec2-112-85-114-187.compute-1.amazonaws.com,0,benign_cloud_instance,benign,True,benign
85gqzgbh0_rlnwlbkjbylgqxp6gel0frpgilaka-0rqng-17nawqjeerdjhbafig.tunnel-net.net,2,original_hex_tunnel,original_tunnel,False,dns_tunnel
256503d4aa00000000e97a8d6fed2cda6bde98b5da9d4cf49b9489da7521.tunnel-com.com,2,original_hex_tunnel,original_tunnel,False,dns_tunnel
wodemeilirizhi.top,0,tranco_benign,benign,False,benign
pneucl.info,0,tranco_benign,benign,False,benign
bargainflats.com,0,tranco_benign,benign,False,benign
mail.pekarstvi-velicka.top,0,tranco_benign,benign,False,benign
auth1.jzgfmuyik0329gfp29mnbd88nppqaijy.dns-exfil.net,2,lab_dns2tcp,dns2tcp,True,dns_tunnel
karatzova.info,0,tranco_benign,benign,False,benign
hvcbmachuslazaroqok.co,1,dga_cluster_40,dga,False,dga
rockband4.co,0,tranco_benign,benign,False,benign
null.wk6a2zq3lvb4l22lnixdq4uzvqt66nvfvqzyqacbighg.b423wayb4dw6gc44w26.ka6whs7wdlsh7q2zj7orztxye.ns-data.io,2,lab_iodine,iodine,True,dns_tunnel
bofile.org,0,tranco_benign,benign,False,benign
le-comptoir-malin.biz,0,tranco_benign,benign,False,benign
mynokia.com,0,tranco_benign,benign,False,benign
51-25-221-214.bc.googleusercontent.com,0,benign_cloud_instance,benign,True,benign
0d09164724a0e325d36d8d5f048ae6a3a8530ac1b69ccd547d7adf2d.ns-data.io,2,lab_dnscat2,dnscat2,True,dns_tunnel
1fte2k1nkyb199ed86q2zzpf.com,1,dga_cluster_44,dga,False,dga
collartroublemarketconsult.com,1,dga_cluster_40,dga,False,dga
141.60.2.16.in-addr.arpa,0,benign_reverse_dns,benign,True,benign
pjaufordlinnetavox.xyz,1,dga_cluster_42,dga,False,dga
forsmallhands.com,0,tranco_benign,benign,False,benign
rbeydvtg0zlfmvswkzlfmvswkzlfmvswkzlfmvswkzlfmvswkzlfmvswkzlfmv.tunnel-org.org,2,original_hex_tunnel,original_tunnel,False,dns_tunnel
zpojererwyatanb.com,1,dga_cluster_41,dga,False,dga
dzudpartbulkyf.com,1,dga_cluster_40,dga,False,dga
dnscat.0619ffaa.6489d714f14000b414039c74d3ca786ba27cf2186993daaed213d1a.lab-tunnel.org,2,lab_dnscat2,dnscat2,True,dns_tunnel
cheltravel.com,0,tranco_benign,benign,False,benign
rtpbfordlinnetavox.com,1,dga_cluster_42,dga,False,dga
frontcareattemptretirelist.top,1,dga_cluster_43,dga,False,dga
bbpuedhfpvvvso.com,1,dga_cluster_44,dga,False,dga
eaglemail.com,0,tranco_benign,benign,False,benign
dndwererwyatanb.site,1,dga_cluster_41,dga,False,dga
lifeglobe.com,0,tranco_benign,benign,False,benign
vm-prod-bd331fd0.westeurope.cloudapp.azure.com,0,benign_cloud_instance,benign,True,benign
txt.wxvmewctfl7ps3sj5u5jrxzwpve5y.lab-tunnel.org,2,lab_iodine,iodine,True,dns_tunnel
fdxbsagabardinedazyx.com,1,dga_cluster_44,dga,False,dga
dnscat.fa28d682.26f7e3c4d9fc1d9a3ae9e1baf667ffbba98055.ns-data.io,2,lab_dnscat2,dnscat2,True,dns_tunnel
sitehost.xyz,0,tranco_benign,benign,False,benign
readmore.net,0,tranco_benign,benign,False,benign
portal.trafikasamson.online,0,tranco_benign,benign,False,benign
login.ls-sorority.com,0,tranco_benign,benign,False,benign
cdn-cache-ed164fe6.cf-ipfs.com,0,benign_cdn,benign,True,benign
murwererwyatanb.com,1,dga_cluster_41,dga,False,dga
hzgdfordlinnetavox.org,1,dga_cluster_42,dga,False,dga
freedomcarpetsuckeyebone.co,1,dga_cluster_44,dga,False,dga
paqagi2a.tunnel-io.io,2,original_hex_tunnel,original_tunnel,False,dns_tunnel
tackleprideinstallfallschedule.com,1,dga_cluster_44,dga,False,dga
hapi.cc,0,tranco_benign,benign,False,benign
uivrfordlinnetavox.com,1,dga_cluster_42,dga,False,dga
awdcmachuslazaroqok.com,1,dga_cluster_40,dga,False,dga
mail.vinarstvigalant.com,0,tranco_benign,benign,False,benign
schoolplacedarelecturewould.com,1,dga_cluster_40,dga,False,dga
abcsign.net,0,tranco_benign,benign,False,benign
portal.chalkfestival.com,0,tranco_benign,benign,False,benign
rplbererwyatanb.co,1,dga_cluster_41,dga,False,dga
corsa-club.com,0,tranco_benign,benign,False,benign
bvbxfordlinnetavox.io,1,dga_cluster_42,dga,False,dga
auth0.6gvq19z9s2llt6j94hm7moslu65mwxesi8jn89.dns-exfil.net,2,lab_dns2tcp,dns2tcp,True,dns_tunnel
www.lab-krasoty.com,0,tranco_benign,benign,False,benign
school-essay.com,0,tranco_benign,benign,False,benign
static.setrnedrevo.info,0,tranco_benign,benign,False,benign
hotelceskydvur.com,0,tranco_benign,benign,False,benign
084801ce43dedda20cc8100098c0203bfe.tunnel-xyz.xyz,2,original_hex_tunnel,original_tunnel,False,dns_tunnel
pabajiuy.tunnel-site.site,2,original_hex_tunnel,original_tunnel,False,dns_tunnel
gatestructuredogdisagree.net,1,dga_cluster_43,dga,False,dga
ahldsp.online,0,tranco_benign,benign,False,benign
npukpartbulkyf.com,1,dga_cluster_40,dga,False,dga
vlznfordlinnetavox.com,1,dga_cluster_42,dga,False,dga
qubiererwyatanb.com,1,dga_cluster_41,dga,False,dga
vinoitaliano.net,0,tranco_benign,benign,False,benign
cityofnorthbay.top,0,tranco_benign,benign,False,benign
dnscat.1f6fb2a6.e7a018e9b7cae74179f1b6ceb3b88b86582846c1feafd28a5e5.lab-tunnel.org,2,lab_dnscat2,dnscat2,True,dns_tunnel
kywefordlinnetavox.com,1,dga_cluster_42,dga,False,dga
holidaytradecreamreserve.xyz,1,dga_cluster_43,dga,False,dga
opencartbrasil.top,0,tranco_benign,benign,False,benign
iemiererwyatanb.net,1,dga_cluster_41,dga,False,dga
524201de2025ee45158deb006ca7b646dc.tunnel-com.com,2,original_hex_tunnel,original_tunnel,False,dns_tunnel
prod-cdn-604.global.ssl.fastly.net,0,benign_cdn,benign,True,benign
build-8e850912a.pages.dev,0,benign_hex_service,benign,True,benign
chezclara.com,0,tranco_benign,benign,False,benign
modasaat.com,0,tranco_benign,benign,False,benign
amqemachuslazaroqok.com,1,dga_cluster_40,dga,False,dga
bella-estetica.site,0,tranco_benign,benign,False,benign
mxit.com,0,tranco_benign,benign,False,benign
dnscat.7fbe17f4.8b554d8d0b592f481681711f25379316907338587fa6e38e.dns-exfil.net,2,lab_dnscat2,dnscat2,True,dns_tunnel
1949deal.io,0,tranco_benign,benign,False,benign
dlqjfordlinnetavox.com,1,dga_cluster_42,dga,False,dga
amvrmachuslazaroqok.com,1,dga_cluster_40,dga,False,dga
csvjpartbulkyf.com,1,dga_cluster_40,dga,False,dga
70.55.225.171.in-addr.arpa,0,benign_reverse_dns,benign,True,benign
qualifiedloansforyou.info,0,tranco_benign,benign,False,benign
oqawererwyatanb.info,1,dga_cluster_41,dga,False,dga
irisbrno.site,0,tranco_benign,benign,False,benign
kestrade.net,0,tranco_benign,benign,False,benign
uuhlfordlinnetavox.com,1,dga_cluster_42,dga,False,dga
bea3f405b5089a55304ae56bde517deff4da4d3680d4b5e0354c2a227a573fd71.tunnel-poc.com,2,lab_dnscat2,dnscat2,True,dns_tunnel
aydita.xyz,0,tranco_benign,benign,False,benign
dginfo.com,0,tranco_benign,benign,False,benign
freeporncategories.xyz,0,tranco_benign,benign,False,benign
shop.salonkansalaisopisto.xyz,0,tranco_benign,benign,False,benign
cdn.sanomapro-leo.net,0,tranco_benign,benign,False,benign
vm-prod-55c1f489.westeurope.cloudapp.azure.com,0,benign_cloud_instance,benign,True,benign
xdojsagabardinedazyx.com,1,dga_cluster_44,dga,False,dga
truthpurchaserentrecover.co,1,dga_cluster_41,dga,False,dga
null.p5ru6u6un53kbvzxsp4vfbsz.dns-exfil.net,2,lab_iodine,iodine,True,dns_tunnel
api.littlebubbles.site,0,tranco_benign,benign,False,benign
btxgfordlinnetavox.xyz,1,dga_cluster_42,dga,False,dga
build-f0e93f6c.azurewebsites.net,0,benign_hex_service,benign,True,benign
citymotorauction.org,0,tranco_benign,benign,False,benign
portal.figaret.com,0,tranco_benign,benign,False,benign
shouyoujz.com,0,tranco_benign,benign,False,benign
icbasagabardinedazyx.com,1,dga_cluster_44,dga,False,dga
timetrack.com,0,tranco_benign,benign,False,benign
shadesdaddyblog.com,0,tranco_benign,benign,False,benign
mistakearisemarkweathercarpet.com,1,dga_cluster_40,dga,False,dga
build-3ba2e1804968beb.pages.dev,0,benign_hex_service,benign,True,benign
cdn.plusradio.com,0,tranco_benign,benign,False,benign
static.freepornlatex.com,0,tranco_benign,benign,False,benign
txt.at7evutk3mpmnatktlauxvopede.ns-data.io,2,lab_iodine,iodine,True,dns_tunnel
api.standartgost.org,0,tranco_benign,benign,False,benign
jqfdgaedlsxxek.com,1,dga_cluster_44,dga,False,dga
kivjsagabardinedazyx.co,1,dga_cluster_44,dga,False,dga
b7f100136c55dd13f83fed0001d643820ff76a34ef8728e1125a8bf6051a.tunnel-co.co,2,original_hex_tunnel,original_tunnel,False,dns_tunnel
dnscat.e9c087f3.6ec5bb7a3fe95b48b7e8add7ca8f3c5a68682f55380fb8a51.tunnel-poc.com,2,lab_dnscat2,dnscat2,True,dns_tunnel
a.n3vq32yyyxa4pai53k5tsm74vcoazfngext466ciou.uc7i5jegplbz4rlxbxcna6xltzas.dns-exfil.net,2,lab_iodine,iodine,True,dns_tunnel
jhycererwyatanb.info,1,dga_cluster_41,dga,False,dga
wh4iqk1pyr7hvn8arjrvvmy69.com,1,dga_cluster_40,dga,False,dga
smartphoneoutlet.com,0,tranco_benign,benign,False,benign
diamonddesign.io,0,tranco_benign,benign,False,benign
planejobs.org,0,tranco_benign,benign,False,benign
698501a3960ac8d9a68e8b0008ab11ab848d175fac689f5a73e246c117fb.tunnel-net.net,2,original_hex_tunnel,original_tunnel,False,dns_tunnel
mail.retrade.com,0,tranco_benign,benign,False,benign
matriksdata.org,0,tranco_benign,benign,False,benign
dev.solocigars.net,0,tranco_benign,benign,False,benign
ewqufordlinnetavox.com,1,dga_cluster_42,dga,False,dga
65cb03c3140000000017f3dd0c1dc2b5bb496f2a16c8402e6a35b0c8cfba.tunnel-org.org,2,original_hex_tunnel,original_tunnel,False,dns_tunnel
kamihq.com,0,tranco_benign,benign,False,benign
generateur-de-mentions-legales.com,0,tranco_benign,benign,False,benign
mon-bled.me,0,tranco_benign,benign,False,benign
trainingtransitionreserve.me,1,dga_cluster_43,dga,False,dga
worldofshowjumping.com,0,tranco_benign,benign,False,benign
hjhspartbulkyf.com,1,dga_cluster_40,dga,False,dga
0aea0pdnj1u33jynucfeg2f0yiedddkujelsn0jcgendt21gf5bz340nakezar.tunnel-net.net,2,original_hex_tunnel,original_tunnel,False,dns_tunnel
85-200-40-128.bc.googleusercontent.com,0,benign_cloud_instance,benign,True,benign
hondacb1000r.com,0,tranco_benign,benign,False,benign
9cec401b32e2f5d1504d5bbde9e5ac1105216c2d300508e18fad5251627d2d3a.dns-exfil.net,2,lab_dnscat2,dnscat2,True,dns_tunnel
ebe8d1a275787aa71a99acdf2903e56989276a26e57cdd8a0bf4f593601870b7.tunnel-poc.com,2,lab_dnscat2,dnscat2,True,dns_tunnel
v4.w23z4vivio7sycljomki6hasgvyoyypf2bbu.oa7uytblodfx4avyyy4a.js3lbr3pqnspdfl2uadhk52t.lab-tunnel.org,2,lab_iodine,iodine,True,dns_tunnel
portal.dubsat.com,0,tranco_benign,benign,False,benign
static.slabute.io,0,tranco_benign,benign,False,benign
65ffa728bc08674c46ba1993179a33a33a6f43ad0aa5ef2a4daf2032.lab-tunnel.org,2,lab_dnscat2,dnscat2,True,dns_tunnel
vaaaakatema.tunnel-com.com,2,original_hex_tunnel,original_tunnel,False,dns_tunnel
chytrasnidane.io,0,tranco_benign,benign,False,benign
bangbus.com,0,tranco_benign,benign,False,benign
ddolmachuslazaroqok.com,1,dga_cluster_40,dga,False,dga
varesefansbasket.cc,0,tranco_benign,benign,False,benign
divinesecretsofadomesticdiva.info,0,tranco_benign,benign,False,benign
rftmererwyatanb.cc,1,dga_cluster_41,dga,False,dga
topbody.online,0,tranco_benign,benign,False,benign
dulahanka.com,0,tranco_benign,benign,False,benign
hvsnsagabardinedazyx.com,1,dga_cluster_44,dga,False,dga
4238366d7ab080a84f6d9857744d7e7551bbd65eea1092d3794b4d548ed.ns-data.io,2,lab_dnscat2,dnscat2,True,dns_tunnel
eildmachuslazaroqok.com,1,dga_cluster_40,dga,False,dga
pnwefordlinnetavox.online,1,dga_cluster_42,dga,False,dga
9ed34d5001c5ea8eadfa85d17c00ed7d327d01ff11a21.lab-tunnel.org,2,lab_dnscat2,dnscat2,True,dns_tunnel
auth.cerpensex.xyz,0,tranco_benign,benign,False,benign
bnqgfordlinnetavox.xyz,1,dga_cluster_42,dga,False,dga
auth4.k8bhgttcpye1r0g2j6fxm4rnsxiviuz.tunnel-sec.biz,2,lab_dns2tcp,dns2tcp,True,dns_tunnel
muiedgbjlnifa.com,1,dga_cluster_44,dga,False,dga
0uabhpdnggyhambygkydq5gsotqgafa2lxcclqci4saidynxzdfzcf2mqzzspm.tunnel-biz.biz,2,original_hex_tunnel,original_tunnel,False,dns_tunnel
230.115.87.119.in-addr.arpa,0,benign_reverse_dns,benign,True,benign
affilinet-inside.com,0,tranco_benign,benign,False,benign
auth3.c67su64s2h1hvwffloplcewtw2qgq7hkypvda8ajqv.dns-exfil.net,2,lab_dns2tcp,dns2tcp,True,dns_tunnel
24-40-244-81.bc.googleusercontent.com,0,benign_cloud_instance,benign,True,benign
pamafzbi.tunnel-online.online,2,original_hex_tunnel,original_tunnel,False,dns_tunnel
kkvdfordlinnetavox.org,1,dga_cluster_42,dga,False,dga
malayali.top,0,tranco_benign,benign,False,benign
badoo.com,0,tranco_benign,benign,False,benign
hackintoshosx.biz,0,tranco_benign,benign,False,benign
zlcppartbulkyf.com,1,dga_cluster_40,dga,False,dga
e.a.2.3.7.6.1.d.e.8.4.1.7.1.8.a.ip6.arpa,0,benign_reverse_dns,benign,True,benign
1ulbihf2qkrjfmukvknlvbvgs01i3lu4x0a0denrrguztomag52yn5m.tunnel-com.com,2,original_hex_tunnel,original_tunnel,False,dns_tunnel
79dfc0331189bec37e976c5463d36ad8c8504953f39a872f.dns-exfil.net,2,lab_dnscat2,dnscat2,True,dns_tunnel
auth7.6lmgtfcwbdgqksmdqjt2p0ocxno5r5f08xmb1u.dns-exfil.net,2,lab_dns2tcp,dns2tcp,True,dns_tunnel
sabinaswims.com,0,tranco_benign,benign,False,benign
michaelninn.com,0,tranco_benign,benign,False,benign
www.shelfic.com,0,tranco_benign,benign,False,benign
cavcsagabardinedazyx.com,1,dga_cluster_44,dga,False,dga
svatebni-saty-amelie.net,0,tranco_benign,benign,False,benign
v4.i5dahtp3nnpttiksy.x6smkj2uzzabsh7qsv7s.5eimfevg53udula5wsg5egnsc27chrrb.tunnel-poc.com,2,lab_iodine,iodine,True,dns_tunnel
jaraghechat.com,0,tranco_benign,benign,False,benign
tazirat.org,0,tranco_benign,benign,False,benign
vxcash.cc,0,tranco_benign,benign,False,benign
shop.thelodownny.xyz,0,tranco_benign,benign,False,benign
txt.scccn7rl2l77yv4galv42yenqhox7pofvjq7sjkaq6n5.ectqv333o637qbu5bm3tmwug76ebwf4g3hotdex7fyo.ro7ztqot3szquezc2djzfa4s2mjrjim5.lab-tunnel.org,2,lab_iodine,iodine,True,dns_tunnel
cadillacforums.com,0,tranco_benign,benign,False,benign
indiasavingmoney.io,0,tranco_benign,benign,False,benign
dcef010fe06033a.cloudfront.net,0,benign_cdn,benign,True,benign
dev.supergoldenbakes.com,0,tranco_benign,benign,False,benign
a9830123705e46064d594f009e13b4b6eb.tunnel-xyz.xyz,2,original_hex_tunnel,original_tunnel,False,dns_tunnel
umzfpartbulkyf.com,1,dga_cluster_40,dga,False,dga
drgayporn.com,0,tranco_benign,benign,False,benign
www.net-liens.co,0,tranco_benign,benign,False,benign
r6x2bfwedsoi1cj8yyod3br8u.com,1,dga_cluster_44,dga,False,dga
armlooksalarynoticerealize.com,1,dga_cluster_40,dga,False,dga
fabulousfurs.com,0,tranco_benign,benign,False,benign
testking.com,0,tranco_benign,benign,False,benign
auth6.md3l4jkjtcry7h4bpdv39lp7cm2h42sumfakatjg.tunnel-poc.com,2,lab_dns2tcp,dns2tcp,True,dns_tunnel
cdn.barvykyjov.com,0,tranco_benign,benign,False,benign
xhblog.com,0,tranco_benign,benign,False,benign
carjbyborrtdett.co,1,dga_cluster_40,dga,False,dga
auth2.2emx1vp76c2s0soffqyqk9mdusb5y9m.tunnel-poc.com,2,lab_dns2tcp,dns2tcp,True,dns_tunnel
api.adocean.site,0,tranco_benign,benign,False,benign
mail.baltspb.online,0,tranco_benign,benign,False,benign
zrnkmachuslazaroqok.com,1,dga_cluster_40,dga,False,dga
bd9801de20fde8a64b1f940074c4e9948c.tunnel-com.com,2,original_hex_tunnel,original_tunnel,False,dns_tunnel
solna.net,0,tranco_benign,benign,False,benign
hostfly.org,0,tranco_benign,benign,False,benign
2yabzpdnggyhambygkyaihgloxqhayamcptrfydeafremdqgbmzvfc2mrrzmoz.tunnel-org.org,2,original_hex_tunnel,original_tunnel,False,dns_tunnel
auth9.6vqbct82f2g12deiqvei894n1r5nx403nurboo7no8f1tvfaqc.ns-data.io,2,lab_dns2tcp,dns2tcp,True,dns_tunnel
nnnzererwyatanb.com,1,dga_cluster_41,dga,False,dga
macrosolution.biz,0,tranco_benign,benign,False,benign
paaaptpq.tunnel-biz.biz,2,original_hex_tunnel,original_tunnel,False,dns_tunnel
thehoroscopejunkie.io,0,tranco_benign,benign,False,benign
mail.social-peek.net,0,tranco_benign,benign,False,benign
sterlingplumbing.org,0,tranco_benign,benign,False,benign
hagendobrasil.com,0,tranco_benign,benign,False,benign
xjqgererwyatanb.io,1,dga_cluster_41,dga,False,dga
type-ra.net,0,tranco_benign,benign,False,benign
verktygsboden.biz,0,tranco_benign,benign,False,benign
artemiastudny.co,0,tranco_benign,benign,False,benign
thinkingabouthealth.com,0,tranco_benign,benign,False,benign
login.vtv.com,0,tranco_benign,benign,False,benign
api.usuariosteleco.org,0,tranco_benign,benign,False,benign
117.250.44.169.in-addr.arpa,0,benign_reverse_dns,benign,True,benign
ricksammon.org,0,tranco_benign,benign,False,benign
opravnytelc.io,0,tranco_benign,benign,False,benign
a.j53tk2x5ntw2cluee43lalm55coeeqhiv3dmdtj.v6nggvyvhgzjowvu5pf.tunnel-poc.com,2,lab_iodine,iodine,True,dns_tunnel
letsfix.com,0,tranco_benign,benign,False,benign
orderholehatewishlistenpart.biz,1,dga_cluster_43,dga,False,dga
hjaedxbneguk.com,1,dga_cluster_44,dga,False,dga
eqaeererwyatanb.xyz,1,dga_cluster_41,dga,False,dga
colfinancial.com,0,tranco_benign,benign,False,benign
hhkbmachuslazaroqok.com,1,dga_cluster_40,dga,False,dga
vm-prod-de7604ab.westeurope.cloudapp.azure.com,0,benign_cloud_instance,benign,True,benign
1qkbgfmt05ifiuswkfkvgv0q0tjnnuov0o11anbsgyytkmyhaba5nbx3q.tunnel-io.io,2,original_hex_tunnel,original_tunnel,False,dns_tunnel
hmnrqblleden.com,1,dga_cluster_44,dga,False,dga
srv.722ltfr4at4s7zyw5bqfhpeicnkuhbpk.tndusumpczbapcs4po3medkjf37ggzz3rhaona.tunnel-sec.biz,2,lab_iodine,iodine,True,dns_tunnel
903660com.info,0,tranco_benign,benign,False,benign
skalnicky.site,0,tranco_benign,benign,False,benign
static.magickasvatba.com,0,tranco_benign,benign,False,benign
1793dwj5arhc0fsxz0euo8gy9.com,1,dga_cluster_40,dga,False,dga
hrxusagabardinedazyx.com,1,dga_cluster_44,dga,False,dga
null.amj43cgmqcf4p3qes7m3mwrxprzql6hwkobpftb.dns-exfil.net,2,lab_iodine,iodine,True,dns_tunnel
asdweb.info,0,tranco_benign,benign,False,benign
null.4vgzfhumzokrtmkwyek5ib3xa6zhuqxpedafc2tmb.tunnel-poc.com,2,lab_iodine,iodine,True,dns_tunnel
lovedraftblowrelaxrenthide.site,1,dga_cluster_43,dga,False,dga
altafonte.org,0,tranco_benign,benign,False,benign
auth1.g50ns3ojiy7ksx6s7ranmwirl.dns-exfil.net,2,lab_dns2tcp,dns2tcp,True,dns_tunnel
elbinario.biz,0,tranco_benign,benign,False,benign
theprp.io,0,tranco_benign,benign,False,benign
omtlsagabardinedazyx.top,1,dga_cluster_44,dga,False,dga
eaayererwyatanb.com,1,dga_cluster_41,dga,False,dga
qitxfordlinnetavox.com,1,dga_cluster_42,dga,False,dga
null.mvrzi2f6uvw3sbuxb7vhfvmwsxgzpi.uipowmzo6jr6k3ky5a3dfqxz7cm6kpyczrybpjr.7eflzmx572xx4qoelkgignm3.lab-tunnel.org,2,lab_iodine,iodine,True,dns_tunnel
flsenate.com,0,tranco_benign,benign,False,benign
117503d4aa00000000e97a8d6fed2cda6bde98b5da9d4cf49b9489da7521.tunnel-top.top,2,original_hex_tunnel,original_tunnel,False,dns_tunnel
lakshmi.info,0,tranco_benign,benign,False,benign
asdeads.net,0,tranco_benign,benign,False,benign
cupnoisedisappointedattack.com,1,dga_cluster_44,dga,False,dga
ec2-101-178-39-129.compute-1.amazonaws.com,0,benign_cloud_instance,benign,True,benign
waveresultsetpiecesockexercise.biz,1,dga_cluster_43,dga,False,dga
dev.appknox.com,0,tranco_benign,benign,False,benign
auth4.02mfw5cv4ow76xseej23fa6zn11dmanc.tunnel-poc.com,2,lab_dns2tcp,dns2tcp,True,dns_tunnel
plantsofdistinction.io,0,tranco_benign,benign,False,benign
dnscat.ffdde5a9.6b00e0be74918322a440d62ed802ba5424a49b68ade92f5b5e8d9.tunnel-sec.biz,2,lab_dnscat2,dnscat2,True,dns_tunnel
geogebra.xyz,0,tranco_benign,benign,False,benign
jakubstas.top,0,tranco_benign,benign,False,benign
dnscat.9149b2fb.6f3d8d0f71fbb6fa8d4db0a9a632b37867ce38179cc97ca7.dns-exfil.net,2,lab_dnscat2,dnscat2,True,dns_tunnel
mail.fabricfanatics.com,0,tranco_benign,benign,False,benign
xlvqsagabardinedazyx.com,1,dga_cluster_44,dga,False,dga
taichplay.net,0,tranco_benign,benign,False,benign
hubnuti-masaze.me,0,tranco_benign,benign,False,benign
dnscat.88c90ae7.38e7cb5f1414564a510d378ebe28524508b3ae9a38cddca4ee81f.dns-exfil.net,2,lab_dnscat2,dnscat2,True,dns_tunnel
build-062a8914ce.vercel.app,0,benign_hex_service,benign,True,benign
cooldrive.com,0,tranco_benign,benign,False,benign
elementagency.com,0,tranco_benign,benign,False,benign
dnscat.4a018a5d.45e16a7969099cdd399c9bc63b4bb452034aaeacb325c8c2dfd5ebcea.tunnel-poc.com,2,lab_dnscat2,dnscat2,True,dns_tunnel
buscandoanuncios.com,0,tranco_benign,benign,False,benign
gceiqgxkmcuedjcwwku.com,1,dga_cluster_44,dga,False,dga
auth7.j5mz40y2ygraug1iaes28qb5kfqr5es8zuubspkv2l1rc.lab-tunnel.org,2,lab_dns2tcp,dns2tcp,True,dns_tunnel
build-95387b571b3d2e4d.azurewebsites.net,0,benign_hex_service,benign,True,benign
login.dekorativnipovrchy.org,0,tranco_benign,benign,False,benign
static.azekon.com,0,tranco_benign,benign,False,benign
gcbgdcdcbeds.com,1,dga_cluster_44,dga,False,dga
ff14tansu.net,0,tranco_benign,benign,False,benign
dnscat.5972313b.643a64b61f59bfbf3e10d69a050c25ab.tunnel-poc.com,2,lab_dnscat2,dnscat2,True,dns_tunnel
m.pneumatiky-web.io,0,tranco_benign,benign,False,benign
forosforex.com,0,tranco_benign,benign,False,benign
greycoatlumleys.org,0,tranco_benign,benign,False,benign
hyperlooptech.com,0,tranco_benign,benign,False,benign
toolwale.top,0,tranco_benign,benign,False,benign
224.46.169.38.in-addr.arpa,0,benign_reverse_dns,benign,True,benign
adbusters.co,0,tranco_benign,benign,False,benign
qzgjj.com,0,tranco_benign,benign,False,benign
uutosagabardinedazyx.co,1,dga_cluster_44,dga,False,dga
vm-prod-3f5c3b46.westeurope.cloudapp.azure.com,0,benign_cloud_instance,benign,True,benign
portal.famedownload.net,0,tranco_benign,benign,False,benign
www.mummy2monkeys.com,0,tranco_benign,benign,False,benign
hjaopartbulkyf.com,1,dga_cluster_40,dga,False,dga
djrmererwyatanb.info,1,dga_cluster_41,dga,False,dga
59.222.148.98.in-addr.arpa,0,benign_reverse_dns,benign,True,benign
login.suhneva.com,0,tranco_benign,benign,False,benign
binary-option-trade.com,0,tranco_benign,benign,False,benign
flagspot.com,0,tranco_benign,benign,False,benign
texasknife.info,0,tranco_benign,benign,False,benign
m.palmettomoononline.com,0,tranco_benign,benign,False,benign
poldertube.info,0,tranco_benign,benign,False,benign
analizbankov.net,0,tranco_benign,benign,False,benign
bia2faz.info,0,tranco_benign,benign,False,benign
build-82684fe1e9f0a08.github.io,0,benign_hex_service,benign,True,benign
blog.qualaroo.biz,0,tranco_benign,benign,False,benign
hzyosagabardinedazyx.com,1,dga_cluster_44,dga,False,dga
cdn.slimg0ji-berry.io,0,tranco_benign,benign,False,benign
jjfdfordlinnetavox.com,1,dga_cluster_42,dga,False,dga
auth.bap-official.org,0,tranco_benign,benign,False,benign
textnoteorganizecashinterest.net,1,dga_cluster_43,dga,False,dga
marketips.org,0,tranco_benign,benign,False,benign
bmwbiz.xyz,0,tranco_benign,benign,False,benign
auth3.z7vwlvw9s3ewtia7jy5cb77tuz8750oso6tr.tunnel-poc.com,2,lab_dns2tcp,dns2tcp,True,dns_tunnel
d218391ca3bee45.cloudfront.net,0,benign_cdn,benign,True,benign
c-nw.com,0,tranco_benign,benign,False,benign
tiandehradeckralove.org,0,tranco_benign,benign,False,benign
jblypartbulkyf.com,1,dga_cluster_40,dga,False,dga
mmmspeciosa.biz,0,tranco_benign,benign,False,benign
viros.net,0,tranco_benign,benign,False,benign
api.futur-sciences.org,0,tranco_benign,benign,False,benign
dnscat.6170a6f7.fdfa777efd3c602a6b9f9899276ad511.lab-tunnel.org,2,lab_dnscat2,dnscat2,True,dns_tunnel
edgestickers.com,0,tranco_benign,benign,False,benign
248-88-56-133.bc.googleusercontent.com,0,benign_cloud_instance,benign,True,benign
tigrenok.org,0,tranco_benign,benign,False,benign
srv.2urdcywdgnkcwxf5d4d4ir3ht2tcajme4z.ig3dpwyvzdmoo66oodzgs5dzdt2elz6h64gwhdh2s6n6.tunnel-poc.com,2,lab_iodine,iodine,True,dns_tunnel
tdsmeter.com,0,tranco_benign,benign,False,benign
blog.dalkeyarchive.com,0,tranco_benign,benign,False,benign
margarettachristopher.com,1,dga_cluster_40,dga,False,dga
randstadsourceright.com,0,tranco_benign,benign,False,benign
berlinocacioepepemagazine.info,0,tranco_benign,benign,False,benign
pizzeria.org,0,tranco_benign,benign,False,benign
cdn.learnchineseeveryday.org,0,tranco_benign,benign,False,benign
echosdunord.online,0,tranco_benign,benign,False,benign
premiumresellersclub.com,0,tranco_benign,benign,False,benign
embeducaster.com,0,tranco_benign,benign,False,benign
cdn.designbuilder.com,0,tranco_benign,benign,False,benign
www.blogbraga.com,0,tranco_benign,benign,False,benign
ffyqererwyatanb.com,1,dga_cluster_41,dga,False,dga
auth6.h35ovypk1jnawkati0o7c4ebx2ldfajtk3s64mrzx.lab-tunnel.org,2,lab_dns2tcp,dns2tcp,True,dns_tunnel
build-59e837ed0fff35.pages.dev,0,benign_hex_service,benign,True,benign
frantabagry.com,0,tranco_benign,benign,False,benign
akakce.co,0,tranco_benign,benign,False,benign
pracevcdl.com,0,tranco_benign,benign,False,benign
conclusionengineerinterest.me,1,dga_cluster_43,dga,False,dga
0q0asijjeuwsgkzhf2qkrjfmukvknlvbvg.tunnel-biz.biz,2,original_hex_tunnel,original_tunnel,False,dns_tunnel
990400c8ca31d94e9480200001ca6df0714fa87c9f6a10bac3f6311acbc0.tunnel-site.site,2,original_hex_tunnel,original_tunnel,False,dns_tunnel
fearlessfriday.xyz,0,tranco_benign,benign,False,benign
a.w3ttt5yncnrxze5tf6lcv.4pu2kmyx6xhafh6mcq7xlsamemopss.tunnel-poc.com,2,lab_iodine,iodine,True,dns_tunnel
schoolfixovercomerewardnose.top,1,dga_cluster_41,dga,False,dga
9dc90100065875334fbeb00013c296737f.tunnel-com.com,2,original_hex_tunnel,original_tunnel,False,dns_tunnel
cdn.pb-area.com,0,tranco_benign,benign,False,benign
uqlaruvk.com,1,dga_cluster_40,dga,False,dga
stackshare.com,0,tranco_benign,benign,False,benign
www.buylazerbond.biz,0,tranco_benign,benign,False,benign
hyfoadediggdwh.com,1,dga_cluster_44,dga,False,dga
edytljuw.com,1,dga_cluster_44,dga,False,dga
dc1101b2c5c50dd850f4940024ef20ce2c588f04de2b0c533b.tunnel-com.com,2,original_hex_tunnel,original_tunnel,False,dns_tunnel
lyoness.com,0,tranco_benign,benign,False,benign
scandalindo.com,0,tranco_benign,benign,False,benign
ligahero.net,0,tranco_benign,benign,False,benign
pamap3dy.tunnel-net.net,2,original_hex_tunnel,original_tunnel,False,dns_tunnel
wineclaimdetailedshineclosed.com,1,dga_cluster_44,dga,False,dga
batinterestwatergolimited.org,1,dga_cluster_43,dga,False,dga
login.educationinireland.co,0,tranco_benign,benign,False,benign
v4.4mxwqai7uxnc6k7d.rwxt2evxr6y46krlxylhghgzdh2icruzoqidlxks.7kojuz3mg3nikcmpmtazz.tunnel-sec.biz,2,lab_iodine,iodine,True,dns_tunnel
cdn.yemekyapmaoyunu.xyz,0,tranco_benign,benign,False,benign
elotropartido.org,0,tranco_benign,benign,False,benign
auth2.hpbap5suiwamwet5a69f7jbkjlw4haq.tunnel-sec.biz,2,lab_dns2tcp,dns2tcp,True,dns_tunnel
pamaakei.tunnel-com.com,2,original_hex_tunnel,original_tunnel,False,dns_tunnel
v4.4qwrvqndio5lgeohzz2htqacuiiekcxyuhifbx5.tunnel-sec.biz,2,lab_iodine,iodine,True,dns_tunnel
bimp-asp.com,0,tranco_benign,benign,False,benign
bbkaererwyatanb.com,1,dga_cluster_41,dga,False,dga
info7.com,0,tranco_benign,benign,False,benign
vm-prod-2aba895b.westeurope.cloudapp.azure.com,0,benign_cloud_instance,benign,True,benign
auth8.3mxa11k2qylt8wqr5oxmphd55vz5enoe.ns-data.io,2,lab_dns2tcp,dns2tcp,True,dns_tunnel
trade-exchange-fun.com,0,tranco_benign,benign,False,benign
bedlfmjijoogylmod.com,1,dga_cluster_44,dga,False,dga
literaturewasenjoysource.site,1,dga_cluster_43,dga,False,dga
shop.kefan-china.com,0,tranco_benign,benign,False,benign
xudykar.com,1,dga_cluster_40,dga,False,dga
blog.bio-eko-logicky.com,0,tranco_benign,benign,False,benign
api.anappleaday.net,0,tranco_benign,benign,False,benign
shop.zinneckerovy-boudy.co,0,tranco_benign,benign,False,benign
srv.f7r2dqrd6bektn5xnsamaxnky5yvmlnba4lxf5.r4uf37ertxfuff7mj7gxx.ns-data.io,2,lab_iodine,iodine,True,dns_tunnel
ymblfordlinnetavox.site,1,dga_cluster_42,dga,False,dga
wiretarget.com,0,tranco_benign,benign,False,benign
tarjetasnavidad.net,0,tranco_benign,benign,False,benign
supermarketletterprintchip.io,1,dga_cluster_43,dga,False,dga
tidyforms.xyz,0,tranco_benign,benign,False,benign
aa-roleplay.org,0,tranco_benign,benign,False,benign
umjdfordlinnetavox.top,1,dga_cluster_42,dga,False,dga
aedc01c8ca5506201a5ffb005d25845f9a.tunnel-com.com,2,original_hex_tunnel,original_tunnel,False,dns_tunnel
tkv.org,0,tranco_benign,benign,False,benign
rhayfordlinnetavox.org,1,dga_cluster_42,dga,False,dga
caesarfinancial.site,0,tranco_benign,benign,False,benign
build-7e66363b10b5.azurewebsites.net,0,benign_hex_service,benign,True,benign
fzpjfordlinnetavox.com,1,dga_cluster_42,dga,False,dga
fixdd.org,0,tranco_benign,benign,False,benign
auth9.nvxmcahswfvxhfsq26l1w150shn3xhfhtj.dns-exfil.net,2,lab_dns2tcp,dns2tcp,True,dns_tunnel
auth.umdnj.io,0,tranco_benign,benign,False,benign
mail.fobl.com,0,tranco_benign,benign,False,benign
blog.tg4.com,0,tranco_benign,benign,False,benign
fjarfordlinnetavox.com,1,dga_cluster_42,dga,False,dga
v4.xkm7amm62lupagdjnkw4fzv47sfa72gctqltxys7.ns-data.io,2,lab_iodine,iodine,True,dns_tunnel
static.ssejobs.com,0,tranco_benign,benign,False,benign
nzgsfordlinnetavox.com,1,dga_cluster_42,dga,False,dga
sourcequarterspreadpenfear.pro,1,dga_cluster_43,dga,False,dga
racepressuregradebitestage.cc,1,dga_cluster_43,dga,False,dga
a.i2fbmd6klxbavdur.pzukp3clpvopsxarlt.r5x6xzy2w63x5sppogpmy.ns-data.io,2,lab_iodine,iodine,True,dns_tunnel
auth1.i9nwr8ms3vfb6hteefjsn3yz2.tunnel-poc.com,2,lab_dns2tcp,dns2tcp,True,dns_tunnel
paaqe3ea.tunnel-biz.biz,2,original_hex_tunnel,original_tunnel,False,dns_tunnel
rulereservemateprogramauthor.net,1,dga_cluster_43,dga,False,dga
0yeajpdnggyhambygkyaixhq43qhaydughtzfydeajremdqgh1c1ndyzlatrol.tunnel-com.com,2,original_hex_tunnel,original_tunnel,False,dns_tunnel
4.101.173.141.in-addr.arpa,0,benign_reverse_dns,benign,True,benign
api.metricmarketing.info,0,tranco_benign,benign,False,benign
build-dac617d05dcea9.azurewebsites.net,0,benign_hex_service,benign,True,benign
keim.me,0,tranco_benign,benign,False,benign
enq-plus.org,0,tranco_benign,benign,False,benign
twitter-galleries.net,0,tranco_benign,benign,False,benign
static.priceblaze.top,0,tranco_benign,benign,False,benign
iwbwfordlinnetavox.co,1,dga_cluster_42,dga,False,dga
alwaystestclean.co,0,tranco_benign,benign,False,benign
pbtfererwyatanb.com,1,dga_cluster_41,dga,False,dga
hartsport.com,0,tranco_benign,benign,False,benign
sodylkbwcwdfmjipedty.com,1,dga_cluster_44,dga,False,dga
max2joules.com,0,tranco_benign,benign,False,benign
193.88.183.122.in-addr.arpa,0,benign_reverse_dns,benign,True,benign
sakana-comic.me,0,tranco_benign,benign,False,benign
onlyanimalporn.co,0,tranco_benign,benign,False,benign
blog.cloie.com,0,tranco_benign,benign,False,benign
m.freemasoninformation.com,0,tranco_benign,benign,False,benign
webdevdoor.info,0,tranco_benign,benign,False,benign
a116-143-147-170.deploy.static.akamaitechnologies.com,0,benign_cdn,benign,True,benign
korkortonline.com,0,tranco_benign,benign,False,benign
rtjfpartbulkyf.com,1,dga_cluster_40,dga,False,dga
camping2laplage.com,0,tranco_benign,benign,False,benign
6abab7197dd66a4b6b2e5271cc4f9f480ae5c90c3bf579336a81330df976d5a08.tunnel-sec.biz,2,lab_dnscat2,dnscat2,True,dns_tunnel
rdvjmachuslazaroqok.com,1,dga_cluster_40,dga,False,dga
srv.yufpjqupgmhfipcdgnbvrpphzfv4htlglak.h5m3gnpjw3f4vvp6ksjpmvoctbmfugzu7z.efint24gdu5n6d4g42ljh7igjutoipkkalb6ow.tunnel-sec.biz,2,lab_iodine,iodine,True,dns_tunnel
clipxplore.com,0,tranco_benign,benign,False,benign
auth.veterina-mlejnsky.com,0,tranco_benign,benign,False,benign
ycfcfordlinnetavox.com,1,dga_cluster_42,dga,False,dga
api.baseprotection.net,0,tranco_benign,benign,False,benign
sikotex.online,0,tranco_benign,benign,False,benign
visa.com,0,tranco_benign,benign,False,benign
stateoperatedimensiondiscover.net,1,dga_cluster_43,dga,False,dga
d.4.8.8.b.d.3.5.1.0.d.2.d.f.2.2.ip6.arpa,0,benign_reverse_dns,benign,True,benign
pamafsgq.tunnel-info.info,2,original_hex_tunnel,original_tunnel,False,dns_tunnel
m.christiandomesticdiscipline.com,0,tranco_benign,benign,False,benign
dev.magiacosmeticos.com,0,tranco_benign,benign,False,benign
blog.eventsretail.net,0,tranco_benign,benign,False,benign
gkdfsagabardinedazyx.com,1,dga_cluster_44,dga,False,dga
cdn-cache-e2c60179.cf-ipfs.com,0,benign_cdn,benign,True,benign
smsdelivery.com,0,tranco_benign,benign,False,benign
mail.aceteleshop.xyz,0,tranco_benign,benign,False,benign
relax-guide.co,0,tranco_benign,benign,False,benign
aldaily.net,0,tranco_benign,benign,False,benign
lvaksagabardinedazyx.com,1,dga_cluster_44,dga,False,dga
shop.stromsoliter.me,0,tranco_benign,benign,False,benign
api.pornstarempire.io,0,tranco_benign,benign,False,benign
auth3.33sso6pxppqhr3epmgeae73i6op.tunnel-poc.com,2,lab_dns2tcp,dns2tcp,True,dns_tunnel
plcxfordlinnetavox.org,1,dga_cluster_42,dga,False,dga
secretmenus.me,0,tranco_benign,benign,False,benign
gransta.net,0,tranco_benign,benign,False,benign
ec2-132-76-84-199.compute-1.amazonaws.com,0,benign_cloud_instance,benign,True,benign
glossopcaravans.com,0,tranco_benign,benign,False,benign
ro-bufet.com,0,tranco_benign,benign,False,benign
elty.net,0,tranco_benign,benign,False,benign
vm-prod-669a4afb.westeurope.cloudapp.azure.com,0,benign_cloud_instance,benign,True,benign
cdn.mc-launcher.com,0,tranco_benign,benign,False,benign
domingoeluniversal.pro,0,tranco_benign,benign,False,benign
catholiccuisine.com,0,tranco_benign,benign,False,benign
179.1.217.221.in-addr.arpa,0,benign_reverse_dns,benign,True,benign
unup.biz,0,tranco_benign,benign,False,benign
vrnrererwyatanb.com,1,dga_cluster_41,dga,False,dga
mkr-tsaritsyno.com,0,tranco_benign,benign,False,benign
autoevolution.online,0,tranco_benign,benign,False,benign
kristiana.co,0,tranco_benign,benign,False,benign
dev.izumi.com,0,tranco_benign,benign,False,benign
illariylwnqwafhc.co,1,dga_cluster_40,dga,False,dga
tfelfordlinnetavox.net,1,dga_cluster_42,dga,False,dga
tospec.net,0,tranco_benign,benign,False,benign
yogafit.io,0,tranco_benign,benign,False,benign
webroxx.com,0,tranco_benign,benign,False,benign
viafacil.com,0,tranco_benign,benign,False,benign
ntis.com,0,tranco_benign,benign,False,benign
leadsale.com,0,tranco_benign,benign,False,benign
compartiendofull.com,0,tranco_benign,benign,False,benign
portaldosites.org,0,tranco_benign,benign,False,benign
shop.taoxie.org,0,tranco_benign,benign,False,benign
egvpfordlinnetavox.com,1,dga_cluster_42,dga,False,dga
13ede021jdkhnn12c4wk377fdtv.com,1,dga_cluster_44,dga,False,dga
jjdcmachuslazaroqok.com,1,dga_cluster_40,dga,False,dga
kuhniconstanta.biz,0,tranco_benign,benign,False,benign
elearningexams.com,0,tranco_benign,benign,False,benign
eihxfordlinnetavox.info,1,dga_cluster_42,dga,False,dga
puremaison.com,0,tranco_benign,benign,False,benign
bbmnsagabardinedazyx.com,1,dga_cluster_44,dga,False,dga
launchlist.com,0,tranco_benign,benign,False,benign
vair-tools.org,0,tranco_benign,benign,False,benign
txt.e4zp6zsdqojlxvf3hsfzi4mdswbywe6b5cn.jkfei4brukqb5cwawporiruhaafz4z5.qznumwr6drjjatixd55jnjzt44bsangnyqkcovf.lab-tunnel.org,2,lab_iodine,iodine,True,dns_tunnel
prod-cdn-448.global.ssl.fastly.net,0,benign_cdn,benign,True,benign
xzybererwyatanb.com,1,dga_cluster_41,dga,False,dga
associatemustboxprovided.com,1,dga_cluster_44,dga,False,dga
m.ssnregistry.com,0,tranco_benign,benign,False,benign
blog.davidpawson.com,0,tranco_benign,benign,False,benign
oivzfordlinnetavox.com,1,dga_cluster_42,dga,False,dga
perforce.com,0,tranco_benign,benign,False,benign
bigboxgamers.biz,0,tranco_benign,benign,False,benign
factorhumanoformacion.com,0,tranco_benign,benign,False,benign
portal.ballecourbe.top,0,tranco_benign,benign,False,benign
wpsso.com,0,tranco_benign,benign,False,benign
iteer.com,0,tranco_benign,benign,False,benign
build-84a7cd9752.pages.dev,0,benign_hex_service,benign,True,benign
okmi.com,0,tranco_benign,benign,False,benign
build-a5487c9de.pages.dev,0,benign_hex_service,benign,True,benign
bonereasonappropriatefinance.biz,1,dga_cluster_43,dga,False,dga
boneshineparentusefixedappreciate.net,1,dga_cluster_43,dga,False,dga
b.5.6.6.e.5.d.5.6.a.0.9.7.c.8.0.ip6.arpa,0,benign_reverse_dns,benign,True,benign
ckvcpartbulkyf.com,1,dga_cluster_40,dga,False,dga
telowns.biz,0,tranco_benign,benign,False,benign
f6dcabc054ee5edbfb8b061f94cc48d05f5440db5c10521090c3c3cdee2b.lab-tunnel.org,2,lab_dnscat2,dnscat2,True,dns_tunnel
a68f06348d33a750ef0559f2cb44dea174c988fc2d556277ccf2836c1d8ba2f.tunnel-sec.biz,2,lab_dnscat2,dnscat2,True,dns_tunnel
smartthings.com,0,tranco_benign,benign,False,benign
jbveererwyatanb.pro,1,dga_cluster_41,dga,False,dga
dumbbell-exercises.com,0,tranco_benign,benign,False,benign
joke.com,0,tranco_benign,benign,False,benign
22-223-143-243.bc.googleusercontent.com,0,benign_cloud_instance,benign,True,benign
ec2-191-183-133-46.compute-1.amazonaws.com,0,benign_cloud_instance,benign,True,benign
auth8.x25jj9ibqmnkxem53ma6ufbbqhygsupejqwa3.dns-exfil.net,2,lab_dns2tcp,dns2tcp,True,dns_tunnel
radarpena.site,0,tranco_benign,benign,False,benign
storiesamazing.com,0,tranco_benign,benign,False,benign
buxtonadvertiser.biz,0,tranco_benign,benign,False,benign
soccersuck.online,0,tranco_benign,benign,False,benign
professorbranchrelateapply.net,1,dga_cluster_43,dga,False,dga
brandery.com,0,tranco_benign,benign,False,benign
0c5b01ce4389e9cefd7a6500e0ec08d87f.tunnel-com.com,2,original_hex_tunnel,original_tunnel,False,dns_tunnel
ngnovoros.net,0,tranco_benign,benign,False,benign
shirt-pocket.xyz,0,tranco_benign,benign,False,benign
1d5011z3gpwk12t0ar2b7e2gf.com,1,dga_cluster_40,dga,False,dga
a0a10cd2bb836fb3defb7e03ad024aba39dcaa3f369914fb7bdb26edd21ffc1330e.ns-data.io,2,lab_dnscat2,dnscat2,True,dns_tunnel
lvrcererwyatanb.site,1,dga_cluster_41,dga,False,dga
m.39group.org,0,tranco_benign,benign,False,benign
nbedd83640e267737f926995cb9b650151.com,1,dga_cluster_44,dga,False,dga
gelisim.com,0,tranco_benign,benign,False,benign
mail.skolskiportal.pro,0,tranco_benign,benign,False,benign
shop.ghandroidgames.com,0,tranco_benign,benign,False,benign
2qibgldjavkbygtmdksgx0ho3kd3ize4t4pz3e3k2condfa5tovo5zrjm4qgp1.tunnel-io.io,2,original_hex_tunnel,original_tunnel,False,dns_tunnel
largewelcome.com,1,dga_cluster_40,dga,False,dga
blog.rwitc.com,0,tranco_benign,benign,False,benign
gemac.com,0,tranco_benign,benign,False,benign
yongererwyatanb.com,1,dga_cluster_41,dga,False,dga
ousoiologistbikerepil.site,1,dga_cluster_43,dga,False,dga
akclanarianaqh.com,1,dga_cluster_40,dga,False,dga
htmlstaff.biz,0,tranco_benign,benign,False,benign
gddcedwffwop.com,1,dga_cluster_44,dga,False,dga
dnscat.2c64ed06.4363bdd22e04d9833d2e7f7a674f6481f73cfd42f4ae14388994adb33.tunnel-sec.biz,2,lab_dnscat2,dnscat2,True,dns_tunnel
txt.3i73uywinpgkikaknaoanevwik7tyq.aipim33eb6xr76osrr32fjgyzksnei6wlgkaxhqlqljwr.42mkjnqpmbkhwky2wm4ocnmnxeynitmlio.tunnel-sec.biz,2,lab_iodine,iodine,True,dns_tunnel
de464f48c3b7239.cloudfront.net,0,benign_cdn,benign,True,benign
static.broadbandmap.com,0,tranco_benign,benign,False,benign
blog.alkarim.com,0,tranco_benign,benign,False,benign
50d401ce4396e82cd5a48a01879463ad4d.tunnel-cc.cc,2,original_hex_tunnel,original_tunnel,False,dns_tunnel
hxogererwyatanb.net,1,dga_cluster_41,dga,False,dga
jhuxsagabardinedazyx.com,1,dga_cluster_44,dga,False,dga
sperkyerika.net,0,tranco_benign,benign,False,benign
ezotera.co,0,tranco_benign,benign,False,benign
mail.rwaaan.cc,0,tranco_benign,benign,False,benign
ampelos.com,0,tranco_benign,benign,False,benign
mqzgsagabardinedazyx.co,1,dga_cluster_44,dga,False,dga
tecidos.com,0,tranco_benign,benign,False,benign
notasimusik.com,0,tranco_benign,benign,False,benign
srv.bjlyrfzfkoav5q43tdun66.55luzkoy6xvx3hl4mn2bel2vkwpjbbqtwzqfgiyyssdt.ek6ibkb42d3n4km4qdb4oki3lwu5essebqrbl4arj.ns-data.io,2,lab_iodine,iodine,True,dns_tunnel
nrzrsagabardinedazyx.com,1,dga_cluster_44,dga,False,dga
karoolavender.com,0,tranco_benign,benign,False,benign
xnxx-images.net,0,tranco_benign,benign,False,benign
neosofar.com,1,dga_cluster_40,dga,False,dga
flmpfordlinnetavox.io,1,dga_cluster_42,dga,False,dga
auth7.c1ofncax453fyzryg67nowl6lvgqpr1stolrp9wgd.tunnel-sec.biz,2,lab_dns2tcp,dns2tcp,True,dns_tunnel
0ymble4x0bkfevsrkvjvougu0llndvotw4ydimrwge0tgbyad3cim5q.tunnel-xyz.xyz,2,original_hex_tunnel,original_tunnel,False,dns_tunnel
mail.faxonline.com,0,tranco_benign,benign,False,benign
tourconcernedpossesspool.com,1,dga_cluster_44,dga,False,dga
static.ac-interier.me,0,tranco_benign,benign,False,benign
static.drubezarnamirovka.top,0,tranco_benign,benign,False,benign
blog.hf.com,0,tranco_benign,benign,False,benign
prod-cdn-347.global.ssl.fastly.net,0,benign_cdn,benign,True,benign
a.enp2hz2f45chshps6mcj5kggr2jq2vbn3ntam.tunnel-sec.biz,2,lab_iodine,iodine,True,dns_tunnel
shop.easypdfcloud.info,0,tranco_benign,benign,False,benign
dnscat.ed55314d.6ea90dafe56a4242564e.ns-data.io,2,lab_dnscat2,dnscat2,True,dns_tunnel
null.3nddqhf6xofuac2liibaeq5hnvrdjxczzzdpqdfh6v.5mgkbu5yj7eibcwhh33f.tunnel-poc.com,2,lab_iodine,iodine,True,dns_tunnel
lebonfil.com,0,tranco_benign,benign,False,benign
tenthousandcoffees.org,0,tranco_benign,benign,False,benign
zhryfordlinnetavox.info,1,dga_cluster_42,dga,False,dga
portal.rosannasimanjuntak.com,0,tranco_benign,benign,False,benign
laravelpanel.me,0,tranco_benign,benign,False,benign
cdn.partyinsaigon.net,0,tranco_benign,benign,False,benign
casopisfolk.com,0,tranco_benign,benign,False,benign
portal.flashscrap.com,0,tranco_benign,benign,False,benign
brenus.cc,0,tranco_benign,benign,False,benign
fundureviews.com,0,tranco_benign,benign,False,benign
mail.aquariphiles.com,0,tranco_benign,benign,False,benign
fa518.org,0,tranco_benign,benign,False,benign
dd5cc65d3a8f2d2.cloudfront.net,0,benign_cdn,benign,True,benign
rnzqpartbulkyf.com,1,dga_cluster_40,dga,False,dga
qkzwpartbulkyf.com,1,dga_cluster_40,dga,False,dga
orphis.top,0,tranco_benign,benign,False,benign
jzxgererwyatanb.com,1,dga_cluster_41,dga,False,dga
lure-f.cc,0,tranco_benign,benign,False,benign
m.volunteersignup.com,0,tranco_benign,benign,False,benign
bluetie.org,0,tranco_benign,benign,False,benign
auth6.xxdspcktrrtnc3q86vhc9xfj753hntvyjnortcfg08zzl3z.tunnel-poc.com,2,lab_dns2tcp,dns2tcp,True,dns_tunnel
9b86f384ebb8f5e9fa9a98cf273891d33bea731c8ad5cd33f2.dns-exfil.net,2,lab_dnscat2,dnscat2,True,dns_tunnel
fviwfordlinnetavox.top,1,dga_cluster_42,dga,False,dga
olympichotel.xyz,0,tranco_benign,benign,False,benign
lhxzererwyatanb.net,1,dga_cluster_41,dga,False,dga
auth9.x85khkpu58996s7u02tu11nte1pg8yanarmoj5b07tq3jxpdk.tunnel-poc.com,2,lab_dns2tcp,dns2tcp,True,dns_tunnel
eneighbors.com,0,tranco_benign,benign,False,benign
a.krtnhjthzxu4axnkosihtkkk3v4y4juxhk4tg3no6i.h6lw3eft4fz5sp5qs7usivt4poj7dqxhczyihruqxntxe.ns-data.io,2,lab_iodine,iodine,True,dns_tunnel
bccjedtdqvbj.com,1,dga_cluster_44,dga,False,dga
ljniererwyatanb.com,1,dga_cluster_41,dga,False,dga
xfcbsagabardinedazyx.com,1,dga_cluster_44,dga,False,dga
chb8ac17gt4iedw4th.com,1,dga_cluster_44,dga,False,dga
theofil.org,0,tranco_benign,benign,False,benign
practiceestimatefeelsite.me,1,dga_cluster_43,dga,False,dga
wallfest.xyz,0,tranco_benign,benign,False,benign
v4.ssxnqma7o22icz5f4fq6y3blh6fcmjkk4pvtztddz4cu.cjuvw7cb4mkagost.bj4us72vfiw5uj4bfef2lzw5bpcyyzuegc2xhaowafy.ns-data.io,2,lab_iodine,iodine,True,dns_tunnel
wertheimvillage.com,0,tranco_benign,benign,False,benign
stablo.net,0,tranco_benign,benign,False,benign
flyrouge.biz,0,tranco_benign,benign,False,benign
vm-prod-1b2bcc58.westeurope.cloudapp.azure.com,0,benign_cloud_instance,benign,True,benign
audiofi.com,0,tranco_benign,benign,False,benign
euhzfordlinnetavox.net,1,dga_cluster_42,dga,False,dga
dev.imacc.com,0,tranco_benign,benign,False,benign
api.anewspring.online,0,tranco_benign,benign,False,benign
kso814mw50qv1bl5arxuprf5q.com,1,dga_cluster_40,dga,False,dga
szar867xxh8c32bsx21fm3x00.com,1,dga_cluster_40,dga,False,dga
bestofferscasino.com,0,tranco_benign,benign,False,benign
gccbjccazarmdxkhhkyz.com,1,dga_cluster_40,dga,False,dga
wordseye.biz,0,tranco_benign,benign,False,benign
cdn-cache-cc2684c1.cf-ipfs.com,0,benign_cdn,benign,True,benign
static.business-playcards.info,0,tranco_benign,benign,False,benign
saltangerdiscovershelter.com,1,dga_cluster_41,dga,False,dga
nrsrererwyatanb.biz,1,dga_cluster_41,dga,False,dga
240.15.61.42.in-addr.arpa,0,benign_reverse_dns,benign,True,benign
ec2-207-11-201-192.compute-1.amazonaws.com,0,benign_cloud_instance,benign,True,benign
bunkerpop.pro,0,tranco_benign,benign,False,benign
yiqofordlinnetavox.com,1,dga_cluster_42,dga,False,dga
kokwsagabardinedazyx.com,1,dga_cluster_44,dga,False,dga
auth8.scbiudauj57mba2jmhs64aleig9b9te4flrrxpuux.tunnel-poc.com,2,lab_dns2tcp,dns2tcp,True,dns_tunnel
login.stikyjakoprasata.com,0,tranco_benign,benign,False,benign
srv.774auk244nxkvpg7x3vbgxiahme7gqhl.tunnel-poc.com,2,lab_iodine,iodine,True,dns_tunnel
xtwffordlinnetavox.com,1,dga_cluster_42,dga,False,dga
stredovekyhotel.info,0,tranco_benign,benign,False,benign
paaim1py.tunnel-net.net,2,original_hex_tunnel,original_tunnel,False,dns_tunnel
skinfirmissuediscoverhope.com,1,dga_cluster_44,dga,False,dga
gastrofiedor.com,0,tranco_benign,benign,False,benign
ridble.net,0,tranco_benign,benign,False,benign
msbppartbulkyf.com,1,dga_cluster_40,dga,False,dga
cdn.theonlinefisherman.com,0,tranco_benign,benign,False,benign
vzdelavani-in.online,0,tranco_benign,benign,False,benign
www.svazptp.org,0,tranco_benign,benign,False,benign
aeso.com,0,tranco_benign,benign,False,benign
merrydate.biz,0,tranco_benign,benign,False,benign
glassdiscoverexchangetaste.biz,1,dga_cluster_43,dga,False,dga
manoperatesmartbluecandy.io,1,dga_cluster_43,dga,False,dga
linklk.com,0,tranco_benign,benign,False,benign
v4.wrscnv7xn2qhztee5m5dl2g7s5wf3gc.kpjaxqm7gnjxqfpb652kizzqh6t7ch2l47ferekfq.dns-exfil.net,2,lab_iodine,iodine,True,dns_tunnel
6b6001ce4372d99f4d6c57002290e523a2.tunnel-com.com,2,original_hex_tunnel,original_tunnel,False,dns_tunnel
ctsxbgetdpnfar.com,1,dga_cluster_40,dga,False,dga
rce.net,0,tranco_benign,benign,False,benign
dejcufjedqbdrk.com,1,dga_cluster_44,dga,False,dga
clubready.cc,0,tranco_benign,benign,False,benign
0qibjwcsbkudrncygxefouo30wh0qsn3x25t0j0vie20gkf5g3kv4tgsz3am4w.tunnel-cc.cc,2,original_hex_tunnel,original_tunnel,False,dns_tunnel
sunpornofree.com,0,tranco_benign,benign,False,benign
www.speedbike.biz,0,tranco_benign,benign,False,benign
api.pekelnepohadky.com,0,tranco_benign,benign,False,benign
a35-5-239-17.deploy.static.akamaitechnologies.com,0,benign_cdn,benign,True,benign
static.borj.com,0,tranco_benign,benign,False,benign
wezjmachuslazaroqok.com,1,dga_cluster_40,dga,False,dga
dnscat.c384a650.4beeb7ce013211b7b07ae34146f1b18292d4a5acfffc83b618f98.lab-tunnel.org,2,lab_dnscat2,dnscat2,True,dns_tunnel
doanhnhannhadat.com,0,tranco_benign,benign,False,benign
beebitcoin.com,0,tranco_benign,benign,False,benign
cdn.brumlik.com,0,tranco_benign,benign,False,benign
hqroom.biz,0,tranco_benign,benign,False,benign
xlzaererwyatanb.com,1,dga_cluster_41,dga,False,dga
a.2fynwynwpel6cs5utq3brzl3.gepxsyyog32ghcyald.ns-data.io,2,lab_iodine,iodine,True,dns_tunnel
kkuarvksxjp.com,1,dga_cluster_40,dga,False,dga
avignyata.xyz,0,tranco_benign,benign,False,benign
nlemfordlinnetavox.online,1,dga_cluster_42,dga,False,dga
tehotenstvipriznaky.com,0,tranco_benign,benign,False,benign
portal.yooutube.me,0,tranco_benign,benign,False,benign
pictureknifeoperatecommission.info,1,dga_cluster_43,dga,False,dga
vzdvmachuslazaroqok.com,1,dga_cluster_40,dga,False,dga
nabludau.site,0,tranco_benign,benign,False,benign
btrev.net,0,tranco_benign,benign,False,benign
vasotomia.me,0,tranco_benign,benign,False,benign
xrrtgedowljbbo.com,1,dga_cluster_44,dga,False,dga
vm-prod-23328ff4.westeurope.cloudapp.azure.com,0,benign_cloud_instance,benign,True,benign
dev.animal-sex-xxx.com,0,tranco_benign,benign,False,benign
fishstar.net,0,tranco_benign,benign,False,benign
ooyemachuslazaroqok.com,1,dga_cluster_40,dga,False,dga
co3.com,0,tranco_benign,benign,False,benign
gifsemensagens.com,0,tranco_benign,benign,False,benign
34570b5ea8e45a052cd11e0e984a.dns-exfil.net,2,lab_dnscat2,dnscat2,True,dns_tunnel
mail.reporteperuano.com,0,tranco_benign,benign,False,benign
rbqkfordlinnetavox.com,1,dga_cluster_42,dga,False,dga
xjmlererwyatanb.info,1,dga_cluster_41,dga,False,dga
foqaqear.com,1,dga_cluster_40,dga,False,dga
experiencestablesearchsuggest.io,1,dga_cluster_43,dga,False,dga
auth8.hkn49obxdjgwd7t6qqulw85p1qn5ax4hv5pi.ns-data.io,2,lab_dns2tcp,dns2tcp,True,dns_tunnel
build-22c60dc497.gitlab.io,0,benign_hex_service,benign,True,benign
m.drink.site,0,tranco_benign,benign,False,benign
auth0.cqclmn5785iurjpgzv1fjstsep0cxhh3gy41ebi.lab-tunnel.org,2,lab_dns2tcp,dns2tcp,True,dns_tunnel
historydamagefitdateadmire.io,1,dga_cluster_43,dga,False,dga
isywfordlinnetavox.xyz,1,dga_cluster_42,dga,False,dga
kai-xuan.com,0,tranco_benign,benign,False,benign
auth1.4vo5rptp8aep5bne9nadq655cvb9qq1s5ceaymsl5ji1c9aahm.tunnel-poc.com,2,lab_dns2tcp,dns2tcp,True,dns_tunnel
e77d01c8cacd469889eaa5000c5f44d5d7.tunnel-com.com,2,original_hex_tunnel,original_tunnel,False,dns_tunnel
seiha.com,0,tranco_benign,benign,False,benign
stockadda.com,0,tranco_benign,benign,False,benign
dnscat.816ba986.d35c7dfb939c1c330269.dns-exfil.net,2,lab_dnscat2,dnscat2,True,dns_tunnel
pbuksagabardinedazyx.co,1,dga_cluster_44,dga,False,dga
adkreator.com,0,tranco_benign,benign,False,benign
jriiererwyatanb.online,1,dga_cluster_41,dga,False,dga
kmzhfordlinnetavox.me,1,dga_cluster_42,dga,False,dga
airdailyx.com,0,tranco_benign,benign,False,benign
arikhanson.net,0,tranco_benign,benign,False,benign
msdist.xyz,0,tranco_benign,benign,False,benign
wiki.net,0,tranco_benign,benign,False,benign
jagiellonia.com,0,tranco_benign,benign,False,benign
pamafxxq.tunnel-com.com,2,original_hex_tunnel,original_tunnel,False,dns_tunnel
d14636608414235.cloudfront.net,0,benign_cdn,benign,True,benign
6.c.e.a.f.e.0.e.2.e.7.c.d.1.d.5.ip6.arpa,0,benign_reverse_dns,benign,True,benign
deolububble.net,0,tranco_benign,benign,False,benign
askthepilot.info,0,tranco_benign,benign,False,benign
yokqfordlinnetavox.org,1,dga_cluster_42,dga,False,dga
optionalarmrewardearthwake.site,1,dga_cluster_43,dga,False,dga
financevbezpeci.io,0,tranco_benign,benign,False,benign
txt.wzwp7fguxoshm6k43ekep2xqufcyv4i65pcnwpikwot4.lab-tunnel.org,2,lab_iodine,iodine,True,dns_tunnel
oracleug.biz,0,tranco_benign,benign,False,benign
static.btinternet.com,0,tranco_benign,benign,False,benign
hasicipsary.com,0,tranco_benign,benign,False,benign
qacspartbulkyf.com,1,dga_cluster_40,dga,False,dga
companyforgetchartconvince.net,1,dga_cluster_42,dga,False,dga
blog.54health.net,0,tranco_benign,benign,False,benign
amutechnologies.net,0,tranco_benign,benign,False,benign
fashionsstreets.com,0,tranco_benign,benign,False,benign
epx.com,0,tranco_benign,benign,False,benign
api.altarpraise.online,0,tranco_benign,benign,False,benign
ygqwfordlinnetavox.site,1,dga_cluster_42,dga,False,dga
ngxcedrjywz.com,1,dga_cluster_44,dga,False,dga
gupepartbulkyf.com,1,dga_cluster_40,dga,False,dga
afrimma.com,0,tranco_benign,benign,False,benign
v4.nbtfaqv7ge42aifp4boaktybxcb3esqrhhl2xk.k6gthhuldq4ibwvtpi76htk55gq5a5gbdkv.aopssrajinika4x5kok2le6jkt65otdv.tunnel-sec.biz,2,lab_iodine,iodine,True,dns_tunnel
215-99-5-24.bc.googleusercontent.com,0,benign_cloud_instance,benign,True,benign
npistat.pro,0,tranco_benign,benign,False,benign
qmhvsagabardinedazyx.com,1,dga_cluster_44,dga,False,dga
veterok.com,0,tranco_benign,benign,False,benign
fjqvmachuslazaroqok.com,1,dga_cluster_40,dga,False,dga
srv.nz34ugwp276kyo4et7vm2ug6cjv2y2ytfpnh3aoapww.4t2tfyvarjomtassu5l4lssk6jpnox4hd3avis6.tunnel-sec.biz,2,lab_iodine,iodine,True,dns_tunnel
freedomchangepersuaderespond.com,1,dga_cluster_41,dga,False,dga
vpkafordlinnetavox.io,1,dga_cluster_42,dga,False,dga
weciwizigyv.org,0,tranco_benign,benign,False,benign
bigfish.org,0,tranco_benign,benign,False,benign
55ab.co,0,tranco_benign,benign,False,benign
fvozererwyatanb.com,1,dga_cluster_41,dga,False,dga
170.87.19.110.in-addr.arpa,0,benign_reverse_dns,benign,True,benign
f-time.site,0,tranco_benign,benign,False,benign
hawacastle.info,0,tranco_benign,benign,False,benign
shoobees.co,0,tranco_benign,benign,False,benign
webmastercik.xyz,0,tranco_benign,benign,False,benign
elmarada.com,0,tranco_benign,benign,False,benign
wasse3.top,0,tranco_benign,benign,False,benign
zorook.cc,0,tranco_benign,benign,False,benign
auth8.f97lyawdzgg9yn8cpgmhtdm0mn9ajb5gmmem764kuu3x79847u.lab-tunnel.org,2,lab_dns2tcp,dns2tcp,True,dns_tunnel
auth.tigermedical.com,0,tranco_benign,benign,False,benign
leesfitness.com,0,tranco_benign,benign,False,benign
69f6012370f213dc21dbf4008cb44e41c4.tunnel-com.com,2,original_hex_tunnel,original_tunnel,False,dns_tunnel
auth6.p79f80enzomrtge62tkzw3cqqvgypdjtszu6ez1r0pa333jb7p8i.tunnel-poc.com,2,lab_dns2tcp,dns2tcp,True,dns_tunnel
liveduvalstreet.top,0,tranco_benign,benign,False,benign
colby.site,0,tranco_benign,benign,False,benign
nbkr.com,0,tranco_benign,benign,False,benign
auth2.0vd7y63prng3hbop3l8bl6lc682qomv3d.tunnel-poc.com,2,lab_dns2tcp,dns2tcp,True,dns_tunnel
dev.moneytalk.com,0,tranco_benign,benign,False,benign
ekora.com,0,tranco_benign,benign,False,benign
cdn.beirutinstitute.net,0,tranco_benign,benign,False,benign
c1c364bb2e6c94872483ba17d2f6920d32aa018b1c4d7caa37b7487.lab-tunnel.org,2,lab_dnscat2,dnscat2,True,dns_tunnel
brightstarr.site,0,tranco_benign,benign,False,benign
smaiererwyatanb.online,1,dga_cluster_41,dga,False,dga
181-211-145-17.bc.googleusercontent.com,0,benign_cloud_instance,benign,True,benign
blog.chadarfrozentrek.org,0,tranco_benign,benign,False,benign
spectrocoin.com,0,tranco_benign,benign,False,benign
olesya-emelyanova.pro,0,tranco_benign,benign,False,benign
ad-medilink.online,0,tranco_benign,benign,False,benign
auth3.udwr46rnv2vidypzk4zflmys9caw4hxuimbb63okq48nr9n.tunnel-poc.com,2,lab_dns2tcp,dns2tcp,True,dns_tunnel
gqhamachuslazaroqok.com,1,dga_cluster_40,dga,False,dga
static.fe-foto.com,0,tranco_benign,benign,False,benign
igdsklnaruboyspmkxnu.com,1,dga_cluster_40,dga,False,dga
portal.cuab.com,0,tranco_benign,benign,False,benign
vm-prod-e08c30dd.westeurope.cloudapp.azure.com,0,benign_cloud_instance,benign,True,benign
biathlon-online.io,0,tranco_benign,benign,False,benign
wghgfordlinnetavox.top,1,dga_cluster_42,dga,False,dga
tc-lion.net,0,tranco_benign,benign,False,benign
157.182.196.154.in-addr.arpa,0,benign_reverse_dns,benign,True,benign
blog.spacecraftforall.net,0,tranco_benign,benign,False,benign
vtwgfordlinnetavox.biz,1,dga_cluster_42,dga,False,dga
sexvpitere.net,0,tranco_benign,benign,False,benign
cancaucashimano.org,0,tranco_benign,benign,False,benign
a101-15-143-48.deploy.static.akamaitechnologies.com,0,benign_cdn,benign,True,benign
ec2-45-218-249-53.compute-1.amazonaws.com,0,benign_cloud_instance,benign,True,benign
prod-cdn-666.global.ssl.fastly.net,0,benign_cdn,benign,True,benign
ysdlererwyatanb.xyz,1,dga_cluster_41,dga,False,dga
srbiau.top,0,tranco_benign,benign,False,benign
fatherdisagreeconvertweigh.top,1,dga_cluster_41,dga,False,dga
portal.yomereba.org,0,tranco_benign,benign,False,benign
a13-132-6-84.deploy.static.akamaitechnologies.com,0,benign_cdn,benign,True,benign
agperu.com,0,tranco_benign,benign,False,benign
lousw.com,0,tranco_benign,benign,False,benign
freedomcouture.com,0,tranco_benign,benign,False,benign
omnpfordlinnetavox.com,1,dga_cluster_42,dga,False,dga
33.162.227.24.in-addr.arpa,0,benign_reverse_dns,benign,True,benign
kruhacek.com,0,tranco_benign,benign,False,benign
bunchdoesmixedsaveinvolve.com,1,dga_cluster_44,dga,False,dga
shop.faktura-formular-zdarma.com,0,tranco_benign,benign,False,benign
srdceviteze.com,0,tranco_benign,benign,False,benign
kirishima.com,0,tranco_benign,benign,False,benign
0nbanllndvot05idimrwge0tgnzqav3aa3.tunnel-com.com,2,original_hex_tunnel,original_tunnel,False,dns_tunnel
csipowerschool.com,0,tranco_benign,benign,False,benign
heybiz.com,0,tranco_benign,benign,False,benign
srv.no6jzxfgmek2fphrpvynebd.ye4hcalnscft62xzrnnpv5lu6i7vhrk44lyqrm.tunnel-sec.biz,2,lab_iodine,iodine,True,dns_tunnel
birthdayculturerentproduce.site,1,dga_cluster_43,dga,False,dga
drazba-drazby.net,0,tranco_benign,benign,False,benign
null.hmwhzj425n3l4mwe76c4wo4mcv.bthg4cznzglipo6tsri7ru7sps274bhfzrba7.agkuzijjjtgvj7tid4qkfwjbsy7x64u.lab-tunnel.org,2,lab_iodine,iodine,True,dns_tunnel
ovedycgsvwdbxxhmuv.com,1,dga_cluster_44,dga,False,dga
uqlxererwyatanb.com,1,dga_cluster_41,dga,False,dga
teambattlewritezonerepair.org,1,dga_cluster_43,dga,False,dga
tponpartbulkyf.com,1,dga_cluster_40,dga,False,dga
interactiveone.com,0,tranco_benign,benign,False,benign
1.8.0.a.a.f.7.e.a.7.7.3.8.f.8.c.ip6.arpa,0,benign_reverse_dns,benign,True,benign
shipfaultraisezoneearndish.com,1,dga_cluster_40,dga,False,dga
nxuafordlinnetavox.com,1,dga_cluster_42,dga,False,dga
fbubfordlinnetavox.info,1,dga_cluster_42,dga,False,dga
a.rerxli2ekkhz7nzluaszvzi2vvdgpuv3iznb.ns-data.io,2,lab_iodine,iodine,True,dns_tunnel
allexamtest.com,0,tranco_benign,benign,False,benign
arrbkfdcrmrjkjc.com,1,dga_cluster_40,dga,False,dga
darmowybon.info,0,tranco_benign,benign,False,benign
mabila.com,0,tranco_benign,benign,False,benign
shop.j06.xyz,0,tranco_benign,benign,False,benign
ertk.com,0,tranco_benign,benign,False,benign
vzlhfordlinnetavox.com,1,dga_cluster_42,dga,False,dga
zndtpartbulkyf.com,1,dga_cluster_40,dga,False,dga
blog.sokolovnapolubny.net,0,tranco_benign,benign,False,benign
qmzxpartbulkyf.com,1,dga_cluster_40,dga,False,dga
pamafzmy.tunnel-com.com,2,original_hex_tunnel,original_tunnel,False,dns_tunnel
dnscat.1555c96c.7650a2ee568c13ad9be9a4.ns-data.io,2,lab_dnscat2,dnscat2,True,dns_tunnel
blog.newsupdatephotos.net,0,tranco_benign,benign,False,benign
m.visittallinn.com,0,tranco_benign,benign,False,benign
radavs.com,0,tranco_benign,benign,False,benign
firstbankkansas.org,0,tranco_benign,benign,False,benign
dxyzererwyatanb.com,1,dga_cluster_41,dga,False,dga
organizationrewardswimreward.com,1,dga_cluster_40,dga,False,dga
fhcofordlinnetavox.com,1,dga_cluster_42,dga,False,dga
nextbridge.io,0,tranco_benign,benign,False,benign
build-0d2110c4.github.io,0,benign_hex_service,benign,True,benign
rayandterry.com,0,tranco_benign,benign,False,benign
hhkcsagabardinedazyx.com,1,dga_cluster_44,dga,False,dga
dev.ibv.com,0,tranco_benign,benign,False,benign
cdn.nulled.com,0,tranco_benign,benign,False,benign
build-9f75aa336.vercel.app,0,benign_hex_service,benign,True,benign
auth7.wxlwxd8j6bs751b1arkz3uc8bxd14y0fs5bm0k5zxx0u.tunnel-poc.com,2,lab_dns2tcp,dns2tcp,True,dns_tunnel
extra-force.com,0,tranco_benign,benign,False,benign
sapiko.com,0,tranco_benign,benign,False,benign
celebcafe.com,0,tranco_benign,benign,False,benign
hotove-levnepergoly.com,0,tranco_benign,benign,False,benign
m.xaker-it.com,0,tranco_benign,benign,False,benign
6lolzpedia.biz,0,tranco_benign,benign,False,benign
factsandsplitforcesharpdot.com,1,dga_cluster_40,dga,False,dga
kkeju.info,0,tranco_benign,benign,False,benign
dtzcb.com,0,tranco_benign,benign,False,benign
strategicmanagementinsight.io,0,tranco_benign,benign,False,benign
michalprihoda.org,0,tranco_benign,benign,False,benign
jepumedo.com,1,dga_cluster_44,dga,False,dga
gabrielgoffi.info,0,tranco_benign,benign,False,benign
ffimllc.com,0,tranco_benign,benign,False,benign
cleycianne.com,0,tranco_benign,benign,False,benign
dev.mobilemediasys.net,0,tranco_benign,benign,False,benign
andrewtobias.com,0,tranco_benign,benign,False,benign
skywaybridge.biz,0,tranco_benign,benign,False,benign
viront.com,0,tranco_benign,benign,False,benign
vm-prod-e03867a5.westeurope.cloudapp.azure.com,0,benign_cloud_instance,benign,True,benign
tryboobs.io,0,tranco_benign,benign,False,benign
67.12.159.107.in-addr.arpa,0,benign_reverse_dns,benign,True,benign
lithia.info,0,tranco_benign,benign,False,benign
quikly.com,0,tranco_benign,benign,False,benign
sparkol.org,0,tranco_benign,benign,False,benign
paaim1sa.tunnel-com.com,2,original_hex_tunnel,original_tunnel,False,dns_tunnel
sejbfordlinnetavox.online,1,dga_cluster_42,dga,False,dga
yorkcityfootballclub.com,0,tranco_benign,benign,False,benign
engine-driver.top,0,tranco_benign,benign,False,benign
hkfyg.net,0,tranco_benign,benign,False,benign
ddm-lanskroun.com,0,tranco_benign,benign,False,benign
ddoymachuslazaroqok.com,1,dga_cluster_40,dga,False,dga
cairns-australia.online,0,tranco_benign,benign,False,benign
desihoes.org,0,tranco_benign,benign,False,benign
portal.radsource.org,0,tranco_benign,benign,False,benign
tinyeve.biz,0,tranco_benign,benign,False,benign
classicrockforums.info,0,tranco_benign,benign,False,benign
0eiabemjram4oherrqy2y145z4aiicyyik0q2nz.tunnel-biz.biz,2,original_hex_tunnel,original_tunnel,False,dns_tunnel
jkjijkhiqedt.com,1,dga_cluster_44,dga,False,dga
bcjm0ktarscubhsgc11cysgei.com,1,dga_cluster_40,dga,False,dga
h6d5406a988c8612e5b1f57c0ed35b5e5e.com,1,dga_cluster_44,dga,False,dga
mujplat.com,0,tranco_benign,benign,False,benign
qadrererwyatanb.com,1,dga_cluster_41,dga,False,dga
c3e9d6e72b52b48e46fc7c03e04342170017be306df95d79e62ab10.tunnel-sec.biz,2,lab_dnscat2,dnscat2,True,dns_tunnel
pythonchallenge.io,0,tranco_benign,benign,False,benign
cestomilove.top,0,tranco_benign,benign,False,benign
83lvyou.com,0,tranco_benign,benign,False,benign
prod-cdn-849.global.ssl.fastly.net,0,benign_cdn,benign,True,benign
averagecanceldiscoverrefer.top,1,dga_cluster_41,dga,False,dga
triptanza.com,0,tranco_benign,benign,False,benign
akxtfordlinnetavox.org,1,dga_cluster_42,dga,False,dga
blog.lbllighting.com,0,tranco_benign,benign,False,benign
dda43200164bdee.cloudfront.net,0,benign_cdn,benign,True,benign
mail.bom.com,0,tranco_benign,benign,False,benign
offerearth.com,1,dga_cluster_40,dga,False,dga
tmodel.io,0,tranco_benign,benign,False,benign
jacquieetmicheltv.com,0,tranco_benign,benign,False,benign
empkererwyatanb.com,1,dga_cluster_41,dga,False,dga
zamoranov.com,0,tranco_benign,benign,False,benign
pabierni.tunnel-co.co,2,original_hex_tunnel,original_tunnel,False,dns_tunnel
parkpennies.com,0,tranco_benign,benign,False,benign
songho.xyz,0,tranco_benign,benign,False,benign
shop.helphomepardubice.com,0,tranco_benign,benign,False,benign
dxggmachuslazaroqok.co,1,dga_cluster_40,dga,False,dga
mysilistra.com,0,tranco_benign,benign,False,benign
login.300followers.com,0,tranco_benign,benign,False,benign
v4.vowy2ld5wown5625xi6nxgokhnitsk4vqc7yopxbr.tunnel-sec.biz,2,lab_iodine,iodine,True,dns_tunnel
api.jobs4jobs.site,0,tranco_benign,benign,False,benign
zlasky.com,0,tranco_benign,benign,False,benign
rajdortu.com,0,tranco_benign,benign,False,benign
no-smoke.biz,0,tranco_benign,benign,False,benign
gsnqfordlinnetavox.site,1,dga_cluster_42,dga,False,dga
cjzdoiwarj.com,1,dga_cluster_40,dga,False,dga
0eabapdnggydixon2aaaedrlp55zvgcamdp5s553tk5kwzh5woysaazgk0dfle.tunnel-xyz.xyz,2,original_hex_tunnel,original_tunnel,False,dns_tunnel
coowererwyatanb.com,1,dga_cluster_41,dga,False,dga
matforce.net,0,tranco_benign,benign,False,benign
shop.tramino.com,0,tranco_benign,benign,False,benign
cdn.airelatino.net,0,tranco_benign,benign,False,benign
rrbsfordlinnetavox.xyz,1,dga_cluster_42,dga,False,dga
api.akuserviscakl.site,0,tranco_benign,benign,False,benign
8thstreetlatinas.com,0,tranco_benign,benign,False,benign
jb-tuning.com,0,tranco_benign,benign,False,benign
s585218e649a2de94a49aded02f63fc552.com,1,dga_cluster_44,dga,False,dga
sportson.info,0,tranco_benign,benign,False,benign
reldigezt.com,0,tranco_benign,benign,False,benign
hausler.online,0,tranco_benign,benign,False,benign
www.songkord.com,0,tranco_benign,benign,False,benign
ueogfordlinnetavox.info,1,dga_cluster_42,dga,False,dga
dev.kirstyjennifer.site,0,tranco_benign,benign,False,benign
txt.sdhu7ec5ts6p7kqe2j73jx4.tgqypjqqwd2vtdsnr2pxu27j4hs4wzmc6q.lab-tunnel.org,2,lab_iodine,iodine,True,dns_tunnel
foodsafetynews.net,0,tranco_benign,benign,False,benign
auth0.2c1dt1w42yoc7rr7q1qiqehfv9f64hxrl2qr6f1l.ns-data.io,2,lab_dns2tcp,dns2tcp,True,dns_tunnel
ngin.org,0,tranco_benign,benign,False,benign
fnarelcb.com,1,dga_cluster_40,dga,False,dga
camurujipe.site,0,tranco_benign,benign,False,benign
eelppmefedef.com,1,dga_cluster_44,dga,False,dga
kribor-security.com,0,tranco_benign,benign,False,benign
4-cybersecurity.org,0,tranco_benign,benign,False,benign
toppsdirekt.cc,0,tranco_benign,benign,False,benign
cohmqnxareqvpx.com,1,dga_cluster_40,dga,False,dga
www.wittycookie.xyz,0,tranco_benign,benign,False,benign
h4kurd.site,0,tranco_benign,benign,False,benign
pohape.net,0,tranco_benign,benign,False,benign
null.solh5zvf43kurdqnggdtfdkdeo6igqj64tfuwboxbo.lab-tunnel.org,2,lab_iodine,iodine,True,dns_tunnel
beriyan30.biz,0,tranco_benign,benign,False,benign
cdn.usehurrier.com,0,tranco_benign,benign,False,benign
txt.r4k7xt77ubrdlpac47i66qzub3drdlui2tosbdpp2.zxvhlpzjwqi3huxgc3yyniomshymxzyv.zvyk6fsv4vj2rkcqdcfm.ns-data.io,2,lab_iodine,iodine,True,dns_tunnel
blog.harunyahya.com,0,tranco_benign,benign,False,benign
tdgqfordlinnetavox.com,1,dga_cluster_42,dga,False,dga
login.bg-sex.biz,0,tranco_benign,benign,False,benign
vvcimachuslazaroqok.com,1,dga_cluster_40,dga,False,dga
datadioggi.com,0,tranco_benign,benign,False,benign
mangolinkproperty.org,0,tranco_benign,benign,False,benign
4efbtpdnggyhambygkyfqvhyxgydqmbn4dtrfydeanremz4rqiy2ehqonmmiay.tunnel-biz.biz,2,original_hex_tunnel,original_tunnel,False,dns_tunnel
tearuqaf.com,1,dga_cluster_40,dga,False,dga
b58dc14e9dc5bee12642f94e76b5ca16a58c.ns-data.io,2,lab_dnscat2,dnscat2,True,dns_tunnel
vm-prod-0def76da.westeurope.cloudapp.azure.com,0,benign_cloud_instance,benign,True,benign
shop.vyskov-reality.org,0,tranco_benign,benign,False,benign
build-7043455b7780.pages.dev,0,benign_hex_service,benign,True,benign
munttu.com,0,tranco_benign,benign,False,benign
gfccdgjedhgd.com,1,dga_cluster_44,dga,False,dga
rna.com,0,tranco_benign,benign,False,benign
yamakataya.com,0,tranco_benign,benign,False,benign
syau.org,0,tranco_benign,benign,False,benign
vrilwfedgfie.com,1,dga_cluster_44,dga,False,dga
login.kvartal95.org,0,tranco_benign,benign,False,benign
v4.ihtr6fxnx7bbon6hsh54ed7qypvxz5nvx.d66g23gmk42ninzewpt7depvjgw.r64422hbwsmewmj27qnn5cw2d7mut.lab-tunnel.org,2,lab_iodine,iodine,True,dns_tunnel
tlhfpartbulkyf.com,1,dga_cluster_40,dga,False,dga
afqknoqbnarhhsd.com,1,dga_cluster_40,dga,False,dga
api.socialstudiesforkids.online,0,tranco_benign,benign,False,benign
stayntouch.org,0,tranco_benign,benign,False,benign
auth4.xvdeos3js0eau5kun966tiopexg2beg847wse7r.lab-tunnel.org,2,lab_dns2tcp,dns2tcp,True,dns_tunnel
cdn.cliohaiti.com,0,tranco_benign,benign,False,benign
paaqbewi.tunnel-org.org,2,original_hex_tunnel,original_tunnel,False,dns_tunnel
zppifordlinnetavox.org,1,dga_cluster_42,dga,False,dga
lspyardvgq.com,1,dga_cluster_40,dga,False,dga
koxnmachuslazaroqok.com,1,dga_cluster_40,dga,False,dga
api.mryangb2b.online,0,tranco_benign,benign,False,benign
ec2-105-116-140-68.compute-1.amazonaws.com,0,benign_cloud_instance,benign,True,benign
cuvfsagabardinedazyx.com,1,dga_cluster_44,dga,False,dga
dnscat.a60bf713.09028abbcb80bf52fa09a6ed476bf2c6fb6.dns-exfil.net,2,lab_dnscat2,dnscat2,True,dns_tunnel
tscshops.com,0,tranco_benign,benign,False,benign
build-9b36cfa20b7e285.azurewebsites.net,0,benign_hex_service,benign,True,benign
universityrequestchartprevent.biz,1,dga_cluster_43,dga,False,dga
webxtend.com,0,tranco_benign,benign,False,benign
macphun.cc,0,tranco_benign,benign,False,benign
prod-cdn-116.global.ssl.fastly.net,0,benign_cdn,benign,True,benign
vm-prod-2b69ec06.westeurope.cloudapp.azure.com,0,benign_cloud_instance,benign,True,benign
oeshow.top,0,tranco_benign,benign,False,benign
diamondmm.biz,0,tranco_benign,benign,False,benign
blog.idaten.org,0,tranco_benign,benign,False,benign
0.4.0.2.9.3.1.d.9.b.6.2.f.f.1.1.ip6.arpa,0,benign_reverse_dns,benign,True,benign
qchearyu.com,1,dga_cluster_40,dga,False,dga
elmnckgfeddi.com,1,dga_cluster_44,dga,False,dga
yourhumandesign.top,0,tranco_benign,benign,False,benign
pearatxo.com,1,dga_cluster_40,dga,False,dga
20fun.com,0,tranco_benign,benign,False,benign
basicoyfacil.net,0,tranco_benign,benign,False,benign
cashdealkart.pro,0,tranco_benign,benign,False,benign
e.2.9.0.5.1.f.d.e.b.5.e.4.7.9.3.ip6.arpa,0,benign_reverse_dns,benign,True,benign
rstdcdedbfqf.com,1,dga_cluster_44,dga,False,dga
www.omran-yar.online,0,tranco_benign,benign,False,benign
infowat.com,0,tranco_benign,benign,False,benign
dotemphasizeaddressloose.pro,1,dga_cluster_43,dga,False,dga
bzpafordlinnetavox.net,1,dga_cluster_42,dga,False,dga
catsone.org,0,tranco_benign,benign,False,benign
txt.ejgij35pz7kbtu5fr64ha4zo6yhkyxzqfznyrnqzi.lt2pz2pshwj7jq4rjqkkvna6y4oisjyamwvwyaj5fnw.dns-exfil.net,2,lab_iodine,iodine,True,dns_tunnel
gameres.online,0,tranco_benign,benign,False,benign
icalculator.site,0,tranco_benign,benign,False,benign
leren.info,0,tranco_benign,benign,False,benign
zhaoqing.org,0,tranco_benign,benign,False,benign
v4.qkgv7w4xav7kwcwperdmmqty.v6lue5tgmj4qu2kyp.ns-data.io,2,lab_iodine,iodine,True,dns_tunnel
nepalnews.com,0,tranco_benign,benign,False,benign
mail.meteo-nice.com,0,tranco_benign,benign,False,benign
lesloulys.com,0,tranco_benign,benign,False,benign
rojearul.com,1,dga_cluster_40,dga,False,dga
kmqkfordlinnetavox.top,1,dga_cluster_42,dga,False,dga
stampproof.com,0,tranco_benign,benign,False,benign
boccc.net,0,tranco_benign,benign,False,benign
eeuxvedkcbqy.com,1,dga_cluster_44,dga,False,dga
vm-prod-50b2cc35.westeurope.cloudapp.azure.com,0,benign_cloud_instance,benign,True,benign
moobristvi.com,0,tranco_benign,benign,False,benign
immcfordlinnetavox.com,1,dga_cluster_42,dga,False,dga
okxmpartbulkyf.com,1,dga_cluster_40,dga,False,dga
prod-cdn-363.global.ssl.fastly.net,0,benign_cdn,benign,True,benign
44.254.203.244.in-addr.arpa,0,benign_reverse_dns,benign,True,benign
weedeater.com,0,tranco_benign,benign,False,benign
auth.optionsplay.biz,0,tranco_benign,benign,False,benign
cmkkits.com,0,tranco_benign,benign,False,benign
txt.3d54e4hipijiabn2tqhp6ex.pyv5ipah7akgsi4fjtomn7wgitek.lhc3fcrum2lnpnly2fk5wy.dns-exfil.net,2,lab_iodine,iodine,True,dns_tunnel
pnpxpartbulkyf.com,1,dga_cluster_40,dga,False,dga
rpofs.site,0,tranco_benign,benign,False,benign
auth6.tyq67ypeecqcf7grjo32zc8uvb73pbu9fnd91k.lab-tunnel.org,2,lab_dns2tcp,dns2tcp,True,dns_tunnel
njocfordlinnetavox.net,1,dga_cluster_42,dga,False,dga
6dcb23df82270d41814e3c5917fd8765cb5e2f8682.lab-tunnel.org,2,lab_dnscat2,dnscat2,True,dns_tunnel
ljpzfordlinnetavox.biz,1,dga_cluster_42,dga,False,dga
m.nudecelebsgallery.net,0,tranco_benign,benign,False,benign
1iabbpdnggyhambygkyaith2m1aobqfyvep2xaartgebtoiybrshyziydb5tnl.tunnel-com.com,2,original_hex_tunnel,original_tunnel,False,dns_tunnel
teleskop-express.site,0,tranco_benign,benign,False,benign
postcarpetresolvezonehate.io,1,dga_cluster_43,dga,False,dga
exabyte.com,0,tranco_benign,benign,False,benign
porcelanosagrupo.com,0,tranco_benign,benign,False,benign
myhotmailsignin.biz,0,tranco_benign,benign,False,benign
rtlvpartbulkyf.com,1,dga_cluster_40,dga,False,dga
dacsubs.com,0,tranco_benign,benign,False,benign
auth3.ddz1xazfk0d3l33nq9e6v85pr3qxtm92ek5iag4.tunnel-poc.com,2,lab_dns2tcp,dns2tcp,True,dns_tunnel
eqrypartbulkyf.com,1,dga_cluster_40,dga,False,dga
full-performance.net,0,tranco_benign,benign,False,benign
akermann.co,0,tranco_benign,benign,False,benign
cloudenprice.online,0,tranco_benign,benign,False,benign
pediatrie-lejhancova.site,0,tranco_benign,benign,False,benign
nouwcdn.com,0,tranco_benign,benign,False,benign
indmin.site,0,tranco_benign,benign,False,benign
xxxmatch.biz,0,tranco_benign,benign,False,benign
shop.hrynapocitac.biz,0,tranco_benign,benign,False,benign
tblnfordlinnetavox.com,1,dga_cluster_42,dga,False,dga
alamesacuba.com,0,tranco_benign,benign,False,benign
eezifordlinnetavox.org,1,dga_cluster_42,dga,False,dga
dnscat.8d29101b.4d625d39ecdb3731f6a79fccb08da2fb77625.dns-exfil.net,2,lab_dnscat2,dnscat2,True,dns_tunnel
shop-usa.com,0,tranco_benign,benign,False,benign
ctb2zed7j9k41vfr8epee3v93.com,1,dga_cluster_44,dga,False,dga
7404017e1b60717f2de7f1000227548c5f.tunnel-online.online,2,original_hex_tunnel,original_tunnel,False,dns_tunnel
244.133.200.150.in-addr.arpa,0,benign_reverse_dns,benign,True,benign
portal.computersecuritylogs.com,0,tranco_benign,benign,False,benign
retaileconomics.co,0,tranco_benign,benign,False,benign
www.icbrdy.com,0,tranco_benign,benign,False,benign
duepassinelmistero.info,0,tranco_benign,benign,False,benign
churchinmarlboro.info,0,tranco_benign,benign,False,benign
230.194.97.241.in-addr.arpa,0,benign_reverse_dns,benign,True,benign
pbhqererwyatanb.co,1,dga_cluster_41,dga,False,dga
www.gegenerators.com,0,tranco_benign,benign,False,benign
mail.randyblue.com,0,tranco_benign,benign,False,benign
mihanbaran1.biz,0,tranco_benign,benign,False,benign
www.custardappleproduction.me,0,tranco_benign,benign,False,benign
login.onedigital.co,0,tranco_benign,benign,False,benign
sixypartbulkyf.com,1,dga_cluster_40,dga,False,dga
breathfearspendinterested.xyz,1,dga_cluster_43,dga,False,dga
derflkola.com,0,tranco_benign,benign,False,benign
feelingtuneimprovedealspread.com,1,dga_cluster_44,dga,False,dga
build-eee91b9a99f63841.pages.dev,0,benign_hex_service,benign,True,benign
fireplacedoorsonline.top,0,tranco_benign,benign,False,benign
api.macte.com,0,tranco_benign,benign,False,benign
bhoxmachuslazaroqok.com,1,dga_cluster_40,dga,False,dga
xpxpmachuslazaroqok.com,1,dga_cluster_40,dga,False,dga
betface.com,0,tranco_benign,benign,False,benign
thoughthusbandthinkliftinterested.xyz,1,dga_cluster_43,dga,False,dga
jbarlgxvmw.com,1,dga_cluster_40,dga,False,dga
jlqdxvqddvrraar.com,1,dga_cluster_40,dga,False,dga
urbankingsinc.com,0,tranco_benign,benign,False,benign
adultdirect.online,0,tranco_benign,benign,False,benign
uutvfordlinnetavox.online,1,dga_cluster_42,dga,False,dga
aqfvpartbulkyf.com,1,dga_cluster_40,dga,False,dga
vm-prod-ed284dde.westeurope.cloudapp.azure.com,0,benign_cloud_instance,benign,True,benign
cdn-cache-7b5ab1b8.cf-ipfs.com,0,benign_cdn,benign,True,benign
thepiratebrazil.net,0,tranco_benign,benign,False,benign
sopdererwyatanb.site,1,dga_cluster_41,dga,False,dga
samsmogy-remont.org,0,tranco_benign,benign,False,benign
wikifur.com,0,tranco_benign,benign,False,benign
3gpking.online,0,tranco_benign,benign,False,benign
ues.top,0,tranco_benign,benign,False,benign
pamaayxy.tunnel-com.com,2,original_hex_tunnel,original_tunnel,False,dns_tunnel
teve.biz,0,tranco_benign,benign,False,benign
login.theneeds.co,0,tranco_benign,benign,False,benign
36ce414e172f229b590521f47ace95386.tunnel-poc.com,2,lab_dnscat2,dnscat2,True,dns_tunnel
filmlove.biz,0,tranco_benign,benign,False,benign
cover-southafrica.biz,0,tranco_benign,benign,False,benign
allaboutdepression.com,0,tranco_benign,benign,False,benign
dev.provenlogic.com,0,tranco_benign,benign,False,benign
auth9.z98932uijsu9oyqvj5nku96xr3pnve.ns-data.io,2,lab_dns2tcp,dns2tcp,True,dns_tunnel
rikuden.net,0,tranco_benign,benign,False,benign
auth.dafauudai.com,0,tranco_benign,benign,False,benign
newsroofstoresendrevealthink.pro,1,dga_cluster_43,dga,False,dga
tipntag.net,0,tranco_benign,benign,False,benign
fusiontr.com,0,tranco_benign,benign,False,benign
ec2-129-232-90-58.compute-1.amazonaws.com,0,benign_cloud_instance,benign,True,benign
unieshop.com,0,tranco_benign,benign,False,benign
cgnkfordlinnetavox.com,1,dga_cluster_42,dga,False,dga
api.adelaidebbs.com,0,tranco_benign,benign,False,benign
lageqegdedurpgh.com,1,dga_cluster_44,dga,False,dga
qadvfordlinnetavox.net,1,dga_cluster_42,dga,False,dga
cdn.greetingbells.com,0,tranco_benign,benign,False,benign
v4.mp3f7ifmmmja3r2jmhwjsp4lcmk57yvvzg2.24emim2igpzycmu25nsq.ckcsysbmuvb4bmg6eawgactfhi5.tunnel-poc.com,2,lab_iodine,iodine,True,dns_tunnel
kfeddapikpdsjeh.com,1,dga_cluster_44,dga,False,dga
m.lindaline.net,0,tranco_benign,benign,False,benign
login.vitrinesglobo.xyz,0,tranco_benign,benign,False,benign
maximumdisplaydishinterested.net,1,dga_cluster_43,dga,False,dga
metalfan.net,0,tranco_benign,benign,False,benign
shop.civilmaster.cc,0,tranco_benign,benign,False,benign
210.250.179.106.in-addr.arpa,0,benign_reverse_dns,benign,True,benign
portal.cdcpbaltimore.com,0,tranco_benign,benign,False,benign
dnscat.6227ca64.8220f5714e95b101a2771cd0b5c9b3ffb0d968cd464801.dns-exfil.net,2,lab_dnscat2,dnscat2,True,dns_tunnel
vlozkovanivan.site,0,tranco_benign,benign,False,benign
minutestablelackcatchdeal.top,1,dga_cluster_43,dga,False,dga
paketkapinda.info,0,tranco_benign,benign,False,benign
smsbunda.com,0,tranco_benign,benign,False,benign
dev.mpsomaha.top,0,tranco_benign,benign,False,benign
marketdependassociatesettle.io,1,dga_cluster_43,dga,False,dga
portal.wanguomatou.com,0,tranco_benign,benign,False,benign
fddzererwyatanb.com,1,dga_cluster_41,dga,False,dga
sxchdesign.com,0,tranco_benign,benign,False,benign
tzdyererwyatanb.biz,1,dga_cluster_41,dga,False,dga
eelect.com,0,tranco_benign,benign,False,benign
xnbhsagabardinedazyx.com,1,dga_cluster_44,dga,False,dga
zoo-lesna-zlin.com,0,tranco_benign,benign,False,benign
fdjgfordlinnetavox.com,1,dga_cluster_42,dga,False,dga
famiticket.cc,0,tranco_benign,benign,False,benign
kmlbererwyatanb.me,1,dga_cluster_41,dga,False,dga
zusricany.info,0,tranco_benign,benign,False,benign
251.13.66.154.in-addr.arpa,0,benign_reverse_dns,benign,True,benign
www.sibmusic.cc,0,tranco_benign,benign,False,benign
keaspartbulkyf.com,1,dga_cluster_40,dga,False,dga
ec2-56-65-70-38.compute-1.amazonaws.com,0,benign_cloud_instance,benign,True,benign
233.123.182.59.in-addr.arpa,0,benign_reverse_dns,benign,True,benign
cktjmachuslazaroqok.com,1,dga_cluster_40,dga,False,dga
fotovelecky.xyz,0,tranco_benign,benign,False,benign
artsblog.com,0,tranco_benign,benign,False,benign
portal.techtek.io,0,tranco_benign,benign,False,benign
dnscat.0d9ff848.3aad656f630f0e47166851ac4.ns-data.io,2,lab_dnscat2,dnscat2,True,dns_tunnel
vystavby.co,0,tranco_benign,benign,False,benign
abakbot.com,0,tranco_benign,benign,False,benign
null.ekwobchxcwocf2etefzqd4xh6524mc5lq3c3wsfg.xfkgekodta3ktjvhssbnw2owdaf4.bqjct3q5t4su3gj6ee2vc7vz63bux4o6cyucqflpz.tunnel-poc.com,2,lab_iodine,iodine,True,dns_tunnel
click2redeem.me,0,tranco_benign,benign,False,benign
tcpress.net,0,tranco_benign,benign,False,benign
auth.gshlaw.top,0,tranco_benign,benign,False,benign
dnscat.db481c33.299d222b302d0884dfcc8ebcae23bafe35462f4a814253.lab-tunnel.org,2,lab_dnscat2,dnscat2,True,dns_tunnel
rossibeco.top,0,tranco_benign,benign,False,benign
qzjspiureds.com,1,dga_cluster_44,dga,False,dga
ec2-59-60-161-31.compute-1.amazonaws.com,0,benign_cloud_instance,benign,True,benign
manufacturerblueconcertoperate.net,1,dga_cluster_41,dga,False,dga
billythetree.co,0,tranco_benign,benign,False,benign
237-28-80-75.bc.googleusercontent.com,0,benign_cloud_instance,benign,True,benign
blamepreventrepairtoesplit.io,1,dga_cluster_43,dga,False,dga
gifky.com,0,tranco_benign,benign,False,benign
zpevnik.xyz,0,tranco_benign,benign,False,benign
itesa.top,0,tranco_benign,benign,False,benign
hostjars.co,0,tranco_benign,benign,False,benign
markchooselostfrequentlift.com,1,dga_cluster_40,dga,False,dga
manufacturercandidatehole.net,1,dga_cluster_41,dga,False,dga
tzeyfordlinnetavox.com,1,dga_cluster_42,dga,False,dga
build-102084a9adfb5e.gitlab.io,0,benign_hex_service,benign,True,benign
writeradvantageironbelljustify.io,1,dga_cluster_43,dga,False,dga
gavfpartbulkyf.com,1,dga_cluster_40,dga,False,dga
igdoererwyatanb.pro,1,dga_cluster_41,dga,False,dga
jaaga.org,0,tranco_benign,benign,False,benign
seodiscussionforum.com,0,tranco_benign,benign,False,benign
207-136-31-191.bc.googleusercontent.com,0,benign_cloud_instance,benign,True,benign
makecrueltyhistory.xyz,0,tranco_benign,benign,False,benign
rprsfordlinnetavox.xyz,1,dga_cluster_42,dga,False,dga
masbawer.biz,0,tranco_benign,benign,False,benign
ddzqsagabardinedazyx.com,1,dga_cluster_44,dga,False,dga
ses8s8qq.org,0,tranco_benign,benign,False,benign
velde.com,0,tranco_benign,benign,False,benign
62432c9989edc460eb8a903495b7f65b0368.tunnel-poc.com,2,lab_dnscat2,dnscat2,True,dns_tunnel
kaaiererwyatanb.co,1,dga_cluster_41,dga,False,dga
annasaccone.top,0,tranco_benign,benign,False,benign
www.askmilton.info,0,tranco_benign,benign,False,benign
uivzsagabardinedazyx.com,1,dga_cluster_44,dga,False,dga
esjbyvkiredst.com,1,dga_cluster_44,dga,False,dga
ggdkfedjytby.com,1,dga_cluster_44,dga,False,dga
vm-prod-c70d8582.westeurope.cloudapp.azure.com,0,benign_cloud_instance,benign,True,benign
theoryattracthurrytreestructure.xyz,1,dga_cluster_43,dga,False,dga
progamerz.com,0,tranco_benign,benign,False,benign
m.eurokoupelny.org,0,tranco_benign,benign,False,benign
txt.4vt7qowte7u4ervj.27xacq6kjxgzvwf7pvtlwt.jqiqlraat5wkya6ccacwwek5m4j3etd5v5rvjha.tunnel-poc.com,2,lab_iodine,iodine,True,dns_tunnel
pfsyererwyatanb.io,1,dga_cluster_41,dga,False,dga
m.sexegaulois.net,0,tranco_benign,benign,False,benign
okfjsagabardinedazyx.com,1,dga_cluster_44,dga,False,dga
bookmyopticket.cc,0,tranco_benign,benign,False,benign
auttalk.com,0,tranco_benign,benign,False,benign
super1chat.xyz,0,tranco_benign,benign,False,benign
lviwmachuslazaroqok.com,1,dga_cluster_40,dga,False,dga
oldfoss.com,0,tranco_benign,benign,False,benign
litecommerce.top,0,tranco_benign,benign,False,benign
ine-kafe.co,0,tranco_benign,benign,False,benign
a.ghf2uaoslozropbyx4i2ejucihlqzhidpdiqaoverukh.6v4eprgg6swhvrf3.tunnel-sec.biz,2,lab_iodine,iodine,True,dns_tunnel
rtgx.co,0,tranco_benign,benign,False,benign
mail.sargentofahur.pro,0,tranco_benign,benign,False,benign
loadedweb.biz,0,tranco_benign,benign,False,benign
darkhejmaster.io,0,tranco_benign,benign,False,benign
alliedexpress.com,0,tranco_benign,benign,False,benign
pupett.org,0,tranco_benign,benign,False,benign
login.freeman-pedia.info,0,tranco_benign,benign,False,benign
articledishmixclaimorganized.com,1,dga_cluster_44,dga,False,dga
8wecl774k7ui1mpa1zgarubyt.com,1,dga_cluster_40,dga,False,dga
remembersister.io,1,dga_cluster_43,dga,False,dga
relativelimitedslideinform.net,1,dga_cluster_42,dga,False,dga
therealgamer.com,0,tranco_benign,benign,False,benign
vitamarg.net,0,tranco_benign,benign,False,benign
qczuererwyatanb.me,1,dga_cluster_41,dga,False,dga
lxqifordlinnetavox.xyz,1,dga_cluster_42,dga,False,dga
srv.isnrvjobuojuce7kajbcrle.iiy3ss5u3yv4arwfwmup7uzlh5by3bobcni4c3lsy.tunnel-poc.com,2,lab_iodine,iodine,True,dns_tunnel
supremepanel33.org,0,tranco_benign,benign,False,benign
48fa03fb3500000000f5da7e29fcfff45e63e0ca7d9633ce5eb03a5df7e4.tunnel-com.com,2,original_hex_tunnel,original_tunnel,False,dns_tunnel
2qkbgjzpecukjlfcvktk3injuww0hk3h35qgqzdmmjvgmdqaextym5q.tunnel-info.info,2,original_hex_tunnel,original_tunnel,False,dns_tunnel
porno-sex-xxx.biz,0,tranco_benign,benign,False,benign
login.kristiansand.info,0,tranco_benign,benign,False,benign
279d01ce43f6cc6f8054d600435bc6f6f3.tunnel-com.com,2,original_hex_tunnel,original_tunnel,False,dns_tunnel
83e64a66f2a0f817650bf7932f94d41284b74d85167b92af9.dns-exfil.net,2,lab_dnscat2,dnscat2,True,dns_tunnel
fukunavi.com,0,tranco_benign,benign,False,benign
uhrforum.online,0,tranco_benign,benign,False,benign
realizacezahrad.co,0,tranco_benign,benign,False,benign
www.ctenarskavyzva.xyz,0,tranco_benign,benign,False,benign
eolvxhmtdyofparlf.com,1,dga_cluster_40,dga,False,dga
static.independentage.info,0,tranco_benign,benign,False,benign
thebeardedstag.top,0,tranco_benign,benign,False,benign
enviedechamp.com,0,tranco_benign,benign,False,benign
83net.com,0,tranco_benign,benign,False,benign
cechina.com,0,tranco_benign,benign,False,benign
login.chupchaplelo.me,0,tranco_benign,benign,False,benign
iwantthatflight.com,0,tranco_benign,benign,False,benign
prod-cdn-971.global.ssl.fastly.net,0,benign_cdn,benign,True,benign
ahorasoymama.io,0,tranco_benign,benign,False,benign
build-f87c0a3fe4223.vercel.app,0,benign_hex_service,benign,True,benign
blog.johntreed.com,0,tranco_benign,benign,False,benign
notelessontreesuitaccount.net,1,dga_cluster_43,dga,False,dga
dvaxarsntwf.com,1,dga_cluster_40,dga,False,dga
w3y4e448vijb1wj4ri31fp99ed.com,1,dga_cluster_44,dga,False,dga
codekicker.com,0,tranco_benign,benign,False,benign
oculist.org,0,tranco_benign,benign,False,benign
vm-prod-fd86b381.westeurope.cloudapp.azure.com,0,benign_cloud_instance,benign,True,benign
static.prettygoodgoods.com,0,tranco_benign,benign,False,benign
13f9m3royhatvdvit4z8j8pbe9qhnvckzbc7ixgs6ixn7mvejaziseacy8j4sjzsl.tunnel-net.net,2,original_hex_tunnel,original_tunnel,False,dns_tunnel
avtaotao.biz,0,tranco_benign,benign,False,benign
portal.saocafelagos.xyz,0,tranco_benign,benign,False,benign
glpost.net,0,tranco_benign,benign,False,benign
vdfumachuslazaroqok.com,1,dga_cluster_40,dga,False,dga
pozis.net,0,tranco_benign,benign,False,benign
srv.pbnfnrhgkhosgv2s2.lab-tunnel.org,2,lab_iodine,iodine,True,dns_tunnel
stylebuys.com,0,tranco_benign,benign,False,benign
sortcoastcardmoveclickconfirm.pro,1,dga_cluster_40,dga,False,dga
napolipizza.io,0,tranco_benign,benign,False,benign
240.8.223.230.in-addr.arpa,0,benign_reverse_dns,benign,True,benign
yellowbox.com,0,tranco_benign,benign,False,benign
navoices.info,0,tranco_benign,benign,False,benign
srv.f2mhsnb35r5v2s5cv.majyrx3pxnc6ruduntkne4mskf24bx4pvogb4bstdr6e.ns-data.io,2,lab_iodine,iodine,True,dns_tunnel
boneinvitedistrictpinrequest.net,1,dga_cluster_43,dga,False,dga
enviprofi.co,0,tranco_benign,benign,False,benign
m.melbourne-classifieds.com,0,tranco_benign,benign,False,benign
paaydh2q.tunnel-com.com,2,original_hex_tunnel,original_tunnel,False,dns_tunnel
archaeologynewsnetwork.com,0,tranco_benign,benign,False,benign
balikesir.online,0,tranco_benign,benign,False,benign
trdvfordlinnetavox.org,1,dga_cluster_42,dga,False,dga
login.soundmorph.com,0,tranco_benign,benign,False,benign
boonity.org,0,tranco_benign,benign,False,benign
wfvedwwftruev.com,1,dga_cluster_44,dga,False,dga
payguru.net,0,tranco_benign,benign,False,benign
srv.kmahsh4cwwjumvzvle5rq.wnvxeoevxsvayzbw.gbadtu4jisbvq227naqow6bly2ilb72b2.ns-data.io,2,lab_iodine,iodine,True,dns_tunnel
zbgeererwyatanb.com,1,dga_cluster_41,dga,False,dga
s-shiori.com,0,tranco_benign,benign,False,benign
hackslang.net,0,tranco_benign,benign,False,benign
88.216.175.131.in-addr.arpa,0,benign_reverse_dns,benign,True,benign
elektrodivize.com,0,tranco_benign,benign,False,benign
dadoo.com,0,tranco_benign,benign,False,benign
fivestarvillasandcondos.com,0,tranco_benign,benign,False,benign
9.6.d.2.e.8.e.4.f.7.9.f.2.b.4.2.ip6.arpa,0,benign_reverse_dns,benign,True,benign
build-3f1630d447158.pages.dev,0,benign_hex_service,benign,True,benign
pamafvgi.tunnel-xyz.xyz,2,original_hex_tunnel,original_tunnel,False,dns_tunnel
wqfipartbulkyf.com,1,dga_cluster_40,dga,False,dga
efilmeporno.com,0,tranco_benign,benign,False,benign
potsetfearparkcakeshoeboot.co,1,dga_cluster_40,dga,False,dga
hjcqfordlinnetavox.net,1,dga_cluster_42,dga,False,dga
fipro.info,0,tranco_benign,benign,False,benign
africanbusinesscentral.site,0,tranco_benign,benign,False,benign
api.kameng.com,0,tranco_benign,benign,False,benign
puthiyathalaimurai.com,0,tranco_benign,benign,False,benign
dnscat.9866ad5f.4851c7b8b90783d95513b904b326e0de0b8ee72c1.lab-tunnel.org,2,lab_dnscat2,dnscat2,True,dns_tunnel
auth1.qkl53369hsh110en9o480u4uinds2rfefxm9i7bfty4ovd.tunnel-poc.com,2,lab_dns2tcp,dns2tcp,True,dns_tunnel
vm-prod-05688595.westeurope.cloudapp.azure.com,0,benign_cloud_instance,benign,True,benign
erowapi.org,0,tranco_benign,benign,False,benign
cdn.gaykyai.com,0,tranco_benign,benign,False,benign
hameln.com,0,tranco_benign,benign,False,benign
bourque.net,0,tranco_benign,benign,False,benign
tourisme-midi-pyrenees.net,0,tranco_benign,benign,False,benign
a.ehg7qjsbornsbldpwking.cls2rrs3el4qiakpmdyxyf5tghkqlruuzssv4wpt.kl2lrjc45xfiqrwjr.tunnel-poc.com,2,lab_iodine,iodine,True,dns_tunnel
mail.zigmaz.com,0,tranco_benign,benign,False,benign
prefa-praha.com,0,tranco_benign,benign,False,benign
curvegearlectureloseplace.com,1,dga_cluster_40,dga,False,dga
chowvegan.org,0,tranco_benign,benign,False,benign
videoimpressuseexpressplace.cc,1,dga_cluster_43,dga,False,dga
login.antikvariat-praha.com,0,tranco_benign,benign,False,benign
auth.s-magnit.net,0,tranco_benign,benign,False,benign
corsican-wine.com,0,tranco_benign,benign,False,benign
m.thebureaubelfast.top,0,tranco_benign,benign,False,benign
m.bigrockindiacoupons.biz,0,tranco_benign,benign,False,benign
tonguetroubletowerexperience.site,1,dga_cluster_43,dga,False,dga
zbeemp3.com,0,tranco_benign,benign,False,benign
srv.mtfkfvk7t7pv6t6zsp6bbib4jgiuc54wj46iv2.tunnel-sec.biz,2,lab_iodine,iodine,True,dns_tunnel
m.youyixue.com,0,tranco_benign,benign,False,benign
thirdwanted.com,0,tranco_benign,benign,False,benign
goccuocsong.net,0,tranco_benign,benign,False,benign
oekv.com,0,tranco_benign,benign,False,benign
dnscat.4caa32e5.7f2b41f877a0b2c144076470a387c8b129b019e.ns-data.io,2,lab_dnscat2,dnscat2,True,dns_tunnel
blog.fusterscordoba.io,0,tranco_benign,benign,False,benign
cdn.mauriweb.org,0,tranco_benign,benign,False,benign
direct-invoice.info,0,tranco_benign,benign,False,benign
uwqepartbulkyf.com,1,dga_cluster_40,dga,False,dga
auth4.ivbw25nxk71b1q4k9eowwigx.ns-data.io,2,lab_dns2tcp,dns2tcp,True,dns_tunnel
aricgdfufjgwbp.com,1,dga_cluster_40,dga,False,dga
0aoa7emjram4oherrqy2y145z4aiicyyik0u2jz.tunnel-com.com,2,original_hex_tunnel,original_tunnel,False,dns_tunnel
blgfedwvddou.com,1,dga_cluster_44,dga,False,dga
brreg.info,0,tranco_benign,benign,False,benign
dnscat.0c32cf68.80f9ae048489a4cd181ca4fd87541325d395d67ba813e014ed527b.tunnel-poc.com,2,lab_dnscat2,dnscat2,True,dns_tunnel
xn----btbblq0cfel3g.cc,0,tranco_benign,benign,False,benign
a242-114-163-145.deploy.static.akamaitechnologies.com,0,benign_cdn,benign,True,benign
ygsgpartbulkyf.com,1,dga_cluster_40,dga,False,dga
yventech.top,0,tranco_benign,benign,False,benign
vavrinec.org,0,tranco_benign,benign,False,benign
www.qmobilepk.net,0,tranco_benign,benign,False,benign
vivavoyage.com,0,tranco_benign,benign,False,benign
teppanyaki492.com,0,tranco_benign,benign,False,benign
e8710cf38abcbce32508c6c9ba134edea6.com,1,dga_cluster_44,dga,False,dga
copradar.com,0,tranco_benign,benign,False,benign
cdn-cache-d4a4dd0a.cf-ipfs.com,0,benign_cdn,benign,True,benign
srtlink.org,0,tranco_benign,benign,False,benign
paqagi1a.tunnel-com.com,2,original_hex_tunnel,original_tunnel,False,dns_tunnel
addpg.io,0,tranco_benign,benign,False,benign
yqktanarianaqh.co,1,dga_cluster_40,dga,False,dga
fetishhotels.info,0,tranco_benign,benign,False,benign
fenghedc.online,0,tranco_benign,benign,False,benign
game2buy.xyz,0,tranco_benign,benign,False,benign
www.younglifestore.xyz,0,tranco_benign,benign,False,benign
ceskelazenstvi.top,0,tranco_benign,benign,False,benign
topright.top,0,tranco_benign,benign,False,benign
lostileungioco.com,0,tranco_benign,benign,False,benign
150.163.245.46.in-addr.arpa,0,benign_reverse_dns,benign,True,benign
ireconcile.com,0,tranco_benign,benign,False,benign
api.proxyno2.com,0,tranco_benign,benign,False,benign
mail.xn--24-clcq8ahd.online,0,tranco_benign,benign,False,benign
wolfweb.com,0,tranco_benign,benign,False,benign
fooddemocracynow.xyz,0,tranco_benign,benign,False,benign
prod-cdn-882.global.ssl.fastly.net,0,benign_cdn,benign,True,benign
sizecarryattemptscorerent.site,1,dga_cluster_43,dga,False,dga
jieqi.com,0,tranco_benign,benign,False,benign
saatcy.net,0,tranco_benign,benign,False,benign
0qkawfqce0yof0qgmmopdknybf1f02mxojaskzkkt2jecajmveqngcscfenxbv.tunnel-io.io,2,original_hex_tunnel,original_tunnel,False,dns_tunnel
a.a7q5xpsko6u5c2zgeplsucifo.ns-data.io,2,lab_iodine,iodine,True,dns_tunnel
ironandresin.info,0,tranco_benign,benign,False,benign
ppnxfordlinnetavox.com,1,dga_cluster_42,dga,False,dga
batdisappointedresulttie.net,1,dga_cluster_43,dga,False,dga
kneeshapeconfirmsupposemark.com,1,dga_cluster_40,dga,False,dga
www.autohoudek.net,0,tranco_benign,benign,False,benign
mrtakeoutbags.com,0,tranco_benign,benign,False,benign
hispamicro.com,0,tranco_benign,benign,False,benign
auth1.zuhhqcb40xrrx1p4bkg6jqzszg763ikkkj686j.lab-tunnel.org,2,lab_dns2tcp,dns2tcp,True,dns_tunnel
374a01c3143a75ae1b86aa003704304523.tunnel-com.com,2,original_hex_tunnel,original_tunnel,False,dns_tunnel
ieftine.com,0,tranco_benign,benign,False,benign
galeracluster.com,0,tranco_benign,benign,False,benign
auth6.nhxt0o9hd2radx7tg5yotz5pky2npvgz4wiznd1petqx1rydu.ns-data.io,2,lab_dns2tcp,dns2tcp,True,dns_tunnel
autosklodurdik.top,0,tranco_benign,benign,False,benign
dryoererwyatanb.com,1,dga_cluster_41,dga,False,dga
ksrgererwyatanb.top,1,dga_cluster_41,dga,False,dga
tmobilezone.com,0,tranco_benign,benign,False,benign
paypal-media.org,0,tranco_benign,benign,False,benign
ecyyfordlinnetavox.me,1,dga_cluster_42,dga,False,dga
tamilchristianmp3.com,0,tranco_benign,benign,False,benign
finaland.net,0,tranco_benign,benign,False,benign
elektro-jordan.xyz,0,tranco_benign,benign,False,benign
tucapital.org,0,tranco_benign,benign,False,benign
legendaryfind.com,0,tranco_benign,benign,False,benign
wabvererwyatanb.com,1,dga_cluster_41,dga,False,dga
a.f.c.6.0.e.a.9.4.7.e.c.2.a.8.f.ip6.arpa,0,benign_reverse_dns,benign,True,benign
vm-prod-2eeb0077.westeurope.cloudapp.azure.com,0,benign_cloud_instance,benign,True,benign
waiheke.org,0,tranco_benign,benign,False,benign
build-1be7977b.pages.dev,0,benign_hex_service,benign,True,benign
jfiqliolvar.com,1,dga_cluster_40,dga,False,dga
mextrotter.io,0,tranco_benign,benign,False,benign
openmall.com,0,tranco_benign,benign,False,benign
auth.startupbusiness.com,0,tranco_benign,benign,False,benign
www.isimler.me,0,tranco_benign,benign,False,benign
orangeinfo.net,0,tranco_benign,benign,False,benign
e-luk.com,0,tranco_benign,benign,False,benign
cmt-shop.co,0,tranco_benign,benign,False,benign
vucms.com,0,tranco_benign,benign,False,benign
paiac3ti.tunnel-xyz.xyz,2,original_hex_tunnel,original_tunnel,False,dns_tunnel
iqqyfordlinnetavox.com,1,dga_cluster_42,dga,False,dga
mail.sansilvestrevallecana.com,0,tranco_benign,benign,False,benign
nxorsagabardinedazyx.cc,1,dga_cluster_44,dga,False,dga
auth.zoofiliataboo.net,0,tranco_benign,benign,False,benign
auth0.g0zi8gicddp29r6qokpbucmatl0uqn6.lab-tunnel.org,2,lab_dns2tcp,dns2tcp,True,dns_tunnel
auth.tourismebretagne.com,0,tranco_benign,benign,False,benign
ltmkpartbulkyf.com,1,dga_cluster_40,dga,False,dga
asdonline.cc,0,tranco_benign,benign,False,benign
auth.poetryfashion.info,0,tranco_benign,benign,False,benign
hum.net,0,tranco_benign,benign,False,benign
almahrosatoday.com,0,tranco_benign,benign,False,benign
iaqsource.org,0,tranco_benign,benign,False,benign
login.abuniverse.co,0,tranco_benign,benign,False,benign
yottau.com,0,tranco_benign,benign,False,benign
gqjssagabardinedazyx.com,1,dga_cluster_44,dga,False,dga
ddgasagabardinedazyx.com,1,dga_cluster_44,dga,False,dga
24days.site,0,tranco_benign,benign,False,benign
rbtqererwyatanb.com,1,dga_cluster_41,dga,False,dga
portal.photogirl.site,0,tranco_benign,benign,False,benign
ikykfordlinnetavox.site,1,dga_cluster_42,dga,False,dga
voledaf.com,1,dga_cluster_44,dga,False,dga
theplanetd.net,0,tranco_benign,benign,False,benign
164-200-236-48.bc.googleusercontent.com,0,benign_cloud_instance,benign,True,benign
detoxikace-homeopatie.net,0,tranco_benign,benign,False,benign
e-trendy.top,0,tranco_benign,benign,False,benign
tis-systems.com,0,tranco_benign,benign,False,benign
paeqgf2y.tunnel-com.com,2,original_hex_tunnel,original_tunnel,False,dns_tunnel
auth.industrialnitopografie.org,0,tranco_benign,benign,False,benign
m.higesori-club.com,0,tranco_benign,benign,False,benign
www.edutopia.com,0,tranco_benign,benign,False,benign
cdn.gonzalo-alonso.com,0,tranco_benign,benign,False,benign
dev.maquinadetrafego.net,0,tranco_benign,benign,False,benign
tldccvlgledg.com,1,dga_cluster_44,dga,False,dga
ekonika.com,0,tranco_benign,benign,False,benign
m.hngzx.biz,0,tranco_benign,benign,False,benign
autofiles.io,0,tranco_benign,benign,False,benign
akidoki.org,0,tranco_benign,benign,False,benign
shop.gewerbe-meldung.io,0,tranco_benign,benign,False,benign
dev.dogoffice.org,0,tranco_benign,benign,False,benign
auth8.h2wwdmpjtrartu4y42fittbhdmzlrry71trxtg2bc.tunnel-poc.com,2,lab_dns2tcp,dns2tcp,True,dns_tunnel
blog.magiconlinebanking.com,0,tranco_benign,benign,False,benign
m.truaudio.com,0,tranco_benign,benign,False,benign
fteyfordlinnetavox.com,1,dga_cluster_42,dga,False,dga
1.4.0.b.4.b.1.9.9.4.0.c.3.a.2.8.ip6.arpa,0,benign_reverse_dns,benign,True,benign
vape-japan.com,0,tranco_benign,benign,False,benign
mugupartbulkyf.com,1,dga_cluster_40,dga,False,dga
shop.6m5m.org,0,tranco_benign,benign,False,benign
gomo.io,0,tranco_benign,benign,False,benign
a.c.d.0.0.3.8.1.4.2.c.a.f.7.4.0.ip6.arpa,0,benign_reverse_dns,benign,True,benign
pamafuti.tunnel-com.com,2,original_hex_tunnel,original_tunnel,False,dns_tunnel
aspen4browser.com,0,tranco_benign,benign,False,benign
kmkwfordlinnetavox.com,1,dga_cluster_42,dga,False,dga
theoutlawway.top,0,tranco_benign,benign,False,benign
paeageyy.tunnel-com.com,2,original_hex_tunnel,original_tunnel,False,dns_tunnel
solverusa.info,0,tranco_benign,benign,False,benign
tfmlfordlinnetavox.com,1,dga_cluster_42,dga,False,dga
avokaduh.io,0,tranco_benign,benign,False,benign
plusline.net,0,tranco_benign,benign,False,benign
grossiste-en-ligne.net,0,tranco_benign,benign,False,benign
zasl3x83p2p581edbh.com,1,dga_cluster_44,dga,False,dga
abaresearch.org,0,tranco_benign,benign,False,benign
zraxmachuslazaroqok.com,1,dga_cluster_40,dga,False,dga
qkvwsagabardinedazyx.com,1,dga_cluster_44,dga,False,dga
shop.prizebond.io,0,tranco_benign,benign,False,benign
giropb.io,0,tranco_benign,benign,False,benign
0iaabpdnggyhambygkyai4elhkydqmc4ftsbfydeajremdqgc55nn0yzta3qwv.tunnel-com.com,2,original_hex_tunnel,original_tunnel,False,dns_tunnel
srv.b7ujhucdzxqdwjd5jo.tunnel-poc.com,2,lab_iodine,iodine,True,dns_tunnel
icpzsagabardinedazyx.com,1,dga_cluster_44,dga,False,dga
creamcatchchannelpersuade.com,1,dga_cluster_41,dga,False,dga
build-d3f401b276b29bc.azurewebsites.net,0,benign_hex_service,benign,True,benign
ec2-138-139-13-25.compute-1.amazonaws.com,0,benign_cloud_instance,benign,True,benign
ateliersetsaveurs.cc,0,tranco_benign,benign,False,benign
static.lv7.com,0,tranco_benign,benign,False,benign
c08103ab1900000000e9a1226aa440801c4ef1750d9bd86f2c80d72e4774.tunnel-com.com,2,original_hex_tunnel,original_tunnel,False,dns_tunnel
oqlimachuslazaroqok.com,1,dga_cluster_40,dga,False,dga
drdnmachuslazaroqok.com,1,dga_cluster_40,dga,False,dga
rethinkdb.com,0,tranco_benign,benign,False,benign
radradio.info,0,tranco_benign,benign,False,benign
in-spodni-pradlo.site,0,tranco_benign,benign,False,benign
www.divergenttravelers.org,0,tranco_benign,benign,False,benign
pafynkqi.tunnel-com.com,2,original_hex_tunnel,original_tunnel,False,dns_tunnel
portal.empregandovale.online,0,tranco_benign,benign,False,benign
areukqk67cyc49iqp62k17eyb48aziyb58gvp32.com,1,dga_cluster_40,dga,False,dga
hkmsnz.net,0,tranco_benign,benign,False,benign
blog.karkasniedoma.com,0,tranco_benign,benign,False,benign
portal.csch-louny.org,0,tranco_benign,benign,False,benign
auth5.b5hbfexruwaz3oxjqdtvamnnfid56cht4fpbqsan.tunnel-poc.com,2,lab_dns2tcp,dns2tcp,True,dns_tunnel
sicqearu.com,1,dga_cluster_40,dga,False,dga
blog.pactimo.site,0,tranco_benign,benign,False,benign
xjrqsagabardinedazyx.com,1,dga_cluster_44,dga,False,dga
mbbjivwjedhi.com,1,dga_cluster_44,dga,False,dga
guzova.com,0,tranco_benign,benign,False,benign
paprikolu.com,0,tranco_benign,benign,False,benign
mail.nobonusaffiliates.net,0,tranco_benign,benign,False,benign
spcollege.com,0,tranco_benign,benign,False,benign
0ufbipdnggyhambygkyailhqolqhaydmgfqzfydeajremdqgont4liimnqny5t.tunnel-com.com,2,original_hex_tunnel,original_tunnel,False,dns_tunnel
txt.ricc4xvi654ytispbd5sbndjn4qdke5ivwi.lj4y3lk3zrect5bv2lwe4az.ns-data.io,2,lab_iodine,iodine,True,dns_tunnel
diariodopoder.com,0,tranco_benign,benign,False,benign
xlansagabardinedazyx.co,1,dga_cluster_44,dga,False,dga
cheapwindowsvps.com,0,tranco_benign,benign,False,benign
myungdong.biz,0,tranco_benign,benign,False,benign
fotodewasa.org,0,tranco_benign,benign,False,benign
aifiorinyc.net,0,tranco_benign,benign,False,benign
zs-olesska.biz,0,tranco_benign,benign,False,benign
flip.org,0,tranco_benign,benign,False,benign
fanextra.com,0,tranco_benign,benign,False,benign
dvwlfordlinnetavox.com,1,dga_cluster_42,dga,False,dga
m.akara.com,0,tranco_benign,benign,False,benign
paaqjiwa.tunnel-io.io,2,original_hex_tunnel,original_tunnel,False,dns_tunnel
shop.orechovubrna.com,0,tranco_benign,benign,False,benign
rnvusagabardinedazyx.com,1,dga_cluster_44,dga,False,dga
ghlgames.biz,0,tranco_benign,benign,False,benign
txt.bratymtfgwz37owcimxjepm.gzcgmd25ihp7xcq5.i3tpbrumgqk3r47wdzkm7lmn6ivqtkuhrm.lab-tunnel.org,2,lab_iodine,iodine,True,dns_tunnel
onkogyn.net,0,tranco_benign,benign,False,benign
oqrpfordlinnetavox.xyz,1,dga_cluster_42,dga,False,dga
xnfkpartbulkyf.com,1,dga_cluster_40,dga,False,dga
api.kurskcity.org,0,tranco_benign,benign,False,benign
build-3314006a86c.azurewebsites.net,0,benign_hex_service,benign,True,benign
92.135.149.146.in-addr.arpa,0,benign_reverse_dns,benign,True,benign
sxnigkpwmtarbix.com,1,dga_cluster_40,dga,False,dga
eletrobras.com,0,tranco_benign,benign,False,benign
vm-prod-ee70bf0f.westeurope.cloudapp.azure.com,0,benign_cloud_instance,benign,True,benign
psiberdata.com,0,tranco_benign,benign,False,benign
reimastercardoffers.info,0,tranco_benign,benign,False,benign
tbydererwyatanb.biz,1,dga_cluster_41,dga,False,dga
wszlererwyatanb.com,1,dga_cluster_41,dga,False,dga
portal.usejquery.org,0,tranco_benign,benign,False,benign
kemixedyjip.com,1,dga_cluster_44,dga,False,dga
themeawesome.cc,0,tranco_benign,benign,False,benign
shop.sugarmamma.xyz,0,tranco_benign,benign,False,benign
pamafu5i.tunnel-net.net,2,original_hex_tunnel,original_tunnel,False,dns_tunnel
aijmererwyatanb.com,1,dga_cluster_41,dga,False,dga
apolinar.info,0,tranco_benign,benign,False,benign
fleurity.online,0,tranco_benign,benign,False,benign
joba.net,0,tranco_benign,benign,False,benign
eurofun.biz,0,tranco_benign,benign,False,benign
escolafactum.com,0,tranco_benign,benign,False,benign
wcmuererwyatanb.com,1,dga_cluster_41,dga,False,dga
netcombotv.org,0,tranco_benign,benign,False,benign
kcsr.net,0,tranco_benign,benign,False,benign
shop.qooi.org,0,tranco_benign,benign,False,benign
stavebni-bazar-online.xyz,0,tranco_benign,benign,False,benign
ekcwererwyatanb.com,1,dga_cluster_41,dga,False,dga
brcjsagabardinedazyx.com,1,dga_cluster_44,dga,False,dga
bounzd.com,0,tranco_benign,benign,False,benign
1qneu2915ar7t1ceaxz5flp69a.com,1,dga_cluster_40,dga,False,dga
jtrwererwyatanb.io,1,dga_cluster_41,dga,False,dga
auth6.dmdv7bv5vdeoudivqnyhdbl0h3yv9svlp8pxdducm1e.tunnel-sec.biz,2,lab_dns2tcp,dns2tcp,True,dns_tunnel
iwdwmachuslazaroqok.com,1,dga_cluster_40,dga,False,dga
auth0.xp0yfw84ziz1bv8205882ynsw7jh9oqlak7eucz5rmwkm0.dns-exfil.net,2,lab_dns2tcp,dns2tcp,True,dns_tunnel
202-166-99-31.bc.googleusercontent.com,0,benign_cloud_instance,benign,True,benign
youdroop.com,0,tranco_benign,benign,False,benign
vip-ai.com,0,tranco_benign,benign,False,benign
auth7.kblyapx1ukmc6tjvc4twcwfnbfz9i5qpi321l5g0gl.tunnel-poc.com,2,lab_dns2tcp,dns2tcp,True,dns_tunnel
cpliga.com,0,tranco_benign,benign,False,benign
af9499f14becaf4ea77305b7714acce90d0f9.ns-data.io,2,lab_dnscat2,dnscat2,True,dns_tunnel
www.careernewsonline.net,0,tranco_benign,benign,False,benign
login.figurerealm.com,0,tranco_benign,benign,False,benign
ikcr.com,0,tranco_benign,benign,False,benign
nzvkererwyatanb.com,1,dga_cluster_41,dga,False,dga
auth8.g4farhtrsfrncc1j67i8qwjpfgd91k6p8fkt.ns-data.io,2,lab_dns2tcp,dns2tcp,True,dns_tunnel
iskuererwyatanb.com,1,dga_cluster_41,dga,False,dga
prod-cdn-709.global.ssl.fastly.net,0,benign_cdn,benign,True,benign
radionorba.org,0,tranco_benign,benign,False,benign
auth.imageskincare.xyz,0,tranco_benign,benign,False,benign
rhein-neckar-stars.com,0,tranco_benign,benign,False,benign
7d510122730227624e4d6600068e974068dbe84d8e816d32b4529ac8fd4a.tunnel-biz.biz,2,original_hex_tunnel,original_tunnel,False,dns_tunnel
auth3.4mtma07mtltaeyk8946s39pu.tunnel-poc.com,2,lab_dns2tcp,dns2tcp,True,dns_tunnel
for21.cc,0,tranco_benign,benign,False,benign
mokusei-kukan.com,0,tranco_benign,benign,False,benign
qckoererwyatanb.co,1,dga_cluster_41,dga,False,dga
mediaseru.site,0,tranco_benign,benign,False,benign
iontoforeza-proti-poceni.net,0,tranco_benign,benign,False,benign
182.161.103.37.in-addr.arpa,0,benign_reverse_dns,benign,True,benign
build-fe708932.github.io,0,benign_hex_service,benign,True,benign
static.rawhoverboards.org,0,tranco_benign,benign,False,benign
saaifordlinnetavox.com,1,dga_cluster_42,dga,False,dga
build-fad5eecb.vercel.app,0,benign_hex_service,benign,True,benign
www.volvooceanracelisboa.co,0,tranco_benign,benign,False,benign
ec2-92-103-10-23.compute-1.amazonaws.com,0,benign_cloud_instance,benign,True,benign
wardrecords.io,0,tranco_benign,benign,False,benign
dotexpressway.org,0,tranco_benign,benign,False,benign
vulcans.com,0,tranco_benign,benign,False,benign
anlqdqmedxxthphac.com,1,dga_cluster_44,dga,False,dga
doxicity.com,0,tranco_benign,benign,False,benign
b031c34170269b92ce0612d606761d000c3740ad1df53781fb587737dd42.tunnel-poc.com,2,lab_dnscat2,dnscat2,True,dns_tunnel
kingdom-leaks.com,0,tranco_benign,benign,False,benign
lfizererwyatanb.net,1,dga_cluster_41,dga,False,dga
d-amm21.com,0,tranco_benign,benign,False,benign
7ed601c8ca5939cef32c3c00d1d8b20b2d.tunnel-site.site,2,original_hex_tunnel,original_tunnel,False,dns_tunnel
historysinklawyergathertaste.cc,1,dga_cluster_43,dga,False,dga
login.smartly.net,0,tranco_benign,benign,False,benign
aaua.com,0,tranco_benign,benign,False,benign
stadtbau-wuerzburg.com,0,tranco_benign,benign,False,benign
ukulelemag.com,0,tranco_benign,benign,False,benign
selfpackaging.co,0,tranco_benign,benign,False,benign
nhmshop.org,0,tranco_benign,benign,False,benign
api.calyxis.co,0,tranco_benign,benign,False,benign
dev.senior.com,0,tranco_benign,benign,False,benign
sivoererwyatanb.com,1,dga_cluster_41,dga,False,dga
anonopshispano.com,0,tranco_benign,benign,False,benign
prod-cdn-513.global.ssl.fastly.net,0,benign_cdn,benign,True,benign
nlrimachuslazaroqok.com,1,dga_cluster_40,dga,False,dga
sarahpetrunoshamanism.info,0,tranco_benign,benign,False,benign
bestiariusz.com,0,tranco_benign,benign,False,benign
mannus.com,0,tranco_benign,benign,False,benign
owlsports.org,0,tranco_benign,benign,False,benign
build-93d02a87342.azurewebsites.net,0,benign_hex_service,benign,True,benign
22d501c31410d2da1c2123000c2884af9a.tunnel-com.com,2,original_hex_tunnel,original_tunnel,False,dns_tunnel
api.harjonpolyester.online,0,tranco_benign,benign,False,benign
bpicviarhagi.com,1,dga_cluster_40,dga,False,dga
static.pinkpony.com,0,tranco_benign,benign,False,benign
ruby-log.online,0,tranco_benign,benign,False,benign
ocpl.com,0,tranco_benign,benign,False,benign
en-charente-maritime.com,0,tranco_benign,benign,False,benign
maslandcarpets.com,0,tranco_benign,benign,False,benign
bloghelpline.com,0,tranco_benign,benign,False,benign
4iqafummyaqhdaqfyqyqqcakbefqrcujzp.tunnel-info.info,2,original_hex_tunnel,original_tunnel,False,dns_tunnel
build-83213eae.pages.dev,0,benign_hex_service,benign,True,benign
xarqvqvexlko.com,1,dga_cluster_40,dga,False,dga
prod-cdn-953.global.ssl.fastly.net,0,benign_cdn,benign,True,benign
mucoererwyatanb.com,1,dga_cluster_41,dga,False,dga
1w5o2co7jmkd2vf635lched8j.com,1,dga_cluster_44,dga,False,dga
itcom.com,0,tranco_benign,benign,False,benign
realstudy.org,0,tranco_benign,benign,False,benign
cdn.atamura.com,0,tranco_benign,benign,False,benign
sjhdedsupvu.com,1,dga_cluster_44,dga,False,dga
chat-de.info,0,tranco_benign,benign,False,benign
webdesignnycity.com,0,tranco_benign,benign,False,benign
eonlinebill.net,0,tranco_benign,benign,False,benign
fct.com,0,tranco_benign,benign,False,benign
deflaw.com,0,tranco_benign,benign,False,benign
nfhefordlinnetavox.com,1,dga_cluster_42,dga,False,dga
static.iftra.com,0,tranco_benign,benign,False,benign
fmkyyed.com,1,dga_cluster_44,dga,False,dga
minutoneuquen.com,0,tranco_benign,benign,False,benign
cylex-france.net,0,tranco_benign,benign,False,benign
itsmuzikal.xyz,0,tranco_benign,benign,False,benign
la-confidential-magazine.net,0,tranco_benign,benign,False,benign
txt.j5osnwwa3aiuyfqjn55q33.lab-tunnel.org,2,lab_iodine,iodine,True,dns_tunnel
bedkxqbfubjm.com,1,dga_cluster_44,dga,False,dga
languagelistpieceguardcake.com,1,dga_cluster_40,dga,False,dga
smsreson.com,0,tranco_benign,benign,False,benign
lacavepatrimoniale.com,0,tranco_benign,benign,False,benign
vtxlererwyatanb.com,1,dga_cluster_41,dga,False,dga
v4.hza3vfjzompezk5r6wbqxbor.vf6aa3zflke3ucu3yj.lab-tunnel.org,2,lab_iodine,iodine,True,dns_tunnel
buddyhosted.com,0,tranco_benign,benign,False,benign
jpdxererwyatanb.top,1,dga_cluster_41,dga,False,dga
rad-blackmoral.com,0,tranco_benign,benign,False,benign
slicepartwererewardsleep.com,1,dga_cluster_41,dga,False,dga
auth.olagossip.info,0,tranco_benign,benign,False,benign
0cc697b32d1b369d092638a421b6939b7da7eb6186fee05435d73969fbc073f1.ns-data.io,2,lab_dnscat2,dnscat2,True,dns_tunnel
pamafsjq.tunnel-com.com,2,original_hex_tunnel,original_tunnel,False,dns_tunnel
agnnfordlinnetavox.com,1,dga_cluster_42,dga,False,dga
auth5.z4cy2f8k1rlzvtkagjtoefn49bcojcfta.tunnel-sec.biz,2,lab_dns2tcp,dns2tcp,True,dns_tunnel
blog.liebe-drama-wahnsinn.com,0,tranco_benign,benign,False,benign
onlineshoppingdeals.net,0,tranco_benign,benign,False,benign
holeadaptclerkneckbarcatch.com,1,dga_cluster_40,dga,False,dga
auth3.qtng1y3eefjyfn7f3wcm5a7gs0mgnxk0zuj069xu8so.ns-data.io,2,lab_dns2tcp,dns2tcp,True,dns_tunnel
null.4mgztf4h2gupk2r7lrmgcr4zwsjeyp32ifjjaxpph.c3bcdmkcqfgr3whuezlxxgnjcba.vh65iqboufs2kjbtm3s4ykflpbdjaxhqj6hcejww63.lab-tunnel.org,2,lab_iodine,iodine,True,dns_tunnel
oldrichhlavsa.io,0,tranco_benign,benign,False,benign
build-e3dde43b43c.azurewebsites.net,0,benign_hex_service,benign,True,benign
moncheribridals.com,0,tranco_benign,benign,False,benign
roseseventoseformaturas.com,0,tranco_benign,benign,False,benign
sanwacompany.info,0,tranco_benign,benign,False,benign
tp-linkshop.info,0,tranco_benign,benign,False,benign
zrosmachuslazaroqok.com,1,dga_cluster_40,dga,False,dga
vm-prod-24a4a5db.westeurope.cloudapp.azure.com,0,benign_cloud_instance,benign,True,benign
wakadaishou.io,0,tranco_benign,benign,False,benign
auth6.5dw9jiqd8nq7vy7ei3dw75ewnyeegixw.tunnel-poc.com,2,lab_dns2tcp,dns2tcp,True,dns_tunnel
kievmed.com,0,tranco_benign,benign,False,benign
healthwyse.com,0,tranco_benign,benign,False,benign
oggitreviso.com,0,tranco_benign,benign,False,benign
banglaebooksclassics.org,0,tranco_benign,benign,False,benign
vm-prod-d2e6d2f8.westeurope.cloudapp.azure.com,0,benign_cloud_instance,benign,True,benign
paaaptqi.tunnel-io.io,2,original_hex_tunnel,original_tunnel,False,dns_tunnel
xrgkererwyatanb.com,1,dga_cluster_41,dga,False,dga
masasi.xyz,0,tranco_benign,benign,False,benign
filesee.top,0,tranco_benign,benign,False,benign
erinsayssew.com,0,tranco_benign,benign,False,benign
podbbang.online,0,tranco_benign,benign,False,benign
api.sokoldal.net,0,tranco_benign,benign,False,benign
build-fc22a69e39d95.github.io,0,benign_hex_service,benign,True,benign
xnmsererwyatanb.top,1,dga_cluster_41,dga,False,dga
dev.alisamichelle.com,0,tranco_benign,benign,False,benign
blog.gigolowork.com,0,tranco_benign,benign,False,benign
hinhanhdep.org,0,tranco_benign,benign,False,benign
api.internetkassa.site,0,tranco_benign,benign,False,benign
dalevillealabamakitchens.com,0,tranco_benign,benign,False,benign
cumulusnimbus.com,0,tranco_benign,benign,False,benign
tackledirect.cc,0,tranco_benign,benign,False,benign
serpadres.online,0,tranco_benign,benign,False,benign
pamafuxy.tunnel-io.io,2,original_hex_tunnel,original_tunnel,False,dns_tunnel
parkdiefloorlandscapepress.com,1,dga_cluster_40,dga,False,dga
bntffordlinnetavox.org,1,dga_cluster_42,dga,False,dga
kianet.xyz,0,tranco_benign,benign,False,benign
api.kobe-clv.pro,0,tranco_benign,benign,False,benign
meatdesign.info,0,tranco_benign,benign,False,benign
ghazal-moaaser.net,0,tranco_benign,benign,False,benign
go4sharepoint.org,0,tranco_benign,benign,False,benign
auth8.cc32tjjgatfat4qt6omq4a5wa63.ns-data.io,2,lab_dns2tcp,dns2tcp,True,dns_tunnel
blog.sws16.net,0,tranco_benign,benign,False,benign
rinsemall.cc,0,tranco_benign,benign,False,benign
smartik.com,0,tranco_benign,benign,False,benign
facturadirecta.co,0,tranco_benign,benign,False,benign
failforum.net,0,tranco_benign,benign,False,benign
caririemacao.org,0,tranco_benign,benign,False,benign
static.vgamerz.com,0,tranco_benign,benign,False,benign
netas.com,0,tranco_benign,benign,False,benign
bxbrererwyatanb.com,1,dga_cluster_41,dga,False,dga
rentrelyreserverealizesuck.io,1,dga_cluster_43,dga,False,dga
kufotueefeds.com,1,dga_cluster_44,dga,False,dga
e-registration.com,0,tranco_benign,benign,False,benign
72xn5erkjkpaco9ckdfvzbmvvzzby3ukk41b6rtz8gq3vi6zta-znj6xuqxpas-1c.tunnel-xyz.xyz,2,original_hex_tunnel,original_tunnel,False,dns_tunnel
anonpublico.online,0,tranco_benign,benign,False,benign
dbenererwyatanb.com,1,dga_cluster_41,dga,False,dga
www.housecleaningcentral.org,0,tranco_benign,benign,False,benign
shop.wwwpromoter.org,0,tranco_benign,benign,False,benign
build-bf054e4ac31.github.io,0,benign_hex_service,benign,True,benign
15ix8vugbsietzta6s9ureukmabhmxoi-h79xmbwpydifoayzxfft3ilpaap4p7ps.tunnel-com.com,2,original_hex_tunnel,original_tunnel,False,dns_tunnel
okhpererwyatanb.com,1,dga_cluster_41,dga,False,dga
dev.hookedgamers.com,0,tranco_benign,benign,False,benign
cuiupartbulkyf.com,1,dga_cluster_40,dga,False,dga
balonovyhotel.com,0,tranco_benign,benign,False,benign
bcz.com,0,tranco_benign,benign,False,benign
bdrzererwyatanb.info,1,dga_cluster_41,dga,False,dga
v4.dm7pueluriw6bgqtakvlc5mtcka7j2d4xh4ru7d.tunnel-poc.com,2,lab_iodine,iodine,True,dns_tunnel
aotqfordlinnetavox.com,1,dga_cluster_42,dga,False,dga
mail.afchine.com,0,tranco_benign,benign,False,benign
osbyererwyatanb.com,1,dga_cluster_41,dga,False,dga
nllrpartbulkyf.com,1,dga_cluster_40,dga,False,dga
illusionbox.co,0,tranco_benign,benign,False,benign
cacyfordlinnetavox.co,1,dga_cluster_42,dga,False,dga
kyrfererwyatanb.online,1,dga_cluster_41,dga,False,dga
phasespiritrepairlessonreduce.net,1,dga_cluster_43,dga,False,dga
cdn.gty.com,0,tranco_benign,benign,False,benign
dnscat.7eaae7e5.018ae8b8a070709e54710f7.tunnel-sec.biz,2,lab_dnscat2,dnscat2,True,dns_tunnel
tvking.com,0,tranco_benign,benign,False,benign
paulman.com,0,tranco_benign,benign,False,benign
pornofrango.com,0,tranco_benign,benign,False,benign
auth7.9y8sj4wsukyrq86t01ik9341pb80rkha1cre4pe6.lab-tunnel.org,2,lab_dns2tcp,dns2tcp,True,dns_tunnel
auth8.p1z2vr4621db98jub33hq4zzqitc9029k7xx.lab-tunnel.org,2,lab_dns2tcp,dns2tcp,True,dns_tunnel
nulogy.com,0,tranco_benign,benign,False,benign
usicllc.org,0,tranco_benign,benign,False,benign
hobbyzahrada.pro,0,tranco_benign,benign,False,benign
uxnnyjkphrvctuurstaarzz.com,1,dga_cluster_40,dga,False,dga
m.formulaz.org,0,tranco_benign,benign,False,benign
m.famzn.com,0,tranco_benign,benign,False,benign
mobilysim.com,0,tranco_benign,benign,False,benign
netpromoter.net,0,tranco_benign,benign,False,benign
i-dio.net,0,tranco_benign,benign,False,benign
api.dns-vip.io,0,tranco_benign,benign,False,benign
tube-group.biz,0,tranco_benign,benign,False,benign
ssri.com,0,tranco_benign,benign,False,benign
armstringgroundfearrefuse.com,1,dga_cluster_40,dga,False,dga
hrrbpartbulkyf.com,1,dga_cluster_40,dga,False,dga
auth6.ozr3trxou7trmy5vc261ldpsqvf8i.ns-data.io,2,lab_dns2tcp,dns2tcp,True,dns_tunnel
dnscat.89330bc4.1bbcd1d3aad639908ba84903baf61ca5a1a768adae3085a8441287.lab-tunnel.org,2,lab_dnscat2,dnscat2,True,dns_tunnel
caminogeek.com,0,tranco_benign,benign,False,benign
higawari-title.com,0,tranco_benign,benign,False,benign
portal.pozemkovyspolek.com,0,tranco_benign,benign,False,benign
chocolatteaddict.org,0,tranco_benign,benign,False,benign
232.207.131.130.in-addr.arpa,0,benign_reverse_dns,benign,True,benign
3eaa9pdnggyhambygkyby5rhmnambkgyp4h2xaar4x455535tlm3q22ykzd132.tunnel-online.online,2,original_hex_tunnel,original_tunnel,False,dns_tunnel
rad-community.com,0,tranco_benign,benign,False,benign
switchestablishappreciate.net,1,dga_cluster_43,dga,False,dga
foodcoachnyc.org,0,tranco_benign,benign,False,benign
auth6.blxuhjmxkypn4r01smpfljhlb8n.ns-data.io,2,lab_dns2tcp,dns2tcp,True,dns_tunnel
a.nljiieolhn34r2sj7cbvpufjgugtiuyoocgcy.l6zuv7sa3zeno3cjqd6bjgrkjfdz4rulhj3kzndd.dns-exfil.net,2,lab_iodine,iodine,True,dns_tunnel
pomadeclub.com,0,tranco_benign,benign,False,benign
mylekarze.org,0,tranco_benign,benign,False,benign
necksheltergenerateshoot.biz,1,dga_cluster_43,dga,False,dga
1a5b9abmn2cuw.tunnel-org.org,2,original_hex_tunnel,original_tunnel,False,dns_tunnel
fortunewasawardinstalldevelop.com,1,dga_cluster_40,dga,False,dga
aprireazienda.biz,0,tranco_benign,benign,False,benign
vleefordlinnetavox.biz,1,dga_cluster_42,dga,False,dga
taediwgddkavfy.com,1,dga_cluster_44,dga,False,dga
dd4888b55341d71.cloudfront.net,0,benign_cdn,benign,True,benign
eswymachuslazaroqok.com,1,dga_cluster_40,dga,False,dga
fontflame.org,0,tranco_benign,benign,False,benign
asiabriefing.com,0,tranco_benign,benign,False,benign
nfprmachuslazaroqok.com,1,dga_cluster_40,dga,False,dga
pinkorbule.com,0,tranco_benign,benign,False,benign
ngsmidias.com,0,tranco_benign,benign,False,benign
dnscat.5355e2f6.e12f277b096b5d2acc34eed2397ec46bd3.lab-tunnel.org,2,lab_dnscat2,dnscat2,True,dns_tunnel
qunee.io,0,tranco_benign,benign,False,benign
zxcqsagabardinedazyx.com,1,dga_cluster_44,dga,False,dga
wdhylardegxdqgvr.com,1,dga_cluster_40,dga,False,dga
null.kdhjmqlk6v3ufrxm2dxjdf.2i2v5i37ygn2hhpd5s5epspk4yupbtfa.pdiq2btl364yhgsxvsre3utjwlfwuqvtwyvf2r.ns-data.io,2,lab_iodine,iodine,True,dns_tunnel
prod-cdn-302.global.ssl.fastly.net,0,benign_cdn,benign,True,benign
bvblogic.co,0,tranco_benign,benign,False,benign
oorbererwyatanb.co,1,dga_cluster_41,dga,False,dga
yogaburnfat.com,0,tranco_benign,benign,False,benign
146.83.40.141.in-addr.arpa,0,benign_reverse_dns,benign,True,benign
100franquicias.pro,0,tranco_benign,benign,False,benign
sharyotsharova.com,0,tranco_benign,benign,False,benign
cdn-cache-94dd84cb.cf-ipfs.com,0,benign_cdn,benign,True,benign
cinpfordlinnetavox.top,1,dga_cluster_42,dga,False,dga
protectyou.com,0,tranco_benign,benign,False,benign
yclvererwyatanb.com,1,dga_cluster_41,dga,False,dga
api.earthworkshealth.org,0,tranco_benign,benign,False,benign
b17e1c3b704d81d10c8c5a9177117ae96303862afdac60d92f40.ns-data.io,2,lab_dnscat2,dnscat2,True,dns_tunnel
nekosearch.com,0,tranco_benign,benign,False,benign
static.weinbrennerusa.top,0,tranco_benign,benign,False,benign
subjectbottlerepeatattempt.io,1,dga_cluster_43,dga,False,dga
ob-zor.org,0,tranco_benign,benign,False,benign
gsqapartbulkyf.com,1,dga_cluster_40,dga,False,dga
blog.gamrub.net,0,tranco_benign,benign,False,benign
army-surplus.info,0,tranco_benign,benign,False,benign
iithpartbulkyf.com,1,dga_cluster_40,dga,False,dga
lesoirdalgerie.pro,0,tranco_benign,benign,False,benign
teetimestore.com,0,tranco_benign,benign,False,benign
atnewsbd.pro,0,tranco_benign,benign,False,benign
monarhiasalveazaromania.com,0,tranco_benign,benign,False,benign
eclmsagabardinedazyx.com,1,dga_cluster_44,dga,False,dga
villa-finder.xyz,0,tranco_benign,benign,False,benign
a12-34-167-78.deploy.static.akamaitechnologies.com,0,benign_cdn,benign,True,benign
celcpartbulkyf.com,1,dga_cluster_40,dga,False,dga
velasvallarta.com,0,tranco_benign,benign,False,benign
dnscat.5378f36c.77e7070de1a914854c4c7e3aa2606503a00bd06e913a9d2a.dns-exfil.net,2,lab_dnscat2,dnscat2,True,dns_tunnel
runsforcookies.xyz,0,tranco_benign,benign,False,benign
1ba2hqr1oarupi7c912qlqo0f6.com,1,dga_cluster_40,dga,False,dga
prod-cdn-154.global.ssl.fastly.net,0,benign_cdn,benign,True,benign
edulrpqibmeph.com,1,dga_cluster_44,dga,False,dga
xpwwfordlinnetavox.com,1,dga_cluster_42,dga,False,dga
hron-prostatit.xyz,0,tranco_benign,benign,False,benign
5992f42ef622c53f4b2b8281c6e904347dfa23.tunnel-sec.biz,2,lab_dnscat2,dnscat2,True,dns_tunnel
alfynetwork.org,0,tranco_benign,benign,False,benign
d219a8ab1cbe878dd51de59d5e22152cc67.dns-exfil.net,2,lab_dnscat2,dnscat2,True,dns_tunnel
examwantperfectnurserent.com,1,dga_cluster_41,dga,False,dga
dxdkfordlinnetavox.biz,1,dga_cluster_42,dga,False,dga
eshailsat.cc,0,tranco_benign,benign,False,benign
c96c01de20d178ad862cd1004acfa76d66.tunnel-com.com,2,original_hex_tunnel,original_tunnel,False,dns_tunnel
blog.assessmentday.site,0,tranco_benign,benign,False,benign
105-208-123-194.bc.googleusercontent.com,0,benign_cloud_instance,benign,True,benign
m.populerfilmler.com,0,tranco_benign,benign,False,benign
smzupartbulkyf.com,1,dga_cluster_40,dga,False,dga
kpartdibro.com,1,dga_cluster_40,dga,False,dga
sonbolumizlehd.info,0,tranco_benign,benign,False,benign
emrrpartbulkyf.com,1,dga_cluster_40,dga,False,dga
thjpmachuslazaroqok.com,1,dga_cluster_40,dga,False,dga
jdbumachuslazaroqok.com,1,dga_cluster_40,dga,False,dga
rzdnpartbulkyf.com,1,dga_cluster_40,dga,False,dga
jlurbhiwedbo.com,1,dga_cluster_44,dga,False,dga
maconnc.info,0,tranco_benign,benign,False,benign
agoop.com,0,tranco_benign,benign,False,benign
83bccd9687f2834f5c021afd2b4145a6172dd5511791d7991ee632fefb7a5f641ca.tunnel-poc.com,2,lab_dnscat2,dnscat2,True,dns_tunnel
null.ruslrill7c23p5cbw.tunnel-sec.biz,2,lab_iodine,iodine,True,dns_tunnel
build-8fbf4444.pages.dev,0,benign_hex_service,benign,True,benign
portal.smartlives.com,0,tranco_benign,benign,False,benign
phwepartbulkyf.com,1,dga_cluster_40,dga,False,dga
postallads4free.io,0,tranco_benign,benign,False,benign
auth7.oxvp45l9erq7u54tsh55i739kl3huhc.lab-tunnel.org,2,lab_dns2tcp,dns2tcp,True,dns_tunnel
ani-view.com,0,tranco_benign,benign,False,benign
homeoperatechampionwarmsurvive.biz,1,dga_cluster_43,dga,False,dga
nbnrfordlinnetavox.com,1,dga_cluster_42,dga,False,dga
nbicpartbulkyf.com,1,dga_cluster_40,dga,False,dga
speed51.com,0,tranco_benign,benign,False,benign
cdn.cib_prod.com,0,tranco_benign,benign,False,benign
lucios.com,0,tranco_benign,benign,False,benign
aplicativaassessoria.io,0,tranco_benign,benign,False,benign
shop.goldbrowser.org,0,tranco_benign,benign,False,benign
static.mylparts.info,0,tranco_benign,benign,False,benign
aqxhpartbulkyf.com,1,dga_cluster_40,dga,False,dga
auth8.whsjm9a7f0uf4sznq8ob4dav.dns-exfil.net,2,lab_dns2tcp,dns2tcp,True,dns_tunnel
tpwcfordlinnetavox.com,1,dga_cluster_42,dga,False,dga
taxliftassistbearfinance.com,1,dga_cluster_40,dga,False,dga
www.viphostingcloud.com,0,tranco_benign,benign,False,benign
auth7.rktb7ksa4m8iwyyb2xkmswiqefxncaa71pqu7355oo.tunnel-poc.com,2,lab_dns2tcp,dns2tcp,True,dns_tunnel
kymarwmov.com,1,dga_cluster_40,dga,False,dga
mail.ilustracionliberal.cc,0,tranco_benign,benign,False,benign
higbic.com,0,tranco_benign,benign,False,benign
matxfordlinnetavox.com,1,dga_cluster_42,dga,False,dga
lenovoinsights.com,0,tranco_benign,benign,False,benign
qqakmachuslazaroqok.com,1,dga_cluster_40,dga,False,dga
renouveau-vacances.co,0,tranco_benign,benign,False,benign
slaq.net,0,tranco_benign,benign,False,benign
vercellioggi.net,0,tranco_benign,benign,False,benign
www.persiantahlil.com,0,tranco_benign,benign,False,benign
iqxcsagabardinedazyx.com,1,dga_cluster_44,dga,False,dga
buecherserien.site,0,tranco_benign,benign,False,benign
beelitzer-spargelfest.org,0,tranco_benign,benign,False,benign
auth5.njfzlddcgrirqf7abmwnxvsrsmwffwq47ur4ygzs98.ns-data.io,2,lab_dns2tcp,dns2tcp,True,dns_tunnel
historia-roma.cc,0,tranco_benign,benign,False,benign
airsoftsniperforum.com,0,tranco_benign,benign,False,benign
srv.3kogososor2fjnbapihywiqwbo7hv6f.tunnel-sec.biz,2,lab_iodine,iodine,True,dns_tunnel
jarinead.com,1,dga_cluster_40,dga,False,dga
dooryardbranchbeddiearemarket.com,1,dga_cluster_40,dga,False,dga
72007c04247875a4e2b41f78ab0a582d6e2a9be7eaa741.lab-tunnel.org,2,lab_dnscat2,dnscat2,True,dns_tunnel
tokosepaturunning.com,0,tranco_benign,benign,False,benign
tastetreegeneratechartcreate.co,1,dga_cluster_43,dga,False,dga
alaescuela.net,0,tranco_benign,benign,False,benign
137.219.156.67.in-addr.arpa,0,benign_reverse_dns,benign,True,benign
smiththompson.co,0,tranco_benign,benign,False,benign
chongshin.xyz,0,tranco_benign,benign,False,benign
difference-media.xyz,0,tranco_benign,benign,False,benign
baycart.online,0,tranco_benign,benign,False,benign
portal.psychologie-bezvodova.org,0,tranco_benign,benign,False,benign
0q1as0ejvmudaiq1effvtfyzlswwwszxippgjmbdqjnaekvfzbdzqm0hqlni0k.tunnel-info.info,2,original_hex_tunnel,original_tunnel,False,dns_tunnel
a.y64dgimak4s3kuywcva2vsxyonhunp.7fookquepefhmb4ex6xnl4sp.q2htw6djjoc2qbcmddghwqrestszzzepxalpzmecpz7.dns-exfil.net,2,lab_iodine,iodine,True,dns_tunnel
onlinemerry.com,0,tranco_benign,benign,False,benign
shipwarmdraftwallbottleplate.com,1,dga_cluster_40,dga,False,dga
static.orchardmile.org,0,tranco_benign,benign,False,benign
blog.query.com,0,tranco_benign,benign,False,benign
rtscmachuslazaroqok.com,1,dga_cluster_40,dga,False,dga
zadvermiskoly.io,0,tranco_benign,benign,False,benign
dynafix.biz,0,tranco_benign,benign,False,benign
m.cashmakingsystem.org,0,tranco_benign,benign,False,benign
dev.curticdtme.com,0,tranco_benign,benign,False,benign
brta.biz,0,tranco_benign,benign,False,benign
strmat.net,0,tranco_benign,benign,False,benign
yaxlfordlinnetavox.com,1,dga_cluster_42,dga,False,dga
semsfordlinnetavox.org,1,dga_cluster_42,dga,False,dga
auth3.h5lrupksgvbhtt1h8izf84c5.lab-tunnel.org,2,lab_dns2tcp,dns2tcp,True,dns_tunnel
hillmark.com,1,dga_cluster_40,dga,False,dga
wishdays.site,0,tranco_benign,benign,False,benign
qonrsagabardinedazyx.com,1,dga_cluster_44,dga,False,dga
pamaftta.tunnel-com.com,2,original_hex_tunnel,original_tunnel,False,dns_tunnel
anniesbeautyblog.info,0,tranco_benign,benign,False,benign
blog.aflamneeksexphoto.net,0,tranco_benign,benign,False,benign
jeventsdemo.org,0,tranco_benign,benign,False,benign
qgwcererwyatanb.net,1,dga_cluster_41,dga,False,dga
czechporsche.net,0,tranco_benign,benign,False,benign
2e016bf68fe07ef7fd0db41f6f4dbc03c9f1e38fc16fe213cf1b3c6bfd6ae4fe6.tunnel-poc.com,2,lab_dnscat2,dnscat2,True,dns_tunnel
phqoererwyatanb.com,1,dga_cluster_41,dga,False,dga
el-independiente.com,0,tranco_benign,benign,False,benign
login.o-dealdujour.com,0,tranco_benign,benign,False,benign
dnscat.1afde03e.3ab16b8e81e974ca210f125b22b441d749e.tunnel-poc.com,2,lab_dnscat2,dnscat2,True,dns_tunnel
1dfae0e2830923b3cf528a63faa27783f64c770e40db9efdc.tunnel-poc.com,2,lab_dnscat2,dnscat2,True,dns_tunnel
solasto-career.cc,0,tranco_benign,benign,False,benign
cdn.classify.org,0,tranco_benign,benign,False,benign
golestane.com,0,tranco_benign,benign,False,benign
build-d75284d62ad83fc6.github.io,0,benign_hex_service,benign,True,benign
oyhgfordlinnetavox.io,1,dga_cluster_42,dga,False,dga
dnscat.a0717086.b174ec81407e729fd9c219f0a83773de798000d.tunnel-poc.com,2,lab_dnscat2,dnscat2,True,dns_tunnel
m.matrix-as.biz,0,tranco_benign,benign,False,benign
meine-lampe.com,0,tranco_benign,benign,False,benign
uniquechords.com,0,tranco_benign,benign,False,benign
varaliqo.com,1,dga_cluster_40,dga,False,dga
jidelnilistek.com,0,tranco_benign,benign,False,benign
auth3.p61l3bsb3zil0mopan3tsw9le36i8.tunnel-sec.biz,2,lab_dns2tcp,dns2tcp,True,dns_tunnel
rtfwfordlinnetavox.co,1,dga_cluster_42,dga,False,dga
cab03eb41a9fcc47c3e37536afb5aa1e4f.ns-data.io,2,lab_dnscat2,dnscat2,True,dns_tunnel
rdirererwyatanb.info,1,dga_cluster_41,dga,False,dga
appinstall.net,0,tranco_benign,benign,False,benign
57.114.20.227.in-addr.arpa,0,benign_reverse_dns,benign,True,benign
oeqkfordlinnetavox.com,1,dga_cluster_42,dga,False,dga
2226012370bdf748b66884007116e32e93.tunnel-net.net,2,original_hex_tunnel,original_tunnel,False,dns_tunnel
56ye.org,0,tranco_benign,benign,False,benign
paeqge1a.tunnel-com.com,2,original_hex_tunnel,original_tunnel,False,dns_tunnel
hdowererwyatanb.net,1,dga_cluster_41,dga,False,dga
contactsucceedmilkthinkhandle.co,1,dga_cluster_44,dga,False,dga
null.2twmfcdhsix2ul3kppru4s3vkaefewjxxlc6.6pfvjm2pbitxkzj5kwq6hcgvrwot5xuu.77ceegx2fttyavuag5fakhcs46lgfzb3sw7tnhht4rjo.dns-exfil.net,2,lab_iodine,iodine,True,dns_tunnel
snowmobilefanatics.info,0,tranco_benign,benign,False,benign
auth8.df5wmb9gz2ig745kjnutidamhfs8tpslr6mshz.ns-data.io,2,lab_dns2tcp,dns2tcp,True,dns_tunnel
auth7.yg6w9kg3tdw1xvn7je4rbo1bsayg1397hlitvl9yz8rtwia6.ns-data.io,2,lab_dns2tcp,dns2tcp,True,dns_tunnel
aebufordlinnetavox.com,1,dga_cluster_42,dga,False,dga
omgarmonika.biz,0,tranco_benign,benign,False,benign
bfyfererwyatanb.com,1,dga_cluster_41,dga,False,dga
eojusagabardinedazyx.com,1,dga_cluster_44,dga,False,dga
hollywoodactingworkshop.biz,0,tranco_benign,benign,False,benign
auth9.qkjgufp52b9kl086gfa8834nb9q69t3fs1mr582yadlh2.ns-data.io,2,lab_dns2tcp,dns2tcp,True,dns_tunnel
carryfightapproachdiscover.com,1,dga_cluster_40,dga,False,dga
municipalonlinepayments.site,0,tranco_benign,benign,False,benign
login.primegrid.xyz,0,tranco_benign,benign,False,benign
auth.sodastreamcz.me,0,tranco_benign,benign,False,benign
dnscat.11451d67.a6e7dcad2da9b81cace3e4a5ef4d850b63ffa94c3.tunnel-sec.biz,2,lab_dnscat2,dnscat2,True,dns_tunnel
bestdropshippersfromchina.org,0,tranco_benign,benign,False,benign
aldhwailah.com,0,tranco_benign,benign,False,benign
static.preventioninstitute.com,0,tranco_benign,benign,False,benign
api.liha.org,0,tranco_benign,benign,False,benign
cdn.sez-cr.co,0,tranco_benign,benign,False,benign
edpkfwgwfwvv.com,1,dga_cluster_44,dga,False,dga
241-119-228-166.bc.googleusercontent.com,0,benign_cloud_instance,benign,True,benign
build-425deec76.github.io,0,benign_hex_service,benign,True,benign
sports-nut.io,0,tranco_benign,benign,False,benign
cdn-cache-e1634894.cf-ipfs.com,0,benign_cdn,benign,True,benign
stopthehacker.com,0,tranco_benign,benign,False,benign
lhlfmachuslazaroqok.com,1,dga_cluster_40,dga,False,dga
prod-cdn-716.global.ssl.fastly.net,0,benign_cdn,benign,True,benign
portal.coffee-net.xyz,0,tranco_benign,benign,False,benign
cgbsiildedcc.com,1,dga_cluster_44,dga,False,dga
baseg.net,0,tranco_benign,benign,False,benign
naabje5ba.tunnel-com.com,2,original_hex_tunnel,original_tunnel,False,dns_tunnel
birthdayinabox.com,0,tranco_benign,benign,False,benign
ied26d16f9f2p41tqb51ug7mek.com,1,dga_cluster_44,dga,False,dga
koshland-science-museum.site,0,tranco_benign,benign,False,benign
gaycenter.com,0,tranco_benign,benign,False,benign
digitallibrarieshub.com,0,tranco_benign,benign,False,benign
njtoererwyatanb.info,1,dga_cluster_41,dga,False,dga
sianuncios.online,0,tranco_benign,benign,False,benign
hzthererwyatanb.com,1,dga_cluster_41,dga,False,dga
motoperformance.biz,0,tranco_benign,benign,False,benign
auth.servismerkezim.biz,0,tranco_benign,benign,False,benign
aolupartbulkyf.com,1,dga_cluster_40,dga,False,dga
ec2-138-172-94-43.compute-1.amazonaws.com,0,benign_cloud_instance,benign,True,benign
psicologiayautoayuda.org,0,tranco_benign,benign,False,benign
zrxlsagabardinedazyx.com,1,dga_cluster_44,dga,False,dga
phjepartbulkyf.com,1,dga_cluster_40,dga,False,dga
xdtyererwyatanb.com,1,dga_cluster_41,dga,False,dga
paketomat.com,0,tranco_benign,benign,False,benign
build-06cc7e0274.pages.dev,0,benign_hex_service,benign,True,benign
c.d.3.9.5.0.0.0.e.4.c.5.d.0.b.b.ip6.arpa,0,benign_reverse_dns,benign,True,benign
ushmererwyatanb.biz,1,dga_cluster_41,dga,False,dga
paaamwqy.tunnel-net.net,2,original_hex_tunnel,original_tunnel,False,dns_tunnel
dev.toketmontoksmp.xyz,0,tranco_benign,benign,False,benign
chestrelievewakewereinfluence.biz,1,dga_cluster_43,dga,False,dga
gwjuererwyatanb.co,1,dga_cluster_41,dga,False,dga
www.trip101.net,0,tranco_benign,benign,False,benign
build-ce4aff0b.azurewebsites.net,0,benign_hex_service,benign,True,benign
armyfactorcakeresearchpage.com,1,dga_cluster_40,dga,False,dga
academiaresearchwriters.com,0,tranco_benign,benign,False,benign
shop.hotelkotera.io,0,tranco_benign,benign,False,benign
jlyusagabardinedazyx.com,1,dga_cluster_44,dga,False,dga
a.durbofa6wzdyeuur3eq.ns-data.io,2,lab_iodine,iodine,True,dns_tunnel
ddmgaragedoors.xyz,0,tranco_benign,benign,False,benign
txt.weccarzjim4yo6sgc5w7syzeuou4.ddaghljk36plep2z37zbghy3uw4xapclm3ocpwe.ns-data.io,2,lab_iodine,iodine,True,dns_tunnel
autopixx.top,0,tranco_benign,benign,False,benign
bdgfsagabardinedazyx.co,1,dga_cluster_44,dga,False,dga
hitasoft.com,0,tranco_benign,benign,False,benign
build-5cbaccf689a53d.pages.dev,0,benign_hex_service,benign,True,benign
hhdgsagabardinedazyx.com,1,dga_cluster_44,dga,False,dga
kakiro-web.com,0,tranco_benign,benign,False,benign
10thphm1wn4arf1wexf4q1sw5rlm.com,1,dga_cluster_40,dga,False,dga
medicinenet.site,0,tranco_benign,benign,False,benign
a43-144-71-69.deploy.static.akamaitechnologies.com,0,benign_cdn,benign,True,benign
planecommanddisappointed.biz,1,dga_cluster_44,dga,False,dga
txt.3ml76dwkov7kvxpzzgas52zmkz6qjvrtqdjcp.rvl7tirtj7idjedeui7nqv3qv.qeriqjxla2aocsfuowvyhjo4bqfaf2osjlsmjf.tunnel-sec.biz,2,lab_iodine,iodine,True,dns_tunnel
506b0123700830bfd11013006087275642.tunnel-biz.biz,2,original_hex_tunnel,original_tunnel,False,dns_tunnel
healthwaveconnect.xyz,0,tranco_benign,benign,False,benign
bylqedkaimjxnv.com,1,dga_cluster_44,dga,False,dga
nnnrmachuslazaroqok.com,1,dga_cluster_40,dga,False,dga
api.atpfitness.com,0,tranco_benign,benign,False,benign
nhttfordlinnetavox.org,1,dga_cluster_42,dga,False,dga
winterhabitdanceengineer.cc,1,dga_cluster_43,dga,False,dga
auth2.w89i3oewp8aovm5ntzkzyk6q8ucn.tunnel-sec.biz,2,lab_dns2tcp,dns2tcp,True,dns_tunnel
edwfkpoipklyamcex.com,1,dga_cluster_44,dga,False,dga
theclaudiamarieblog.co,0,tranco_benign,benign,False,benign
d17501de201155625441ce006ec3b47c79.tunnel-io.io,2,original_hex_tunnel,original_tunnel,False,dns_tunnel
auth.upscguide.info,0,tranco_benign,benign,False,benign
soprererwyatanb.com,1,dga_cluster_41,dga,False,dga
a.cconr3gj3xaikqxie5.lab-tunnel.org,2,lab_iodine,iodine,True,dns_tunnel
api.recetapordia.co,0,tranco_benign,benign,False,benign
rdbdfordlinnetavox.com,1,dga_cluster_42,dga,False,dga
suppliersonline.cc,0,tranco_benign,benign,False,benign
cuprecognizehabitinvestigate.net,1,dga_cluster_43,dga,False,dga
dbjbsagabardinedazyx.com,1,dga_cluster_44,dga,False,dga
kpspmahfcrarwuoywqd.com,1,dga_cluster_40,dga,False,dga
careeer.com,0,tranco_benign,benign,False,benign
build-20df89ef8.pages.dev,0,benign_hex_service,benign,True,benign
ec2-106-205-40-25.compute-1.amazonaws.com,0,benign_cloud_instance,benign,True,benign
0mbavpdnggyhambygkybqwh5ozqhayd1gehmxaarrgebtzz5skggd5pxup5ons.tunnel-site.site,2,original_hex_tunnel,original_tunnel,False,dns_tunnel
gospelinlife.net,0,tranco_benign,benign,False,benign
auth6.qhjoh4nq8ig778ed8ql2f5g39jtk16cr505zu19zb0owrhm2h.tunnel-poc.com,2,lab_dns2tcp,dns2tcp,True,dns_tunnel
sekisui.com,0,tranco_benign,benign,False,benign
static.veterina-pisek.com,0,tranco_benign,benign,False,benign
vespaspecial.net,0,tranco_benign,benign,False,benign
build-fc9c77b901ac.pages.dev,0,benign_hex_service,benign,True,benign
null.ytlj7kodllfr636acqcouk3bdtondram4eg4e245rw3zk.ns-data.io,2,lab_iodine,iodine,True,dns_tunnel
build-8b90b36d3e8c66e9.pages.dev,0,benign_hex_service,benign,True,benign
0eabmpdnggyhambydxqfayhaobqgazd0ogomxaar3gayga0ysslambrfayp2zd.tunnel-pro.pro,2,original_hex_tunnel,original_tunnel,False,dns_tunnel
eusoererwyatanb.top,1,dga_cluster_41,dga,False,dga
hoteldeparismontecarlo.info,0,tranco_benign,benign,False,benign
wrensound.online,0,tranco_benign,benign,False,benign
xdbmererwyatanb.net,1,dga_cluster_41,dga,False,dga
richedmonds.com,0,tranco_benign,benign,False,benign
maxdiaries.net,0,tranco_benign,benign,False,benign
shop.streaming-sport.com,0,tranco_benign,benign,False,benign
thedecoratedcookie.me,0,tranco_benign,benign,False,benign
ec2-95-96-139-72.compute-1.amazonaws.com,0,benign_cloud_instance,benign,True,benign
icestarmedia.info,0,tranco_benign,benign,False,benign
autokomplex.com,0,tranco_benign,benign,False,benign
nfirmy.com,0,tranco_benign,benign,False,benign
jlalfordlinnetavox.com,1,dga_cluster_42,dga,False,dga
bdrgererwyatanb.cc,1,dga_cluster_41,dga,False,dga
nhiqererwyatanb.com,1,dga_cluster_41,dga,False,dga
vnmkfordlinnetavox.com,1,dga_cluster_42,dga,False,dga
cdn-cache-8f960f0d.cf-ipfs.com,0,benign_cdn,benign,True,benign
tjqlarkbeuqzhheh.co,1,dga_cluster_40,dga,False,dga
digital-librarian.pro,0,tranco_benign,benign,False,benign
d4ad0caaa24ed2f.cloudfront.net,0,benign_cdn,benign,True,benign
gurmanija.net,0,tranco_benign,benign,False,benign
peacenic.me,0,tranco_benign,benign,False,benign
subjectline.net,0,tranco_benign,benign,False,benign
auth.mallusongs.org,0,tranco_benign,benign,False,benign
qedopw151j48jqqbxu.com,1,dga_cluster_44,dga,False,dga
spr888.com,0,tranco_benign,benign,False,benign
mail.baddiary.info,0,tranco_benign,benign,False,benign
xrm.io,0,tranco_benign,benign,False,benign
oiymfordlinnetavox.com,1,dga_cluster_42,dga,False,dga
mediafiresavefeedstuffsock.com,1,dga_cluster_44,dga,False,dga
smdhmachuslazaroqok.com,1,dga_cluster_40,dga,False,dga
api.homegardenart.com,0,tranco_benign,benign,False,benign
comparison411.com,0,tranco_benign,benign,False,benign
gywqfordlinnetavox.info,1,dga_cluster_42,dga,False,dga
txt.v4ccqcmgwjibbw6z6.tunnel-sec.biz,2,lab_iodine,iodine,True,dns_tunnel
vaxjo.com,0,tranco_benign,benign,False,benign
lzciererwyatanb.site,1,dga_cluster_41,dga,False,dga
sistertowerbunchislandmarry.site,1,dga_cluster_43,dga,False,dga
aseipartbulkyf.com,1,dga_cluster_40,dga,False,dga
awa24.co,0,tranco_benign,benign,False,benign
jzvuererwyatanb.site,1,dga_cluster_41,dga,False,dga
81a7ac7ce165ddad2525c412a1217d24c38fe.lab-tunnel.org,2,lab_dnscat2,dnscat2,True,dns_tunnel
pinbud.com,0,tranco_benign,benign,False,benign
4.b.2.d.f.5.1.f.f.4.d.d.d.c.e.8.ip6.arpa,0,benign_reverse_dns,benign,True,benign
fotopavla.info,0,tranco_benign,benign,False,benign
kedke.com,0,tranco_benign,benign,False,benign
certik.com,0,tranco_benign,benign,False,benign
jvrqfordlinnetavox.com,1,dga_cluster_42,dga,False,dga
www.mynotesworld.top,0,tranco_benign,benign,False,benign
kzstation.com,0,tranco_benign,benign,False,benign
apce.com,0,tranco_benign,benign,False,benign
hr8lox1nnb8uvaru8m3fj9cid.com,1,dga_cluster_40,dga,False,dga
a184-180-161-235.deploy.static.akamaitechnologies.com,0,benign_cdn,benign,True,benign
blog.resourcedescriptionandaccess.org,0,tranco_benign,benign,False,benign
azglorieux.org,0,tranco_benign,benign,False,benign
bandaumnikov.net,0,tranco_benign,benign,False,benign
premia-reality.com,0,tranco_benign,benign,False,benign
masterin.com,0,tranco_benign,benign,False,benign
489b01237021259ea3273500eb7089aa57.tunnel-com.com,2,original_hex_tunnel,original_tunnel,False,dns_tunnel
edtoscuucfou.com,1,dga_cluster_44,dga,False,dga
evansusa.com,0,tranco_benign,benign,False,benign
manfrottoimaginemore.top,0,tranco_benign,benign,False,benign
shop.3panta.top,0,tranco_benign,benign,False,benign
theforkmanager.com,0,tranco_benign,benign,False,benign
8f8b01c8cafcbbb0629eec006fb9906d44.tunnel-xyz.xyz,2,original_hex_tunnel,original_tunnel,False,dns_tunnel
ksaruacf.com,1,dga_cluster_40,dga,False,dga
telecombinatie.site,0,tranco_benign,benign,False,benign
wallnailrenthearpiecestorm.me,1,dga_cluster_43,dga,False,dga
icomos.top,0,tranco_benign,benign,False,benign
waewererwyatanb.com,1,dga_cluster_41,dga,False,dga
registertastehurtprofile.net,1,dga_cluster_43,dga,False,dga
txt.4ohaayoo4qi7vg747wfs2zdjaee27o.stufar4bh2mm6ruwahn4y3e3qm2jychpsntp.bdiec74nyuii42togsnb53snlaygbd2w7lulblxlz.tunnel-poc.com,2,lab_iodine,iodine,True,dns_tunnel
pamafxbi.tunnel-com.com,2,original_hex_tunnel,original_tunnel,False,dns_tunnel
695f3ba6eac082d3938a8b3ed0544.tunnel-poc.com,2,lab_dnscat2,dnscat2,True,dns_tunnel
tech-systems.com,0,tranco_benign,benign,False,benign
beijingdz.com,0,tranco_benign,benign,False,benign
chichiama.top,0,tranco_benign,benign,False,benign
paaifkdy.tunnel-com.com,2,original_hex_tunnel,original_tunnel,False,dns_tunnel
gurutvakaryalay.info,0,tranco_benign,benign,False,benign
vliafordlinnetavox.com,1,dga_cluster_42,dga,False,dga
985182391447e3218b889bd148d1f9969c8d034c448ba.ns-data.io,2,lab_dnscat2,dnscat2,True,dns_tunnel
saladmarksayplatedieadapt.co,1,dga_cluster_40,dga,False,dga
ewastankiewicz.com,0,tranco_benign,benign,False,benign
potatoprogramstripthinkrealize.site,1,dga_cluster_43,dga,False,dga
ventumkids.com,0,tranco_benign,benign,False,benign
maneyonline.com,0,tranco_benign,benign,False,benign
srv.fie7erqhfpu7v3r2dnh3poa.mgk7n3aefezurf2dgrwbaenpqzoh3qc2nwq3emrxkdfxi.dns-exfil.net,2,lab_iodine,iodine,True,dns_tunnel
trekobchod.org,0,tranco_benign,benign,False,benign
0iibcolzavcskzivku0xkdknfvwr0xj3pubugi1dcnjtg2yal20yo5i.tunnel-org.org,2,original_hex_tunnel,original_tunnel,False,dns_tunnel
flphmachuslazaroqok.com,1,dga_cluster_40,dga,False,dga
auth7.j9kcmeghclhpjp0uq64qfw4bz91ls61s6t12b.tunnel-sec.biz,2,lab_dns2tcp,dns2tcp,True,dns_tunnel
tv-sport-hd.com,0,tranco_benign,benign,False,benign
portal.bazar-karavany.online,0,tranco_benign,benign,False,benign
portal.wsturbo.co,0,tranco_benign,benign,False,benign
rumusdasarmatematika.com,0,tranco_benign,benign,False,benign
rental.com,0,tranco_benign,benign,False,benign
bootgearwakebalancefillworried.com,1,dga_cluster_40,dga,False,dga
api.bestsamplequestions.io,0,tranco_benign,benign,False,benign
funbull.site,0,tranco_benign,benign,False,benign
api.uatoday.co,0,tranco_benign,benign,False,benign
cdn.uu898.org,0,tranco_benign,benign,False,benign
auth.pippinsplugins.site,0,tranco_benign,benign,False,benign
pamaaoby.tunnel-com.com,2,original_hex_tunnel,original_tunnel,False,dns_tunnel
12thm7fu1q9wg1s1yw3edgz90t.com,1,dga_cluster_44,dga,False,dga
gbarsg.com,1,dga_cluster_40,dga,False,dga
intelligentsurf.com,0,tranco_benign,benign,False,benign
xjsysagabardinedazyx.com,1,dga_cluster_44,dga,False,dga
pleskdvd.com,0,tranco_benign,benign,False,benign
auth6.ddc0zutg1lta8qpmflcrku1agz108kqrrsqi.lab-tunnel.org,2,lab_dns2tcp,dns2tcp,True,dns_tunnel
star-passage.com,0,tranco_benign,benign,False,benign
glamour-news.com,0,tranco_benign,benign,False,benign
build-346e4e56.azurewebsites.net,0,benign_hex_service,benign,True,benign
networkwheelyardfatherreply.com,1,dga_cluster_40,dga,False,dga
prolanguage.com,0,tranco_benign,benign,False,benign
zpnxfordlinnetavox.com,1,dga_cluster_42,dga,False,dga
pajiblua.tunnel-me.me,2,original_hex_tunnel,original_tunnel,False,dns_tunnel
auth3.t64o5w97pwg5fy4f8bl72w5zt8ur0g448ybbe8d.dns-exfil.net,2,lab_dns2tcp,dns2tcp,True,dns_tunnel
advanceinnovations.com,0,tranco_benign,benign,False,benign
edknmywnnfnm.com,1,dga_cluster_44,dga,False,dga
20-247-195-165.bc.googleusercontent.com,0,benign_cloud_instance,benign,True,benign
auth0.cut0i7e7f7cvfhvo5bhxp86tz3kiz1fqa0x0iuvk1sbxd.dns-exfil.net,2,lab_dns2tcp,dns2tcp,True,dns_tunnel
volba-spotrebitelu.com,0,tranco_benign,benign,False,benign
eqzvfordlinnetavox.com,1,dga_cluster_42,dga,False,dga
tipzor.co,0,tranco_benign,benign,False,benign
uasqfordlinnetavox.xyz,1,dga_cluster_42,dga,False,dga
api.dailydesignnotes.com,0,tranco_benign,benign,False,benign
ffdf01836f46263897cb540022a550bd3c.tunnel-io.io,2,original_hex_tunnel,original_tunnel,False,dns_tunnel
wikiforum.com,0,tranco_benign,benign,False,benign
bazenymachov.org,0,tranco_benign,benign,False,benign
pamafsqa.tunnel-net.net,2,original_hex_tunnel,original_tunnel,False,dns_tunnel
eurkmachuslazaroqok.com,1,dga_cluster_40,dga,False,dga
haoword.com,0,tranco_benign,benign,False,benign
novypeking.net,0,tranco_benign,benign,False,benign
videohatarabia.org,0,tranco_benign,benign,False,benign
minikbarbie.net,0,tranco_benign,benign,False,benign
d4759cfc75ea269.cloudfront.net,0,benign_cdn,benign,True,benign
birthmoviesdeath.net,0,tranco_benign,benign,False,benign
newchic.com,0,tranco_benign,benign,False,benign
msdscience.com,0,tranco_benign,benign,False,benign
screencapturer.org,0,tranco_benign,benign,False,benign
null.rznhnqcfpp3hktcriy333s4jz.dzoryxj2krablug7.tunnel-poc.com,2,lab_iodine,iodine,True,dns_tunnel
truenorthslu.org,0,tranco_benign,benign,False,benign
wireworldcable.com,0,tranco_benign,benign,False,benign
build-e23564dd69.gitlab.io,0,benign_hex_service,benign,True,benign
ratingbet.info,0,tranco_benign,benign,False,benign
just-shop.co,0,tranco_benign,benign,False,benign
nnwdkbedevyy.com,1,dga_cluster_44,dga,False,dga
162.237.96.58.in-addr.arpa,0,benign_reverse_dns,benign,True,benign
bvokfordlinnetavox.biz,1,dga_cluster_42,dga,False,dga
alejandrovalente.org,0,tranco_benign,benign,False,benign
blog.vdolady.io,0,tranco_benign,benign,False,benign
xutafar.com,1,dga_cluster_40,dga,False,dga
lvjew.com,0,tranco_benign,benign,False,benign
fzunererwyatanb.com,1,dga_cluster_41,dga,False,dga
royalhali.info,0,tranco_benign,benign,False,benign
sitprorodinu.org,0,tranco_benign,benign,False,benign
c49cdae80882ab34caf0e50a6b78864d8c0ce54a168.tunnel-sec.biz,2,lab_dnscat2,dnscat2,True,dns_tunnel
3vg8tv1b5dqs8681c7aar9ec8.com,1,dga_cluster_40,dga,False,dga
rankingtoday.com,0,tranco_benign,benign,False,benign
mgomsagabardinedazyx.com,1,dga_cluster_44,dga,False,dga
cdn.montrealpersian.info,0,tranco_benign,benign,False,benign
1aoa7semyqgm53me2nmbzpqywoaecavgkcgs4ky.tunnel-org.org,2,original_hex_tunnel,original_tunnel,False,dns_tunnel
usakhaber.net,0,tranco_benign,benign,False,benign
huamede.com,1,dga_cluster_44,dga,False,dga
spicyadz.online,0,tranco_benign,benign,False,benign
thegoodguides.info,0,tranco_benign,benign,False,benign
0qsari2zqaqpbe2pbbrjaeaucilbcfitc2.tunnel-info.info,2,original_hex_tunnel,original_tunnel,False,dns_tunnel
dnscat.2523cd65.829df01bce92c2cb79e728387e2b2d92533.dns-exfil.net,2,lab_dnscat2,dnscat2,True,dns_tunnel
euroautodily.com,0,tranco_benign,benign,False,benign
login.audiotranskription.biz,0,tranco_benign,benign,False,benign
pamafxay.tunnel-com.com,2,original_hex_tunnel,original_tunnel,False,dns_tunnel
vbu-volksbank.com,0,tranco_benign,benign,False,benign
educomp.cc,0,tranco_benign,benign,False,benign
m.tialoto.net,0,tranco_benign,benign,False,benign
awgufordlinnetavox.xyz,1,dga_cluster_42,dga,False,dga
thetoytube.info,0,tranco_benign,benign,False,benign
frkhmachuslazaroqok.com,1,dga_cluster_40,dga,False,dga
bvehererwyatanb.biz,1,dga_cluster_41,dga,False,dga
beanbag.online,0,tranco_benign,benign,False,benign
174-205-8-45.bc.googleusercontent.com,0,benign_cloud_instance,benign,True,benign
v33b26faedc8b6b2ed8c52a47080a40ce6.com,1,dga_cluster_44,dga,False,dga
paceappreciateinterviewroom.io,1,dga_cluster_43,dga,False,dga
eavkfordlinnetavox.com,1,dga_cluster_42,dga,False,dga
login.autogallery.online,0,tranco_benign,benign,False,benign
g4m2j71v1a7ku1xf504g7dzvar.com,1,dga_cluster_40,dga,False,dga
creamyardbatdogcrashtrash.com,1,dga_cluster_40,dga,False,dga
shriramgi.com,0,tranco_benign,benign,False,benign
39n.com,0,tranco_benign,benign,False,benign
livinglifeandlearning.pro,0,tranco_benign,benign,False,benign
icnzfordlinnetavox.xyz,1,dga_cluster_42,dga,False,dga
stream-reality.xyz,0,tranco_benign,benign,False,benign
cdn.leadsbusters.com,0,tranco_benign,benign,False,benign
ella-emporium.io,0,tranco_benign,benign,False,benign
jasmingirls.com,0,tranco_benign,benign,False,benign
portal.famestermedia.co,0,tranco_benign,benign,False,benign
qstark.com,0,tranco_benign,benign,False,benign
cdn-cache-cdd746bc.cf-ipfs.com,0,benign_cdn,benign,True,benign
yltbedinyiphp.co,1,dga_cluster_44,dga,False,dga
otomart.io,0,tranco_benign,benign,False,benign
871a01aea6945732f56382000db6b36a02.tunnel-org.org,2,original_hex_tunnel,original_tunnel,False,dns_tunnel
fzewererwyatanb.net,1,dga_cluster_41,dga,False,dga
ajax-zoom.xyz,0,tranco_benign,benign,False,benign
auth.e27.com,0,tranco_benign,benign,False,benign
autopoint.top,0,tranco_benign,benign,False,benign
festei.com,0,tranco_benign,benign,False,benign
colo-ri.com,0,tranco_benign,benign,False,benign
agenbola.com,0,tranco_benign,benign,False,benign
m.luckymodel.info,0,tranco_benign,benign,False,benign
v4.bzx3ykgmmya4iciwelyqa7ap63zx2.tunnel-sec.biz,2,lab_iodine,iodine,True,dns_tunnel
thinaboomi.com,0,tranco_benign,benign,False,benign
4582012370149c5c74575c005d68ba4ee0.tunnel-com.com,2,original_hex_tunnel,original_tunnel,False,dns_tunnel
1001uzor.com,0,tranco_benign,benign,False,benign
df3db4db477b295.cloudfront.net,0,benign_cdn,benign,True,benign
rjvtsagabardinedazyx.com,1,dga_cluster_44,dga,False,dga
dfraererwyatanb.com,1,dga_cluster_41,dga,False,dga
musicroamer.com,0,tranco_benign,benign,False,benign
auth2.8buyv3mb5k18af7lzes8b1nntgiy4i3ib57zf78c4rpq.tunnel-poc.com,2,lab_dns2tcp,dns2tcp,True,dns_tunnel
static.bandainamcogames.info,0,tranco_benign,benign,False,benign
18758923f3c960f8281f9ab8f355b07f1824958a95ebb658f2bfebc53ee789b5705.tunnel-sec.biz,2,lab_dnscat2,dnscat2,True,dns_tunnel
csharp-station.com,0,tranco_benign,benign,False,benign
seoforever.com,0,tranco_benign,benign,False,benign
auth4.yxeo49fpuxhaoyydsr2namqcs7ipd.dns-exfil.net,2,lab_dns2tcp,dns2tcp,True,dns_tunnel
efnspwspredddjcsglt.com,1,dga_cluster_44,dga,False,dga
portal.caribetours.com,0,tranco_benign,benign,False,benign
hotelbrain.org,0,tranco_benign,benign,False,benign
imedpub.com,0,tranco_benign,benign,False,benign
samsungfashion.com,0,tranco_benign,benign,False,benign
372801f640342e4de4a2ca0007bcfa39fbeb7e82adceab6d636b4fd4921a.tunnel-io.io,2,original_hex_tunnel,original_tunnel,False,dns_tunnel
iiogpartbulkyf.com,1,dga_cluster_40,dga,False,dga
www.consigliando.net,0,tranco_benign,benign,False,benign
designerhabitagreeborrow.xyz,1,dga_cluster_43,dga,False,dga
ytcarleqqimpyyweir.com,1,dga_cluster_40,dga,False,dga
vitplus.com,0,tranco_benign,benign,False,benign
uwwofordlinnetavox.com,1,dga_cluster_42,dga,False,dga
shop.jennifercluff.site,0,tranco_benign,benign,False,benign
centrumodzywek.com,0,tranco_benign,benign,False,benign
static.dtpak.org,0,tranco_benign,benign,False,benign
levne-nadobi.com,0,tranco_benign,benign,False,benign
cavea.com,0,tranco_benign,benign,False,benign
6.7.e.8.8.0.9.9.1.d.4.f.3.c.f.1.ip6.arpa,0,benign_reverse_dns,benign,True,benign
dll-found.net,0,tranco_benign,benign,False,benign
dedewp.org,0,tranco_benign,benign,False,benign
zjwvmachuslazaroqok.com,1,dga_cluster_40,dga,False,dga
auth.mediaoislamu.com,0,tranco_benign,benign,False,benign
shop.maidofthemist.com,0,tranco_benign,benign,False,benign
login.izuminki.org,0,tranco_benign,benign,False,benign
graffitiservis.com,0,tranco_benign,benign,False,benign
neckareturnwellsourcesite.biz,1,dga_cluster_43,dga,False,dga
pnthsagabardinedazyx.com,1,dga_cluster_44,dga,False,dga
ucxtererwyatanb.com,1,dga_cluster_41,dga,False,dga
kwallpapers.com,0,tranco_benign,benign,False,benign
sirftv.com,0,tranco_benign,benign,False,benign
cqaqererwyatanb.biz,1,dga_cluster_41,dga,False,dga
portal.gothiccabinetcraft.online,0,tranco_benign,benign,False,benign
mumbaiescort.com,0,tranco_benign,benign,False,benign
edvnokjlvuvj.com,1,dga_cluster_44,dga,False,dga
fvfrsagabardinedazyx.com,1,dga_cluster_44,dga,False,dga
auth0.tubuftckbm6vva88jpeqfj6eeb9zg.lab-tunnel.org,2,lab_dns2tcp,dns2tcp,True,dns_tunnel
aelysagabardinedazyx.com,1,dga_cluster_44,dga,False,dga
d8e699c181ff3fd.cloudfront.net,0,benign_cdn,benign,True,benign
pamafyzi.tunnel-net.net,2,original_hex_tunnel,original_tunnel,False,dns_tunnel
playcamp.com,0,tranco_benign,benign,False,benign
cowtranslateestimateinterest.biz,1,dga_cluster_43,dga,False,dga
qedtggpouxmj.com,1,dga_cluster_44,dga,False,dga
pfskererwyatanb.top,1,dga_cluster_41,dga,False,dga
mail.webwriterspotlight.com,0,tranco_benign,benign,False,benign
jakartaairportonline.com,0,tranco_benign,benign,False,benign
eberspaecher-standheizung.com,0,tranco_benign,benign,False,benign
bfvaererwyatanb.com,1,dga_cluster_41,dga,False,dga
pnavmachuslazaroqok.com,1,dga_cluster_40,dga,False,dga
hztcfordlinnetavox.io,1,dga_cluster_42,dga,False,dga
cernaslunecnice.co,0,tranco_benign,benign,False,benign
1iqafdqqiuqkakbefqrcujroeeuskljdfmts4if.tunnel-biz.biz,2,original_hex_tunnel,original_tunnel,False,dns_tunnel
internet-lab.com,0,tranco_benign,benign,False,benign
cdn-cache-6ebbdcb1.cf-ipfs.com,0,benign_cdn,benign,True,benign
0f3f290fbef485aa7b593a576488b9934b208a8331265c5ae941d40b.lab-tunnel.org,2,lab_dnscat2,dnscat2,True,dns_tunnel
angelopublio.com,0,tranco_benign,benign,False,benign
kenko-shindan.com,0,tranco_benign,benign,False,benign
funhost.biz,0,tranco_benign,benign,False,benign
necasautoskola.org,0,tranco_benign,benign,False,benign
0ada9pdnggyhambygkydicbn4xqhayddlxeslqciqtcazc3darrxmsugnl1rk5.tunnel-com.com,2,original_hex_tunnel,original_tunnel,False,dns_tunnel
znqaererwyatanb.com,1,dga_cluster_41,dga,False,dga
portal.6ren.org,0,tranco_benign,benign,False,benign
dnscat.13a63c2a.9fa21d29c19224d890d308e781b0fe6a2af68a2e5.tunnel-sec.biz,2,lab_dnscat2,dnscat2,True,dns_tunnel
txt.gsnpg35kqsapygah55kgygahuupsiedirv3dzhnuuu2ut.7abzcbl4p3hyvlney7.rgb6w2wmscktkkkgnv4qufnkfskks.dns-exfil.net,2,lab_iodine,iodine,True,dns_tunnel
0qkb8zdfalfe1awjaoabqdmjiw.tunnel-top.top,2,original_hex_tunnel,original_tunnel,False,dns_tunnel
registerreferencesentence.net,1,dga_cluster_43,dga,False,dga
mail.damskeholinky.com,0,tranco_benign,benign,False,benign
pamafvea.tunnel-org.org,2,original_hex_tunnel,original_tunnel,False,dns_tunnel
static.bitraser.co,0,tranco_benign,benign,False,benign
jpeaererwyatanb.com,1,dga_cluster_41,dga,False,dga
tbmjpartbulkyf.com,1,dga_cluster_40,dga,False,dga
122-249-94-143.bc.googleusercontent.com,0,benign_cloud_instance,benign,True,benign
altimus.site,0,tranco_benign,benign,False,benign
shop.yifenmin.info,0,tranco_benign,benign,False,benign
108.197.165.85.in-addr.arpa,0,benign_reverse_dns,benign,True,benign
pamaftqa.tunnel-io.io,2,original_hex_tunnel,original_tunnel,False,dns_tunnel
plxusagabardinedazyx.com,1,dga_cluster_44,dga,False,dga
cdn.php5.io,0,tranco_benign,benign,False,benign
build-daa19cecd02.pages.dev,0,benign_hex_service,benign,True,benign
dev.menu-dnes.biz,0,tranco_benign,benign,False,benign
flukeatelier.com,0,tranco_benign,benign,False,benign
auth5.u2luh0ptkse3kaw4v4kwz6tzr7yd9tlyzhcr9uo.dns-exfil.net,2,lab_dns2tcp,dns2tcp,True,dns_tunnel
711f9938503442a72e6748f32f64c0c0ec9d3f9e4391325.tunnel-sec.biz,2,lab_dnscat2,dnscat2,True,dns_tunnel
fcbari1908.xyz,0,tranco_benign,benign,False,benign
sonomama.cc,0,tranco_benign,benign,False,benign
tribancoonline.net,0,tranco_benign,benign,False,benign
auth0.6ne43uijai02yhq7im6cg77xuyvw1h8qvo9ihgqz783zlltlt1.lab-tunnel.org,2,lab_dns2tcp,dns2tcp,True,dns_tunnel
auth8.8r9ijxacjkj8nfsbmsg7pbejxog14ou1knusod4hbvifxrg0.dns-exfil.net,2,lab_dns2tcp,dns2tcp,True,dns_tunnel
clean4you.top,0,tranco_benign,benign,False,benign
deawid.net,0,tranco_benign,benign,False,benign
lmiaerospace.info,0,tranco_benign,benign,False,benign
zugawar.com,1,dga_cluster_40,dga,False,dga
584311b0f9ebf2532ee92b685ab44.tunnel-poc.com,2,lab_dnscat2,dnscat2,True,dns_tunnel
cdn.nobelwomensinitiative.org,0,tranco_benign,benign,False,benign
btg360.org,0,tranco_benign,benign,False,benign
drppmachuslazaroqok.com,1,dga_cluster_40,dga,False,dga
8a96085f6ce90069339546cb9bba51c0b32fef7900bc7d71e8d.tunnel-poc.com,2,lab_dnscat2,dnscat2,True,dns_tunnel
login.avon-sever.org,0,tranco_benign,benign,False,benign
mail.svclipnik.co,0,tranco_benign,benign,False,benign
gudwfordlinnetavox.com,1,dga_cluster_42,dga,False,dga
cdn-cache-6a2c74b4.cf-ipfs.com,0,benign_cdn,benign,True,benign
revistaeducacionvirtual.com,0,tranco_benign,benign,False,benign
auth6.8k52bqw1mmw3pcfxaqgjfanjkinb.dns-exfil.net,2,lab_dns2tcp,dns2tcp,True,dns_tunnel
htmlbootstrap.com,0,tranco_benign,benign,False,benign
129-132-242-189.bc.googleusercontent.com,0,benign_cloud_instance,benign,True,benign
dentoncounty.com,0,tranco_benign,benign,False,benign
handhelditems.net,0,tranco_benign,benign,False,benign
tyk.xyz,0,tranco_benign,benign,False,benign
crackmania.info,0,tranco_benign,benign,False,benign
vm-prod-08b8096a.westeurope.cloudapp.azure.com,0,benign_cloud_instance,benign,True,benign
transposh.com,0,tranco_benign,benign,False,benign
3.c.3.2.c.f.4.4.b.0.8.3.f.2.f.c.ip6.arpa,0,benign_reverse_dns,benign,True,benign
oyuemachuslazaroqok.com,1,dga_cluster_40,dga,False,dga
sectionhabitemptyinterested.org,1,dga_cluster_43,dga,False,dga
vaporizerforum.com,0,tranco_benign,benign,False,benign
nejm.me,0,tranco_benign,benign,False,benign
skarpelos.com,0,tranco_benign,benign,False,benign
sharedb.site,0,tranco_benign,benign,False,benign
3iabppdnggyhambygkydqsgehgydacqwllzqsmbsh1qga4bn4jjoijmdih4mtd.tunnel-io.io,2,original_hex_tunnel,original_tunnel,False,dns_tunnel
igxgqnrtedruqcqmpvwex.com,1,dga_cluster_44,dga,False,dga
eyewasteexchangerestdeal.net,1,dga_cluster_43,dga,False,dga
snakedreams.biz,0,tranco_benign,benign,False,benign
gamescheduleoperateremember.co,1,dga_cluster_41,dga,False,dga
card-collect.com,0,tranco_benign,benign,False,benign
edyayheyrmhvrusi.com,1,dga_cluster_44,dga,False,dga
lastexperten.com,0,tranco_benign,benign,False,benign
cdbao.com,0,tranco_benign,benign,False,benign
owowfordlinnetavox.site,1,dga_cluster_42,dga,False,dga
portal.kinder61.co,0,tranco_benign,benign,False,benign
paaahyiq.tunnel-top.top,2,original_hex_tunnel,original_tunnel,False,dns_tunnel
api.bijouxdemylene.com,0,tranco_benign,benign,False,benign
comclickshop.xyz,0,tranco_benign,benign,False,benign
build-073a5629c.gitlab.io,0,benign_hex_service,benign,True,benign
dev.klier.org,0,tranco_benign,benign,False,benign
a.3g7xqen7lxa3gwz5pwjx6.q47fxibbhqazdzp56u2.ldvkbcul46f4u7q22g.tunnel-poc.com,2,lab_iodine,iodine,True,dns_tunnel
paeqgfya.tunnel-net.net,2,original_hex_tunnel,original_tunnel,False,dns_tunnel
tunechartdragprintluckchip.com,1,dga_cluster_40,dga,False,dga
dnscat.709433da.1785377a5122d215f7ee6a83.tunnel-sec.biz,2,lab_dnscat2,dnscat2,True,dns_tunnel
ec2-38-31-4-204.compute-1.amazonaws.com,0,benign_cloud_instance,benign,True,benign
lnceererwyatanb.co,1,dga_cluster_41,dga,False,dga
marinetech.xyz,0,tranco_benign,benign,False,benign
shoyoroll.org,0,tranco_benign,benign,False,benign
yqpxsagabardinedazyx.co,1,dga_cluster_44,dga,False,dga
cdn-cache-5995d599.cf-ipfs.com,0,benign_cdn,benign,True,benign
nordicwax.co,0,tranco_benign,benign,False,benign
elelmiszer.com,0,tranco_benign,benign,False,benign
vsrv.co,0,tranco_benign,benign,False,benign
dnscat.bd74487e.dba06e374f5fa56cee37d49b5057ac27461b43f08a8fc0e00cbf8a63e.tunnel-poc.com,2,lab_dnscat2,dnscat2,True,dns_tunnel
build-4f826fed612fd6.pages.dev,0,benign_hex_service,benign,True,benign
timereturnpointsupposesit.xyz,1,dga_cluster_43,dga,False,dga
zjtdererwyatanb.com,1,dga_cluster_41,dga,False,dga
138-158-19-98.bc.googleusercontent.com,0,benign_cloud_instance,benign,True,benign
zale.com,0,tranco_benign,benign,False,benign
mklipence.com,0,tranco_benign,benign,False,benign
dnscat.7b20acd5.c1a12d84aec73f8e004d841d9dd7fbb.ns-data.io,2,lab_dnscat2,dnscat2,True,dns_tunnel
fapshows.io,0,tranco_benign,benign,False,benign
fnhaus49.com,0,tranco_benign,benign,False,benign
gutscheinconnection.org,0,tranco_benign,benign,False,benign
superamarelas.net,0,tranco_benign,benign,False,benign
anglictina-boleslav.com,0,tranco_benign,benign,False,benign
shinodadesigncenter.com,0,tranco_benign,benign,False,benign
mq-onlineshop.top,0,tranco_benign,benign,False,benign
ecbgfordlinnetavox.info,1,dga_cluster_42,dga,False,dga
znbzpartbulkyf.com,1,dga_cluster_40,dga,False,dga
shop.mtrojka.biz,0,tranco_benign,benign,False,benign
static.oparany.com,0,tranco_benign,benign,False,benign
0wf_e-duhndbl2ibzmvrdihw7h2gvpf2jkoescf70gqmwoxfhvgw8qyhshailpwz.tunnel-com.com,2,original_hex_tunnel,original_tunnel,False,dns_tunnel
samcon.info,0,tranco_benign,benign,False,benign
af07db90000d2ac8c40d40c9c4b110d0541381d60f2bb6153b46cb0dbc4.ns-data.io,2,lab_dnscat2,dnscat2,True,dns_tunnel
bigbazaarprofitclub.org,0,tranco_benign,benign,False,benign
globalalania.org,0,tranco_benign,benign,False,benign
2ed.com,0,tranco_benign,benign,False,benign
wqedenswusnduph.com,1,dga_cluster_44,dga,False,dga
ec2-120-187-164-192.compute-1.amazonaws.com,0,benign_cloud_instance,benign,True,benign
aloisjirasek.info,0,tranco_benign,benign,False,benign
cdn-cache-f36b8887.cf-ipfs.com,0,benign_cdn,benign,True,benign
0iiaezacmjda2bspx4002mrqcydk3dxgqabhp05.tunnel-top.top,2,original_hex_tunnel,original_tunnel,False,dns_tunnel
ltuxfordlinnetavox.com,1,dga_cluster_42,dga,False,dga
jharkhandcomtax.com,0,tranco_benign,benign,False,benign
ftgzsagabardinedazyx.com,1,dga_cluster_44,dga,False,dga
auth1.fmegg3e4gr35jt4pbzeypa6fvb.lab-tunnel.org,2,lab_dns2tcp,dns2tcp,True,dns_tunnel
infinitemlmsoftware.com,0,tranco_benign,benign,False,benign
xllvfordlinnetavox.biz,1,dga_cluster_42,dga,False,dga
d54312b800177e0004008294ceb77cfbe8.lab-tunnel.org,2,lab_dnscat2,dnscat2,True,dns_tunnel
ff0faba82a2574f9f69d7a8de42a194086b656.ns-data.io,2,lab_dnscat2,dnscat2,True,dns_tunnel
telecommandeonline.com,0,tranco_benign,benign,False,benign
kcmmfordlinnetavox.com,1,dga_cluster_42,dga,False,dga
v4.m3xv7533s2viomxweipbn7lcdtbt.3hvdhkxlrnc247absqc7qw.ns-data.io,2,lab_iodine,iodine,True,dns_tunnel
dnscat.b501b232.e28e891e56c258d5d5187538866607b772c87cd9d.tunnel-poc.com,2,lab_dnscat2,dnscat2,True,dns_tunnel
chrome-extension-downloader.net,0,tranco_benign,benign,False,benign
elrunrun.site,0,tranco_benign,benign,False,benign
vm-prod-327468f4.westeurope.cloudapp.azure.com,0,benign_cloud_instance,benign,True,benign
fastsecurelnk.com,0,tranco_benign,benign,False,benign
login.abmp3songs.top,0,tranco_benign,benign,False,benign
moysad.net,0,tranco_benign,benign,False,benign
karuxkeo.com,1,dga_cluster_40,dga,False,dga
7357cn.org,0,tranco_benign,benign,False,benign
v4.tvozqjrgv7p2aaafecprdpr.ns-data.io,2,lab_iodine,iodine,True,dns_tunnel
e11501de20c8bb1c6c09260020506fc88c.tunnel-com.com,2,original_hex_tunnel,original_tunnel,False,dns_tunnel
perfectrankings.net,0,tranco_benign,benign,False,benign
dnscat.687ac8e7.c37604c78c1fb608ad2cda8edaad56c48484317e9e6ec5e2c6a.ns-data.io,2,lab_dnscat2,dnscat2,True,dns_tunnel
wkylanarianaqh.com,1,dga_cluster_40,dga,False,dga
hgpshinjuku.cc,0,tranco_benign,benign,False,benign
coolerkit.com,0,tranco_benign,benign,False,benign
nzlkererwyatanb.com,1,dga_cluster_41,dga,False,dga
aebi.com,0,tranco_benign,benign,False,benign
bizushop.xyz,0,tranco_benign,benign,False,benign
mzsxts.com,0,tranco_benign,benign,False,benign
demandprovidedlackmeanwish.com,1,dga_cluster_44,dga,False,dga
itsfunny.com,0,tranco_benign,benign,False,benign
cutkmachuslazaroqok.com,1,dga_cluster_40,dga,False,dga
championmarksmokefeardiscover.com,1,dga_cluster_40,dga,False,dga
mail.decantalo.site,0,tranco_benign,benign,False,benign
360tr.org,0,tranco_benign,benign,False,benign
culturetermconditionpanic.net,1,dga_cluster_43,dga,False,dga
hiddenstarsgames.com,0,tranco_benign,benign,False,benign
r41vgykd75a71e4fews1iharun.com,1,dga_cluster_40,dga,False,dga
multimatrimony.io,0,tranco_benign,benign,False,benign
www.wittmanntextiles.com,0,tranco_benign,benign,False,benign
x60b0jnj5wxl0wedmleh421.com,1,dga_cluster_44,dga,False,dga
caqranarianaqh.com,1,dga_cluster_40,dga,False,dga
naibqalvl.tunnel-cc.cc,2,original_hex_tunnel,original_tunnel,False,dns_tunnel
v4.fzqoxnnglmjxslowkcczg7aa3ramkj4akrwml4h.qivlw2gwztman76yz47mxjskxm26vsd.tunnel-sec.biz,2,lab_iodine,iodine,True,dns_tunnel
ekadvdrredg.com,1,dga_cluster_44,dga,False,dga
pbtbedjynmlein.com,1,dga_cluster_44,dga,False,dga
viptim.com,0,tranco_benign,benign,False,benign
auth5.2h1ii127aqz1w5a0flpeq73g26vi74xi9z7333n85kxk7yz7mhx.ns-data.io,2,lab_dns2tcp,dns2tcp,True,dns_tunnel
prosolutions.cc,0,tranco_benign,benign,False,benign
couponordeals.com,0,tranco_benign,benign,False,benign
portal.secureae.com,0,tranco_benign,benign,False,benign
mir-woman35.io,0,tranco_benign,benign,False,benign
vc-enisey.com,0,tranco_benign,benign,False,benign
zxyufordlinnetavox.com,1,dga_cluster_42,dga,False,dga
pabyjw3y.tunnel-com.com,2,original_hex_tunnel,original_tunnel,False,dns_tunnel
advcash.top,0,tranco_benign,benign,False,benign
qyvssagabardinedazyx.com,1,dga_cluster_44,dga,False,dga
universityaddresshateinterested.net,1,dga_cluster_43,dga,False,dga
build-e4b5642a.gitlab.io,0,benign_hex_service,benign,True,benign
lyrnrkwedwmchryr.com,1,dga_cluster_44,dga,False,dga
lblpererwyatanb.com,1,dga_cluster_41,dga,False,dga
qelmererwyatanb.biz,1,dga_cluster_41,dga,False,dga
steprewardbecomerelateblue.io,1,dga_cluster_43,dga,False,dga
armreportboxpurposepersuade.com,1,dga_cluster_40,dga,False,dga
rtekmachuslazaroqok.com,1,dga_cluster_40,dga,False,dga
leoburnett.net,0,tranco_benign,benign,False,benign
mailgenerator.com,0,tranco_benign,benign,False,benign
sealink.com,0,tranco_benign,benign,False,benign
b.c.b.1.1.6.9.6.1.6.3.f.0.3.1.c.ip6.arpa,0,benign_reverse_dns,benign,True,benign
cdn.krystalaquamarin.com,0,tranco_benign,benign,False,benign
observatoriomg.io,0,tranco_benign,benign,False,benign
onlinephotofiler.org,0,tranco_benign,benign,False,benign
206.227.174.136.in-addr.arpa,0,benign_reverse_dns,benign,True,benign
xcity.top,0,tranco_benign,benign,False,benign
xxwjererwyatanb.online,1,dga_cluster_41,dga,False,dga
egyweb.com,0,tranco_benign,benign,False,benign
www.e-heads.top,0,tranco_benign,benign,False,benign
ljumfordlinnetavox.com,1,dga_cluster_42,dga,False,dga
txt.5yl6v3ntiosullfyeacwvssqpl2yonfntnrk2c4cb.cbjauhbantjnatxab5wsrdvy.ns-data.io,2,lab_iodine,iodine,True,dns_tunnel
na-pc.com,0,tranco_benign,benign,False,benign
v4.zjbxcsaskfyrsys5rsml3bwg5vw4cbjb4icq4e76q.ns-data.io,2,lab_iodine,iodine,True,dns_tunnel
lackdustescapesitereward.co,1,dga_cluster_43,dga,False,dga
0ajaeehyq3pacamjy5agiakivycmeq4zr10np122znnlf3vnhoj4nn233ntv3v.tunnel-org.org,2,original_hex_tunnel,original_tunnel,False,dns_tunnel
pvbeererwyatanb.xyz,1,dga_cluster_41,dga,False,dga
choicepreventattemptintend.org,1,dga_cluster_43,dga,False,dga
aabvsagabardinedazyx.com,1,dga_cluster_44,dga,False,dga
phillipscollection.xyz,0,tranco_benign,benign,False,benign
coatmachineassociatetrade.site,1,dga_cluster_43,dga,False,dga
prod-cdn-597.global.ssl.fastly.net,0,benign_cdn,benign,True,benign
vm-prod-044998d5.westeurope.cloudapp.azure.com,0,benign_cloud_instance,benign,True,benign
www.masteroff.com,0,tranco_benign,benign,False,benign
pixeful.org,0,tranco_benign,benign,False,benign
dianzan.com,0,tranco_benign,benign,False,benign
akmtrans.io,0,tranco_benign,benign,False,benign
reisetiger.org,0,tranco_benign,benign,False,benign
uoforever.org,0,tranco_benign,benign,False,benign
hitours.com,0,tranco_benign,benign,False,benign
weatherrealizesmokeestimate.biz,1,dga_cluster_43,dga,False,dga
lfekererwyatanb.com,1,dga_cluster_41,dga,False,dga
1v80x3y1e9ezt11fsv2ar1cqdanh.com,1,dga_cluster_40,dga,False,dga
0nbbmte2qbbobbx3q.tunnel-com.com,2,original_hex_tunnel,original_tunnel,False,dns_tunnel
api.taspapillon.com,0,tranco_benign,benign,False,benign
nvmppartbulkyf.com,1,dga_cluster_40,dga,False,dga
website-service.top,0,tranco_benign,benign,False,benign
omu3lqpku2ed.com,1,dga_cluster_44,dga,False,dga
prod-cdn-291.global.ssl.fastly.net,0,benign_cdn,benign,True,benign
shinomiya-rose.net,0,tranco_benign,benign,False,benign
mail.04x10.net,0,tranco_benign,benign,False,benign
psychologycareercenter.info,0,tranco_benign,benign,False,benign
blog.knifenetwork.com,0,tranco_benign,benign,False,benign
mhstv.com,0,tranco_benign,benign,False,benign
biwako-valley.com,0,tranco_benign,benign,False,benign
32.180.228.134.in-addr.arpa,0,benign_reverse_dns,benign,True,benign
sanmarie.biz,0,tranco_benign,benign,False,benign
dnscat.5e9542d6.29d11ba97aef5375b18dede9c.ns-data.io,2,lab_dnscat2,dnscat2,True,dns_tunnel
57.18.46.188.in-addr.arpa,0,benign_reverse_dns,benign,True,benign
mchwijsrebedclm.com,1,dga_cluster_44,dga,False,dga
qire919.com,0,tranco_benign,benign,False,benign
kenkyuu.org,0,tranco_benign,benign,False,benign
qciesagabardinedazyx.com,1,dga_cluster_44,dga,False,dga
build-8147ef74.azurewebsites.net,0,benign_hex_service,benign,True,benign
dnscat.eb8e8d0b.29e6e42ed459a67e6b86d3f9a3c2ef609b73fd82dae55.lab-tunnel.org,2,lab_dnscat2,dnscat2,True,dns_tunnel
l3sp.biz,0,tranco_benign,benign,False,benign
oeeqfordlinnetavox.com,1,dga_cluster_42,dga,False,dga
login.kalakakkural.pro,0,tranco_benign,benign,False,benign
vokmarux.com,1,dga_cluster_40,dga,False,dga
emzpfordlinnetavox.com,1,dga_cluster_42,dga,False,dga
games-flash-online.com,0,tranco_benign,benign,False,benign
lup.co,0,tranco_benign,benign,False,benign
3801979ddc3f53ab5a56286d21787b5a9d4d863be0a51ed689d14e64bad656f.ns-data.io,2,lab_dnscat2,dnscat2,True,dns_tunnel
coinsetter.com,0,tranco_benign,benign,False,benign
chestfinishwakehesitateoccasion.io,1,dga_cluster_43,dga,False,dga
jzbbtmgeeds.com,1,dga_cluster_44,dga,False,dga
kam-do-sauny.com,0,tranco_benign,benign,False,benign
boulevard-brasil.com,0,tranco_benign,benign,False,benign
qapzererwyatanb.com,1,dga_cluster_41,dga,False,dga
vcelarskenoviny.co,0,tranco_benign,benign,False,benign
xprhfordlinnetavox.online,1,dga_cluster_42,dga,False,dga
build-1e60c86d.gitlab.io,0,benign_hex_service,benign,True,benign
accessreasonclubgardenjacket.pro,1,dga_cluster_43,dga,False,dga
coolutils.org,0,tranco_benign,benign,False,benign
candlepassreasonfandisappointed.me,1,dga_cluster_43,dga,False,dga
doplnkyprokaravany.top,0,tranco_benign,benign,False,benign
buynowus.top,0,tranco_benign,benign,False,benign
ndglfo1tjuddutfajbyzsg7ar.com,1,dga_cluster_40,dga,False,dga
flipagram.co,0,tranco_benign,benign,False,benign
bhumiharmatrimony.com,0,tranco_benign,benign,False,benign
juegosfuriosos.com,0,tranco_benign,benign,False,benign
srv.ztdeyduxfk7evcrc.2on5kpcs6rxyvpmwkuf2qgswufb.yqq2juzw2iwbhw223ampb6knsfw3tcphqunjk.dns-exfil.net,2,lab_iodine,iodine,True,dns_tunnel
interviewyardhesitatedelay.io,1,dga_cluster_43,dga,False,dga
360st.com,0,tranco_benign,benign,False,benign
paeagfai.tunnel-online.online,2,original_hex_tunnel,original_tunnel,False,dns_tunnel
yehnfordlinnetavox.site,1,dga_cluster_42,dga,False,dga
iyrrfordlinnetavox.com,1,dga_cluster_42,dga,False,dga
babaaoque.com,0,tranco_benign,benign,False,benign
login.info64.com,0,tranco_benign,benign,False,benign
cdn.37663766com.org,0,tranco_benign,benign,False,benign
shop.bramstein.com,0,tranco_benign,benign,False,benign
paiajygq.tunnel-com.com,2,original_hex_tunnel,original_tunnel,False,dns_tunnel
iifkpartbulkyf.com,1,dga_cluster_40,dga,False,dga
stavitelstvi-pavlicek.com,0,tranco_benign,benign,False,benign
ifreefuck.io,0,tranco_benign,benign,False,benign
api.fashionovertherainbow.site,0,tranco_benign,benign,False,benign
dev.joanna-marach.com,0,tranco_benign,benign,False,benign
bylinkamb.co,0,tranco_benign,benign,False,benign
1316s1o15fpdbnr2iarns6hzjk.com,1,dga_cluster_40,dga,False,dga
paaim1ya.tunnel-biz.biz,2,original_hex_tunnel,original_tunnel,False,dns_tunnel
138.67.187.150.in-addr.arpa,0,benign_reverse_dns,benign,True,benign
ffypsagabardinedazyx.com,1,dga_cluster_44,dga,False,dga
uupppartbulkyf.com,1,dga_cluster_40,dga,False,dga
shop.mobilife.com,0,tranco_benign,benign,False,benign
dev.polisquash.com,0,tranco_benign,benign,False,benign
affiliateformulax.com,0,tranco_benign,benign,False,benign
vocesabecomo.online,0,tranco_benign,benign,False,benign
mail.xebiocard.com,0,tranco_benign,benign,False,benign
mcmlanarianaqh.com,1,dga_cluster_40,dga,False,dga
build-51b841c2.azurewebsites.net,0,benign_hex_service,benign,True,benign
sladkavstupenka.org,0,tranco_benign,benign,False,benign
paaaptmy.tunnel-com.com,2,original_hex_tunnel,original_tunnel,False,dns_tunnel
pfzkererwyatanb.cc,1,dga_cluster_41,dga,False,dga
zxbbsagabardinedazyx.com,1,dga_cluster_44,dga,False,dga
boomtownroi.me,0,tranco_benign,benign,False,benign
foractiv.com,0,tranco_benign,benign,False,benign
txt.pz6nieewohvoylu7wlb5k7t2a23kx473fdqqfn4fax.2cvp5ebdbxvnnacqkigg6qhmqgcyv3eojuyr2mf26e.m26uht5z46tfapepouan73hfv74ahbycu2tupaw.ns-data.io,2,lab_iodine,iodine,True,dns_tunnel
girloncams.org,0,tranco_benign,benign,False,benign
dnscat.9a75f31d.6d5a66f3cedfdefcaa8f9d.ns-data.io,2,lab_dnscat2,dnscat2,True,dns_tunnel
dev.lasirena.com,0,tranco_benign,benign,False,benign
peopeo.cc,0,tranco_benign,benign,False,benign
5.c.4.d.7.9.4.9.e.c.b.5.e.d.2.a.ip6.arpa,0,benign_reverse_dns,benign,True,benign
jnmefordlinnetavox.org,1,dga_cluster_42,dga,False,dga
agpkfordlinnetavox.com,1,dga_cluster_42,dga,False,dga
aftenbladet.com,0,tranco_benign,benign,False,benign
reihanads.net,0,tranco_benign,benign,False,benign
api.modrysklep.com,0,tranco_benign,benign,False,benign
txt.btpf4ufgsuugq7dnnoeh2f6u5o4ket4bddl.lab-tunnel.org,2,lab_iodine,iodine,True,dns_tunnel
hiddencamsvideo.com,0,tranco_benign,benign,False,benign
extremista.org,0,tranco_benign,benign,False,benign
auth.trusit.org,0,tranco_benign,benign,False,benign
sivyfordlinnetavox.com,1,dga_cluster_42,dga,False,dga
216.240.2.68.in-addr.arpa,0,benign_reverse_dns,benign,True,benign
zviqsagabardinedazyx.com,1,dga_cluster_44,dga,False,dga
jpyusagabardinedazyx.com,1,dga_cluster_44,dga,False,dga
mightysounds.xyz,0,tranco_benign,benign,False,benign
meine-kartenmanufaktur.io,0,tranco_benign,benign,False,benign
siteshowinfo.me,0,tranco_benign,benign,False,benign
portal.webradiopetrolandia.info,0,tranco_benign,benign,False,benign
0eqbcxm.tunnel-pro.pro,2,original_hex_tunnel,original_tunnel,False,dns_tunnel
pkleak.com,0,tranco_benign,benign,False,benign
tcoc.org,0,tranco_benign,benign,False,benign
cdn.alemaksi.net,0,tranco_benign,benign,False,benign
985gr.com,0,tranco_benign,benign,False,benign
songestablishmarketdoubt.com,1,dga_cluster_40,dga,False,dga
urbanbaby.top,0,tranco_benign,benign,False,benign
datesmobile.cc,0,tranco_benign,benign,False,benign
sul21.cc,0,tranco_benign,benign,False,benign
dev.bitsontherun.com,0,tranco_benign,benign,False,benign
dnscat.c8ab627b.c059bd8a335089610e7630de6dbae55b88dd5d.ns-data.io,2,lab_dnscat2,dnscat2,True,dns_tunnel
psjailbreak.xyz,0,tranco_benign,benign,False,benign
228201de20a0967abe35e800589289525a.tunnel-top.top,2,original_hex_tunnel,original_tunnel,False,dns_tunnel
h266mukwasnyfaryjz.com,1,dga_cluster_40,dga,False,dga
shonan-kokusai.com,0,tranco_benign,benign,False,benign
auth.evident.com,0,tranco_benign,benign,False,benign
kawkererwyatanb.com,1,dga_cluster_41,dga,False,dga
xfmyfordlinnetavox.com,1,dga_cluster_42,dga,False,dga
claw.xyz,0,tranco_benign,benign,False,benign
m.safeexpresspackersmovers.org,0,tranco_benign,benign,False,benign
kreativninapady.cc,0,tranco_benign,benign,False,benign
blog.orlandofuntickets.com,0,tranco_benign,benign,False,benign
chienluc.top,0,tranco_benign,benign,False,benign
auth3.9d4779ffrld9ugb9v10get2bd1h7uv46n1n7caoz16.dns-exfil.net,2,lab_dns2tcp,dns2tcp,True,dns_tunnel
bigcitybeats.com,0,tranco_benign,benign,False,benign
ulinks.com,0,tranco_benign,benign,False,benign
static.vici.site,0,tranco_benign,benign,False,benign
bodydeals.top,0,tranco_benign,benign,False,benign
auth5.3tx8f1r6h3g7095k21guf7zrbkbo14csehiwth3ysvc0ka2hifkj.ns-data.io,2,lab_dns2tcp,dns2tcp,True,dns_tunnel
thaiearntalk.com,0,tranco_benign,benign,False,benign
wbiconpro.info,0,tranco_benign,benign,False,benign
swrve.com,0,tranco_benign,benign,False,benign
cdn.auta5p.com,0,tranco_benign,benign,False,benign
wgedplefrostbitecycz.com,1,dga_cluster_44,dga,False,dga
jntlpartbulkyf.com,1,dga_cluster_40,dga,False,dga
dxhvfordlinnetavox.org,1,dga_cluster_42,dga,False,dga
112-115-230-168.bc.googleusercontent.com,0,benign_cloud_instance,benign,True,benign
193-231-64-251.bc.googleusercontent.com,0,benign_cloud_instance,benign,True,benign
0ikafzacmjddt1ecgg4s4hg432pnflk0edadb4x.tunnel-co.co,2,original_hex_tunnel,original_tunnel,False,dns_tunnel
login.corrosionawareness.net,0,tranco_benign,benign,False,benign
ckzopartbulkyf.com,1,dga_cluster_40,dga,False,dga
bootexistswingreasondamage.cc,1,dga_cluster_43,dga,False,dga
static.abbseo.xyz,0,tranco_benign,benign,False,benign
gyneo.me,0,tranco_benign,benign,False,benign
cloudprovidewishshowmark.com,1,dga_cluster_40,dga,False,dga
vbfkpartbulkyf.com,1,dga_cluster_40,dga,False,dga
lbdhpartbulkyf.com,1,dga_cluster_40,dga,False,dga
upcl.com,0,tranco_benign,benign,False,benign
wmnfererwyatanb.com,1,dga_cluster_41,dga,False,dga
studio-interier.net,0,tranco_benign,benign,False,benign
b51a01a3961f30761dfff0006912e0e194.tunnel-xyz.xyz,2,original_hex_tunnel,original_tunnel,False,dns_tunnel
dnscat.853df578.9a908bc12ae3e209b4f06cf4f37a9ed.lab-tunnel.org,2,lab_dnscat2,dnscat2,True,dns_tunnel
pamacteq.tunnel-online.online,2,original_hex_tunnel,original_tunnel,False,dns_tunnel
thoughtclosedliptrysizebottle.com,1,dga_cluster_44,dga,False,dga
pledis17.org,0,tranco_benign,benign,False,benign
dagensarena.net,0,tranco_benign,benign,False,benign
tutufu.com,0,tranco_benign,benign,False,benign
build-bcde2860092abca.github.io,0,benign_hex_service,benign,True,benign
manzelnahodku.com,0,tranco_benign,benign,False,benign
rankfirstlocal.com,0,tranco_benign,benign,False,benign
europa-mop.org,0,tranco_benign,benign,False,benign
modlitbymatek.com,0,tranco_benign,benign,False,benign
www.cmdrd.com,0,tranco_benign,benign,False,benign
flexjobstudent.com,0,tranco_benign,benign,False,benign
c489d14ed9bac52d94ed3e3b760a451570.com,1,dga_cluster_44,dga,False,dga
timenervedevelopconvince.com,1,dga_cluster_44,dga,False,dga
zyrohar.com,1,dga_cluster_40,dga,False,dga
api.xdisk.com,0,tranco_benign,benign,False,benign
api.pharm-market.net,0,tranco_benign,benign,False,benign
celebs-empire.xyz,0,tranco_benign,benign,False,benign
a.hewsqdtbhbulgrrbyx2vu7.hohps5ryfvso25ntqigranqbuhjg.22nwwqdt5xkq2jukczwbn4zszasuhqgh.tunnel-sec.biz,2,lab_iodine,iodine,True,dns_tunnel
dev.krwebzone.xyz,0,tranco_benign,benign,False,benign
d.2.1.4.8.b.c.1.7.6.7.0.6.f.a.3.ip6.arpa,0,benign_reverse_dns,benign,True,benign
blog.zusvpetrova.com,0,tranco_benign,benign,False,benign
locallife.com,0,tranco_benign,benign,False,benign
onressystems.com,0,tranco_benign,benign,False,benign
regal88.com,0,tranco_benign,benign,False,benign
projetoderedes.com,0,tranco_benign,benign,False,benign
gktgpartbulkyf.com,1,dga_cluster_40,dga,False,dga
pamafudq.tunnel-com.com,2,original_hex_tunnel,original_tunnel,False,dns_tunnel
luiartjowaq.com,1,dga_cluster_40,dga,False,dga
auth6.1zqxg03qzbs6k7xgh7iicbhkx6.dns-exfil.net,2,lab_dns2tcp,dns2tcp,True,dns_tunnel
yijdfordlinnetavox.net,1,dga_cluster_42,dga,False,dga
sportaim-shop.xyz,0,tranco_benign,benign,False,benign
foliecoquine.net,0,tranco_benign,benign,False,benign
phonepriceinbd.com,0,tranco_benign,benign,False,benign
api.za100le-mt.com,0,tranco_benign,benign,False,benign
alicante-spain.cc,0,tranco_benign,benign,False,benign
www.lifewithpinkprincesses.com,0,tranco_benign,benign,False,benign
knihovnavn.org,0,tranco_benign,benign,False,benign
prepressure.com,0,tranco_benign,benign,False,benign
origemdapalavra.info,0,tranco_benign,benign,False,benign
xugaror.com,1,dga_cluster_40,dga,False,dga
wakinikucatcher.com,0,tranco_benign,benign,False,benign
mwjlfordlinnetavox.io,1,dga_cluster_42,dga,False,dga
v4.jcga7gau46vfbnpmjmtu2pi544tcw5pm7yuhnhy.cukdw5frypmvqs3gjhyafmkegll3nwx4gp66c.tunnel-sec.biz,2,lab_iodine,iodine,True,dns_tunnel
patelbros.top,0,tranco_benign,benign,False,benign
pamafxwq.tunnel-org.org,2,original_hex_tunnel,original_tunnel,False,dns_tunnel
136.125.23.213.in-addr.arpa,0,benign_reverse_dns,benign,True,benign
onlain-obmen.top,0,tranco_benign,benign,False,benign
redfoodie.com,0,tranco_benign,benign,False,benign
1aoboztga2afvyigji.tunnel-com.com,2,original_hex_tunnel,original_tunnel,False,dns_tunnel
shop.salondobroviz.biz,0,tranco_benign,benign,False,benign
c62de13457a2228893d6be7e793c6f57f8336060caaeceb385a70a4f.ns-data.io,2,lab_dnscat2,dnscat2,True,dns_tunnel
ywsksagabardinedazyx.com,1,dga_cluster_44,dga,False,dga
241.149.72.46.in-addr.arpa,0,benign_reverse_dns,benign,True,benign
dnscat.5014c790.42d762dc3be611a59209d9a80576f85780.ns-data.io,2,lab_dnscat2,dnscat2,True,dns_tunnel
kuaihuo234.com,0,tranco_benign,benign,False,benign
lldimachuslazaroqok.com,1,dga_cluster_40,dga,False,dga
infomun.com,0,tranco_benign,benign,False,benign
d2b5fe80b35ddb5.cloudfront.net,0,benign_cdn,benign,True,benign
candidateshipreservereact.top,1,dga_cluster_43,dga,False,dga
bohemialov.com,0,tranco_benign,benign,False,benign
portal.spankingthem.net,0,tranco_benign,benign,False,benign
auth2.f409480gp5tv2xszh6ueyn3td4.lab-tunnel.org,2,lab_dns2tcp,dns2tcp,True,dns_tunnel
d3d07588b6370e8.cloudfront.net,0,benign_cdn,benign,True,benign
eb8901ce434b01b26819f70103665330ec.tunnel-online.online,2,original_hex_tunnel,original_tunnel,False,dns_tunnel
vm-prod-00080948.westeurope.cloudapp.azure.com,0,benign_cloud_instance,benign,True,benign
foxstar.info,0,tranco_benign,benign,False,benign
droptilyoushop.com,0,tranco_benign,benign,False,benign
pamafvji.tunnel-com.com,2,original_hex_tunnel,original_tunnel,False,dns_tunnel
ewdbererwyatanb.com,1,dga_cluster_41,dga,False,dga
dev.srinagar.com,0,tranco_benign,benign,False,benign
sou-skoda.org,0,tranco_benign,benign,False,benign
personalshop.net,0,tranco_benign,benign,False,benign
nashvilleartscritic.com,0,tranco_benign,benign,False,benign
fbu.com,0,tranco_benign,benign,False,benign
avtosklad.com,0,tranco_benign,benign,False,benign
mawglam.com,0,tranco_benign,benign,False,benign
zahn-arzt-ungarn.com,0,tranco_benign,benign,False,benign
sitedemeninas.com,0,tranco_benign,benign,False,benign
portal.protetikaplus.io,0,tranco_benign,benign,False,benign
mail.mensup.com,0,tranco_benign,benign,False,benign
464b01f05980640a3e5ba7006d13121e33.tunnel-xyz.xyz,2,original_hex_tunnel,original_tunnel,False,dns_tunnel
covertbuickgmc.com,0,tranco_benign,benign,False,benign
dd1b6c18b918ffb.cloudfront.net,0,benign_cdn,benign,True,benign
json-csv.net,0,tranco_benign,benign,False,benign
fnqjererwyatanb.com,1,dga_cluster_41,dga,False,dga
dnscat.51632021.c2aa064069398426047c5.dns-exfil.net,2,lab_dnscat2,dnscat2,True,dns_tunnel
s7aad66a3f26e5461e40036a6eda7a4f8c.com,1,dga_cluster_44,dga,False,dga
a108-82-234-240.deploy.static.akamaitechnologies.com,0,benign_cdn,benign,True,benign
creditmutuelmobile.com,0,tranco_benign,benign,False,benign
shop.absolutelyrics.com,0,tranco_benign,benign,False,benign
d5c32f37c18d0ef.cloudfront.net,0,benign_cdn,benign,True,benign
ji-yeon1001.co,0,tranco_benign,benign,False,benign
flashgamelicense.com,0,tranco_benign,benign,False,benign
jessejones.me,0,tranco_benign,benign,False,benign
kypsererwyatanb.online,1,dga_cluster_41,dga,False,dga
cdn.zonalendir.net,0,tranco_benign,benign,False,benign
paaap40i.tunnel-top.top,2,original_hex_tunnel,original_tunnel,False,dns_tunnel
phaseinstallseparateclaim.com,1,dga_cluster_40,dga,False,dga
binjiang.co,0,tranco_benign,benign,False,benign
golf-kravare.com,0,tranco_benign,benign,False,benign
eg8joar1swpxsfvmbe.com,1,dga_cluster_40,dga,False,dga
dokuzuncubulut.com,0,tranco_benign,benign,False,benign
vision-sport.com,0,tranco_benign,benign,False,benign
c08fb3289287b8d1ade522819a96f985664ba14ef6c5105d755463a9.tunnel-sec.biz,2,lab_dnscat2,dnscat2,True,dns_tunnel
login.megatubeart.com,0,tranco_benign,benign,False,benign
worldofgnome.net,0,tranco_benign,benign,False,benign
vm-prod-c6f281d4.westeurope.cloudapp.azure.com,0,benign_cloud_instance,benign,True,benign
nambqb5kk.tunnel-org.org,2,original_hex_tunnel,original_tunnel,False,dns_tunnel
242.244.75.10.in-addr.arpa,0,benign_reverse_dns,benign,True,benign
diaridelaneu.com,0,tranco_benign,benign,False,benign
fbyumachuslazaroqok.com,1,dga_cluster_40,dga,False,dga
cdn.talk-sports.com,0,tranco_benign,benign,False,benign
markreportbottledistribute.biz,1,dga_cluster_43,dga,False,dga
31dni.com,0,tranco_benign,benign,False,benign
shop.ecole.com,0,tranco_benign,benign,False,benign
improvementscatalog-email.top,0,tranco_benign,benign,False,benign
naabqbi34.tunnel-org.org,2,original_hex_tunnel,original_tunnel,False,dns_tunnel
a19-187-97-213.deploy.static.akamaitechnologies.com,0,benign_cdn,benign,True,benign
yaoyumi.com,0,tranco_benign,benign,False,benign
gent.xyz,0,tranco_benign,benign,False,benign
whitewind-resort.com,0,tranco_benign,benign,False,benign
pdccfordlinnetavox.org,1,dga_cluster_42,dga,False,dga
liscijezero.xyz,0,tranco_benign,benign,False,benign
sokolmalastrana.com,0,tranco_benign,benign,False,benign
rowweatherinvitestresstake.top,1,dga_cluster_43,dga,False,dga
operation-hernien.net,0,tranco_benign,benign,False,benign
bbdipartbulkyf.com,1,dga_cluster_40,dga,False,dga
78nwuz1m8hhtd1etx02h1gar82z.com,1,dga_cluster_40,dga,False,dga
gold-master.top,0,tranco_benign,benign,False,benign
sulwhasoo.net,0,tranco_benign,benign,False,benign
waado.com,0,tranco_benign,benign,False,benign
shipcomfortlipmindnecksmart.net,1,dga_cluster_42,dga,False,dga
portal.dogamingleague.online,0,tranco_benign,benign,False,benign
a39-81-107-207.deploy.static.akamaitechnologies.com,0,benign_cdn,benign,True,benign
eshopdeals.net,0,tranco_benign,benign,False,benign
scarm.org,0,tranco_benign,benign,False,benign
null.u3ah2dfbyf6zgphoryn2q66f5n4p6lcrf3.rxwdc75zhfqgfuucipvyibz.ns-data.io,2,lab_iodine,iodine,True,dns_tunnel
pamafuni.tunnel-net.net,2,original_hex_tunnel,original_tunnel,False,dns_tunnel
altryss.com,0,tranco_benign,benign,False,benign
bamking14.org,0,tranco_benign,benign,False,benign
stateinvitefarmappreciate.org,1,dga_cluster_43,dga,False,dga
auth.centrumpruzkumu.com,0,tranco_benign,benign,False,benign
quarterfinanceknowneckcareer.co,1,dga_cluster_41,dga,False,dga
124-51-170-247.bc.googleusercontent.com,0,benign_cloud_instance,benign,True,benign
m.6ema6.org,0,tranco_benign,benign,False,benign
mail.ugj.net,0,tranco_benign,benign,False,benign
bu-baraholka.io,0,tranco_benign,benign,False,benign
ptxjsagabardinedazyx.com,1,dga_cluster_44,dga,False,dga
tbbjpartbulkyf.com,1,dga_cluster_40,dga,False,dga
shop.tutorialsforopenoffice.net,0,tranco_benign,benign,False,benign
dfbpfordlinnetavox.com,1,dga_cluster_42,dga,False,dga
cdn-cache-1f171968.cf-ipfs.com,0,benign_cdn,benign,True,benign
semkmachuslazaroqok.com,1,dga_cluster_40,dga,False,dga
mail.maxius.com,0,tranco_benign,benign,False,benign
ypecinevideo.com,0,tranco_benign,benign,False,benign
auth2.lbnc1zth4pgscbsxo6rl3q43778i5i97p6k2xme1vfm8zqg.tunnel-sec.biz,2,lab_dns2tcp,dns2tcp,True,dns_tunnel
kengsub.com,0,tranco_benign,benign,False,benign
akbmfordlinnetavox.cc,1,dga_cluster_42,dga,False,dga
avgmjnymvvdjari.com,1,dga_cluster_40,dga,False,dga
r9fdede0198b9161a835cb002380ecbd7c.com,1,dga_cluster_44,dga,False,dga
dynamobim.info,0,tranco_benign,benign,False,benign
feedbacksports.info,0,tranco_benign,benign,False,benign
l1d.com,0,tranco_benign,benign,False,benign
build-e316898d51e.azurewebsites.net,0,benign_hex_service,benign,True,benign
venusiny-kulicky-info.com,0,tranco_benign,benign,False,benign
amconservationgroup.com,0,tranco_benign,benign,False,benign
payu.top,0,tranco_benign,benign,False,benign
srv.ceeney7dipv5o2fvirmkser2m.jowkbfpymt3o3gixdkzsept6n77.lab-tunnel.org,2,lab_iodine,iodine,True,dns_tunnel
prod-cdn-137.global.ssl.fastly.net,0,benign_cdn,benign,True,benign
vm-prod-e2614aed.westeurope.cloudapp.azure.com,0,benign_cloud_instance,benign,True,benign
sgsgpartbulkyf.com,1,dga_cluster_40,dga,False,dga
tabletsnlaptops.com,0,tranco_benign,benign,False,benign
hdcc9fe7fd68f3ee2290edda9bf063bf0f.com,1,dga_cluster_44,dga,False,dga
srv.nmehhgdfnf4ui4xjwlnvetoztmv5nh3snojiow.fpv3x37ppiuziv453ckygnvp7zdwnid3.drol3o7vkgdzjwc2ui4k.tunnel-sec.biz,2,lab_iodine,iodine,True,dns_tunnel
saddahaq.com,0,tranco_benign,benign,False,benign
rbmv.com,0,tranco_benign,benign,False,benign
6dd701c3148b5e23ac327d001901959db6.tunnel-co.co,2,original_hex_tunnel,original_tunnel,False,dns_tunnel
airmarketruinhurtprotect.com,1,dga_cluster_40,dga,False,dga
istreetnetwork.com,0,tranco_benign,benign,False,benign
free-of-stress.top,0,tranco_benign,benign,False,benign
vm-prod-3b81ef97.westeurope.cloudapp.azure.com,0,benign_cloud_instance,benign,True,benign
negotiationskinadmirereference.com,1,dga_cluster_41,dga,False,dga
kacafurie.org,0,tranco_benign,benign,False,benign
t90dy.site,0,tranco_benign,benign,False,benign
login.education-sa.net,0,tranco_benign,benign,False,benign
lbedonqxgncu.com,1,dga_cluster_44,dga,False,dga
auth0.8n3yaudwt4puwcbtv1gvtg3c5mzqy8qmehh8c.tunnel-poc.com,2,lab_dns2tcp,dns2tcp,True,dns_tunnel
whatyvonneloves.xyz,0,tranco_benign,benign,False,benign
m.thetexasseocompany.com,0,tranco_benign,benign,False,benign
728dcad13dfc3054e6b7621f95a3e8a1d85eebb.ns-data.io,2,lab_dnscat2,dnscat2,True,dns_tunnel
api.viod.com,0,tranco_benign,benign,False,benign
toadworld.com,0,tranco_benign,benign,False,benign
fc49ef2b6360a1d102e62fe60cb2e11b.ns-data.io,2,lab_dnscat2,dnscat2,True,dns_tunnel
pvzqererwyatanb.net,1,dga_cluster_41,dga,False,dga
kientrucbietthu.org,0,tranco_benign,benign,False,benign
oaxis.com,0,tranco_benign,benign,False,benign
build-635d716d1d1.vercel.app,0,benign_hex_service,benign,True,benign
lacptworcofxnjsihgwvrnslgqtwkhoa.tunnel-com.com,2,original_hex_tunnel,original_tunnel,False,dns_tunnel
vm-prod-990c5908.westeurope.cloudapp.azure.com,0,benign_cloud_instance,benign,True,benign
eyrefordlinnetavox.com,1,dga_cluster_42,dga,False,dga
1946weide.net,0,tranco_benign,benign,False,benign
onlinegamesfilesone.com,0,tranco_benign,benign,False,benign
extensionwishapproachshelter.org,1,dga_cluster_43,dga,False,dga
rhbypartbulkyf.com,1,dga_cluster_40,dga,False,dga
221-137-60-149.bc.googleusercontent.com,0,benign_cloud_instance,benign,True,benign
xopareoh.com,1,dga_cluster_40,dga,False,dga
qkqdanarianaqh.com,1,dga_cluster_40,dga,False,dga
stakeholdermap.com,0,tranco_benign,benign,False,benign
dtqmfordlinnetavox.org,1,dga_cluster_42,dga,False,dga
bzrqererwyatanb.com,1,dga_cluster_41,dga,False,dga
tularyp.com,1,dga_cluster_40,dga,False,dga
davidoyedepoministries.com,0,tranco_benign,benign,False,benign
auth.stock-analysis-on.top,0,tranco_benign,benign,False,benign
auth4.9nz8mhlw6oka4j625aavx7233rgruva42q3qu7rvncy.dns-exfil.net,2,lab_dns2tcp,dns2tcp,True,dns_tunnel
blog.gooya.com,0,tranco_benign,benign,False,benign
auth.nalepovacitabule.com,0,tranco_benign,benign,False,benign
zonakaoz.org,0,tranco_benign,benign,False,benign
mojepalubky.info,0,tranco_benign,benign,False,benign
study-ccna.com,0,tranco_benign,benign,False,benign
resmed.com,0,tranco_benign,benign,False,benign
a.cj6apmshuk2w6g46tpzcxuteeswpgfd.dns-exfil.net,2,lab_iodine,iodine,True,dns_tunnel
yueus.com,0,tranco_benign,benign,False,benign
dadb3ce74ec87d0.cloudfront.net,0,benign_cdn,benign,True,benign
a177-200-56-91.deploy.static.akamaitechnologies.com,0,benign_cdn,benign,True,benign
0mbbcpdnggyhambygkyai5gxozqhaycujxtbfydeajremdqgl4u4ut2ytasihv.tunnel-com.com,2,original_hex_tunnel,original_tunnel,False,dns_tunnel
horakypetrojet.com,0,tranco_benign,benign,False,benign
buzztache.net,0,tranco_benign,benign,False,benign
b8bf01a396d8b601a623680061491262ba.tunnel-co.co,2,original_hex_tunnel,original_tunnel,False,dns_tunnel
30570ir.biz,0,tranco_benign,benign,False,benign
build-b5046c6c8d6d1.gitlab.io,0,benign_hex_service,benign,True,benign
npstfjnmkedni.com,1,dga_cluster_44,dga,False,dga
b5z.com,0,tranco_benign,benign,False,benign
ppqnfordlinnetavox.com,1,dga_cluster_42,dga,False,dga
f3e499d0d996f99ceda32124d136beb9b6abbf1e18e9f73a6074adde06f709be9010.tunnel-poc.com,2,lab_dnscat2,dnscat2,True,dns_tunnel
cdn.paradisepackers.com,0,tranco_benign,benign,False,benign
auth4.mzej2l8hkm1dguw85cybcz6y1ss49zsjepdau9q.tunnel-poc.com,2,lab_dns2tcp,dns2tcp,True,dns_tunnel
autolajza.com,0,tranco_benign,benign,False,benign
thisinterestsme.com,0,tranco_benign,benign,False,benign
xbmiererwyatanb.com,1,dga_cluster_41,dga,False,dga
0mdbmpdnggyhambygkyfq5hb4pqhayctndtjfydeajremf4xarrxm5s45mjqdc.tunnel-com.com,2,original_hex_tunnel,original_tunnel,False,dns_tunnel
auth.teleread.top,0,tranco_benign,benign,False,benign
plantmanagementnetwork.online,0,tranco_benign,benign,False,benign
dema-dekor.com,0,tranco_benign,benign,False,benign
tezbookmarking.org,0,tranco_benign,benign,False,benign
blackhat-tricks.com,0,tranco_benign,benign,False,benign
iamtilatequila.com,0,tranco_benign,benign,False,benign
mince-net.com,0,tranco_benign,benign,False,benign
prazskyhrad.com,0,tranco_benign,benign,False,benign
153.116.184.85.in-addr.arpa,0,benign_reverse_dns,benign,True,benign
czechfinance.net,0,tranco_benign,benign,False,benign
lpsgfordlinnetavox.info,1,dga_cluster_42,dga,False,dga
volkswagen-media-services.com,0,tranco_benign,benign,False,benign
imdvsagabardinedazyx.com,1,dga_cluster_44,dga,False,dga
canadiannanny.com,0,tranco_benign,benign,False,benign
huboncampus.com,0,tranco_benign,benign,False,benign
literatureovercomecandidate.top,1,dga_cluster_41,dga,False,dga
build-57d06158476edcad.vercel.app,0,benign_hex_service,benign,True,benign
xhsgfordlinnetavox.com,1,dga_cluster_42,dga,False,dga
isuunto.pro,0,tranco_benign,benign,False,benign
plmzsagabardinedazyx.com,1,dga_cluster_44,dga,False,dga
vxshererwyatanb.online,1,dga_cluster_41,dga,False,dga
dev.euro-assurance.site,0,tranco_benign,benign,False,benign
lugistore.co,0,tranco_benign,benign,False,benign
cdn-cache-cf74dc7b.cf-ipfs.com,0,benign_cdn,benign,True,benign
theviralweb.com,0,tranco_benign,benign,False,benign
indianbytes.net,0,tranco_benign,benign,False,benign
vaaaakaxmua.tunnel-com.com,2,original_hex_tunnel,original_tunnel,False,dns_tunnel
espaciodeprensa.net,0,tranco_benign,benign,False,benign
build-b0943eccdf.github.io,0,benign_hex_service,benign,True,benign
dev.milan-stavitel.site,0,tranco_benign,benign,False,benign
docusearch.com,0,tranco_benign,benign,False,benign
prod-cdn-863.global.ssl.fastly.net,0,benign_cdn,benign,True,benign
login.thechaosvanguard.org,0,tranco_benign,benign,False,benign
build-162f03dd46e.azurewebsites.net,0,benign_hex_service,benign,True,benign
build-7c27f591a33.azurewebsites.net,0,benign_hex_service,benign,True,benign
lifemadesimplebakes.online,0,tranco_benign,benign,False,benign
requesttypeshelterpeakstruggle.net,1,dga_cluster_43,dga,False,dga
tnvhererwyatanb.biz,1,dga_cluster_41,dga,False,dga
kzoj.com,0,tranco_benign,benign,False,benign
uosiererwyatanb.info,1,dga_cluster_41,dga,False,dga
fb0dfac933a60674ee0d20a03c1bd01f58f5f0acb6974eb8d1d4b45fc55d8533fb.dns-exfil.net,2,lab_dnscat2,dnscat2,True,dns_tunnel
icarstore.com,0,tranco_benign,benign,False,benign
2.d.9.3.6.2.1.2.0.5.2.5.4.d.c.0.ip6.arpa,0,benign_reverse_dns,benign,True,benign
dev.datum.com,0,tranco_benign,benign,False,benign
0qabapdnggyhambygkyai5gx4fqhaycujvrbfydeajremdqggxxpceumufbhwz.tunnel-xyz.xyz,2,original_hex_tunnel,original_tunnel,False,dns_tunnel
tvcf.co,0,tranco_benign,benign,False,benign
52-4-243-223.bc.googleusercontent.com,0,benign_cloud_instance,benign,True,benign
incmd05.com,0,tranco_benign,benign,False,benign
www.infoindonesiakita.biz,0,tranco_benign,benign,False,benign
vm-prod-0eeb0e5a.westeurope.cloudapp.azure.com,0,benign_cloud_instance,benign,True,benign
bedroomvisitbecomeinvest.com,1,dga_cluster_44,dga,False,dga
qimarqrsxsz.com,1,dga_cluster_40,dga,False,dga
maritimematters.com,0,tranco_benign,benign,False,benign
umegsagabardinedazyx.com,1,dga_cluster_44,dga,False,dga
naach3jgs.tunnel-me.me,2,original_hex_tunnel,original_tunnel,False,dns_tunnel
ytbs3x.tunnel-com.com,2,original_hex_tunnel,original_tunnel,False,dns_tunnel
mail.retire29.net,0,tranco_benign,benign,False,benign
momadesign.com,0,tranco_benign,benign,False,benign
pbpypartbulkyf.com,1,dga_cluster_40,dga,False,dga
portal.katakomby.pro,0,tranco_benign,benign,False,benign
kumayama.com,0,tranco_benign,benign,False,benign
pamafsea.tunnel-io.io,2,original_hex_tunnel,original_tunnel,False,dns_tunnel
hdlkererwyatanb.net,1,dga_cluster_41,dga,False,dga
shop.silhavy-ramala.co,0,tranco_benign,benign,False,benign
api.laplanner.online,0,tranco_benign,benign,False,benign
tradeprint.org,0,tranco_benign,benign,False,benign
ec2-14-137-216-140.compute-1.amazonaws.com,0,benign_cloud_instance,benign,True,benign
deskssgedrr.com,1,dga_cluster_44,dga,False,dga
ebadta.com,0,tranco_benign,benign,False,benign
paycation.org,0,tranco_benign,benign,False,benign
txt.7eqp6teaibunjllsqky4s3mituyiery6ifv6.dns-exfil.net,2,lab_iodine,iodine,True,dns_tunnel
34a75f68116261ae27c20285338b7cb49800.tunnel-sec.biz,2,lab_dnscat2,dnscat2,True,dns_tunnel
atank.pro,0,tranco_benign,benign,False,benign
www.chunskiy.info,0,tranco_benign,benign,False,benign
retuser.com,0,tranco_benign,benign,False,benign
organizationgetmarketship.site,1,dga_cluster_43,dga,False,dga
52-147-237-149.bc.googleusercontent.com,0,benign_cloud_instance,benign,True,benign
ec2-51-186-19-99.compute-1.amazonaws.com,0,benign_cloud_instance,benign,True,benign
pldefordlinnetavox.io,1,dga_cluster_42,dga,False,dga
0qsbmznjqmbsgiyhk21kgfno4lvmcfiauj3qntq.tunnel-co.co,2,original_hex_tunnel,original_tunnel,False,dns_tunnel
hbyfererwyatanb.top,1,dga_cluster_41,dga,False,dga
omqksagabardinedazyx.com,1,dga_cluster_44,dga,False,dga
lpipydwfedgg.com,1,dga_cluster_44,dga,False,dga
egedovmcpgmj.com,1,dga_cluster_44,dga,False,dga
tucasa.io,0,tranco_benign,benign,False,benign
naturalbalanceinc.com,0,tranco_benign,benign,False,benign
90bola.com,0,tranco_benign,benign,False,benign
dev.babil.com,0,tranco_benign,benign,False,benign
yuvvmachuslazaroqok.com,1,dga_cluster_40,dga,False,dga
yuptalk.xyz,0,tranco_benign,benign,False,benign
vdbvaluedesignbuild.site,0,tranco_benign,benign,False,benign
setjmachuslazaroqok.com,1,dga_cluster_40,dga,False,dga
healthplanone.online,0,tranco_benign,benign,False,benign
surf-cool.com,0,tranco_benign,benign,False,benign
fotok5.com,0,tranco_benign,benign,False,benign
veaharok.com,1,dga_cluster_40,dga,False,dga
auth7.81ur0rks6jfulsguw7q9r3py1uzaubc.ns-data.io,2,lab_dns2tcp,dns2tcp,True,dns_tunnel
null.nxvbdo52y2rzspwfpkkcbh3usn.tunnel-poc.com,2,lab_iodine,iodine,True,dns_tunnel
jayrambhia.com,0,tranco_benign,benign,False,benign
jccayer.com,0,tranco_benign,benign,False,benign
ewtppartbulkyf.com,1,dga_cluster_40,dga,False,dga
arambook.online,0,tranco_benign,benign,False,benign
blog.teletime.com,0,tranco_benign,benign,False,benign
bdmoviebazar.com,0,tranco_benign,benign,False,benign
intervieweb.top,0,tranco_benign,benign,False,benign
noticky.net,0,tranco_benign,benign,False,benign
deskoperatewastowelwishcloud.net,1,dga_cluster_43,dga,False,dga
npivovar.co,0,tranco_benign,benign,False,benign
shop.zasluncem.org,0,tranco_benign,benign,False,benign
5a8fd027ae5b1145eac32bb0c71bcf1a92bedda1f3ebc711a36dd6fb3.ns-data.io,2,lab_dnscat2,dnscat2,True,dns_tunnel
unrevoked.io,0,tranco_benign,benign,False,benign
0rcatjnnuov0p15anbsgyytkmyhaaradq1.tunnel-com.com,2,original_hex_tunnel,original_tunnel,False,dns_tunnel
lesyco.online,0,tranco_benign,benign,False,benign
86d601ce439d32f313284401a79bda5a0d.tunnel-net.net,2,original_hex_tunnel,original_tunnel,False,dns_tunnel
login.cardhub.org,0,tranco_benign,benign,False,benign
jvzaererwyatanb.io,1,dga_cluster_41,dga,False,dga
null.gbx7dkzjffjr2uedcktqakslg35drns3kph2rtz.ahtwjznd43ejpij3jey3felic223b7q.bt7kk56y62yxekfwq5twn4zy6ryujitqketl4y5.tunnel-poc.com,2,lab_iodine,iodine,True,dns_tunnel
177.4.144.141.in-addr.arpa,0,benign_reverse_dns,benign,True,benign
vietfuture.com,0,tranco_benign,benign,False,benign
build-6503f2f77d6c4a.azurewebsites.net,0,benign_hex_service,benign,True,benign
iguide-hotels.info,0,tranco_benign,benign,False,benign
ifedgfihdvlo.com,1,dga_cluster_44,dga,False,dga
vm-prod-eb3db662.westeurope.cloudapp.azure.com,0,benign_cloud_instance,benign,True,benign
null.ac3kp2nteh4ohpu2qa366.tunnel-poc.com,2,lab_iodine,iodine,True,dns_tunnel
api.saint-prostata.com,0,tranco_benign,benign,False,benign
krnqhedptkyp.com,1,dga_cluster_44,dga,False,dga
365web.info,0,tranco_benign,benign,False,benign
prostir.top,0,tranco_benign,benign,False,benign
jfpbfordlinnetavox.info,1,dga_cluster_42,dga,False,dga
qgpnpartbulkyf.com,1,dga_cluster_40,dga,False,dga
marry5.co,0,tranco_benign,benign,False,benign
twport.com,0,tranco_benign,benign,False,benign
cocolo.me,0,tranco_benign,benign,False,benign
m.thepaleosecret.info,0,tranco_benign,benign,False,benign
ccdysagabardinedazyx.com,1,dga_cluster_44,dga,False,dga
0q0ariuswkfkvgv0q0tjnnuov0pl3anbsgyytkm.tunnel-info.info,2,original_hex_tunnel,original_tunnel,False,dns_tunnel
goldenekamera.com,0,tranco_benign,benign,False,benign
dixierv.com,0,tranco_benign,benign,False,benign
levelup99.com,0,tranco_benign,benign,False,benign
vasklub.com,0,tranco_benign,benign,False,benign
lttrsagabardinedazyx.com,1,dga_cluster_44,dga,False,dga
sauny-hejdanek.com,0,tranco_benign,benign,False,benign
vobis.com,0,tranco_benign,benign,False,benign
ttxbsagabardinedazyx.com,1,dga_cluster_44,dga,False,dga
macabio.io,0,tranco_benign,benign,False,benign
theplace4change.net,0,tranco_benign,benign,False,benign
simplypleasure.biz,0,tranco_benign,benign,False,benign
0ykavemjram4oherrqy2y1350azxjtsnamamg0v.tunnel-co.co,2,original_hex_tunnel,original_tunnel,False,dns_tunnel
accprint4u.info,0,tranco_benign,benign,False,benign
quenotienes.top,0,tranco_benign,benign,False,benign
profi-vysky.net,0,tranco_benign,benign,False,benign
ijmonitor.net,0,tranco_benign,benign,False,benign
edchxpmxowte.com,1,dga_cluster_44,dga,False,dga
m.zahrady-stepanek.co,0,tranco_benign,benign,False,benign
hexus.biz,0,tranco_benign,benign,False,benign
hockeyslovakia.com,0,tranco_benign,benign,False,benign
contestpersuadelecturecrash.site,1,dga_cluster_43,dga,False,dga
build-de03c9a8b73f311d.vercel.app,0,benign_hex_service,benign,True,benign
arlib.top,0,tranco_benign,benign,False,benign
aimfheddlwmasvjapk.com,1,dga_cluster_44,dga,False,dga
dev.airplaychart.org,0,tranco_benign,benign,False,benign
783c88c57276660400b1ca50c71eb6069ed8f41e384a1602bf87c9652b2cb15594.lab-tunnel.org,2,lab_dnscat2,dnscat2,True,dns_tunnel
ckzwfordlinnetavox.org,1,dga_cluster_42,dga,False,dga
0yeajpdnggyhambygkyaihg22vaobqey4uduxaarrgebtoiylqs2y1zrwbtonl.tunnel-com.com,2,original_hex_tunnel,original_tunnel,False,dns_tunnel
auth4.1bu5dd2rigp50ycm7sisheahs8jgnbatroynr8x4tlj2o445uaxh.lab-tunnel.org,2,lab_dns2tcp,dns2tcp,True,dns_tunnel
portal.angoraphoto.xyz,0,tranco_benign,benign,False,benign
ansatsu-movie.biz,0,tranco_benign,benign,False,benign
m.excel-master.com,0,tranco_benign,benign,False,benign
juheares.com,1,dga_cluster_40,dga,False,dga
ab-copy.info,0,tranco_benign,benign,False,benign
0yeajpdnggyhambygkyailfynvaobqgyxsn2xaarrgebtoiyeym4xt1cmbxaww.tunnel-com.com,2,original_hex_tunnel,original_tunnel,False,dns_tunnel
auth3.m0fibxkkhzpgv4kstu283345x.tunnel-sec.biz,2,lab_dns2tcp,dns2tcp,True,dns_tunnel
resurl.online,0,tranco_benign,benign,False,benign
a204cd3b3e18bd40e9f55a9975fda5e3ae2710fbb684.ns-data.io,2,lab_dnscat2,dnscat2,True,dns_tunnel
styleboardlinegradesuspect.com,1,dga_cluster_40,dga,False,dga
build-7796a6d93cda9.gitlab.io,0,benign_hex_service,benign,True,benign
modelcarsmag.com,0,tranco_benign,benign,False,benign
spinnertools.online,0,tranco_benign,benign,False,benign
xrblmachuslazaroqok.com,1,dga_cluster_40,dga,False,dga
iepvererwyatanb.com,1,dga_cluster_41,dga,False,dga
qibsfordlinnetavox.com,1,dga_cluster_42,dga,False,dga
denali.net,0,tranco_benign,benign,False,benign
blbhfordlinnetavox.com,1,dga_cluster_42,dga,False,dga
jagermeister.net,0,tranco_benign,benign,False,benign
rngzererwyatanb.net,1,dga_cluster_41,dga,False,dga
htsasagabardinedazyx.com,1,dga_cluster_44,dga,False,dga
static.h3q.biz,0,tranco_benign,benign,False,benign
ovcin.com,0,tranco_benign,benign,False,benign
jewwatch.site,0,tranco_benign,benign,False,benign
portal.mic21.co,0,tranco_benign,benign,False,benign
build-12ebb3e4854.azurewebsites.net,0,benign_hex_service,benign,True,benign
hfxxpartbulkyf.com,1,dga_cluster_40,dga,False,dga
static.adkontekst.com,0,tranco_benign,benign,False,benign
a249-80-171-219.deploy.static.akamaitechnologies.com,0,benign_cdn,benign,True,benign
gjart.org,0,tranco_benign,benign,False,benign
lespagesjaunesafrique.xyz,0,tranco_benign,benign,False,benign
vllnmachuslazaroqok.com,1,dga_cluster_40,dga,False,dga
1uabtpdnggyhambygkyai5gzndaobqhy35qqdfojjtamysgbsd1rsq2piguxgw.tunnel-com.com,2,original_hex_tunnel,original_tunnel,False,dns_tunnel
portal.projectlexicon.biz,0,tranco_benign,benign,False,benign
designindaba.org,0,tranco_benign,benign,False,benign
gas-south.com,0,tranco_benign,benign,False,benign
mobilesky.com,0,tranco_benign,benign,False,benign
37560122730043eb34e0a400294e431f1e.tunnel-io.io,2,original_hex_tunnel,original_tunnel,False,dns_tunnel
login.wineandbarrels.com,0,tranco_benign,benign,False,benign
cps-vlc.org,0,tranco_benign,benign,False,benign
19r2q81gg6fqarjnj4do6usf3.com,1,dga_cluster_40,dga,False,dga
a186-90-248-80.deploy.static.akamaitechnologies.com,0,benign_cdn,benign,True,benign
build-f0befb7106c.pages.dev,0,benign_hex_service,benign,True,benign
build-36034e96.vercel.app,0,benign_hex_service,benign,True,benign
oeszanarianaqh.com,1,dga_cluster_40,dga,False,dga
auth7.sluxp2vlj8qslv37m4ilan0q7w6drpxk.dns-exfil.net,2,lab_dns2tcp,dns2tcp,True,dns_tunnel
anime-on-demand.com,0,tranco_benign,benign,False,benign
auth7.d0e8kulevsda9p885v20a5sgcidqgqwl9zwypijwoxcf1pp71jgr.lab-tunnel.org,2,lab_dns2tcp,dns2tcp,True,dns_tunnel
auth.lightalight.com,0,tranco_benign,benign,False,benign
nhijsagabardinedazyx.com,1,dga_cluster_44,dga,False,dga
v4.ohmvav3bqelqsmtx6gy3wwrb5mg36bge.lab-tunnel.org,2,lab_iodine,iodine,True,dns_tunnel
cdn-cache-858eddcf.cf-ipfs.com,0,benign_cdn,benign,True,benign
www.maptactic.com,0,tranco_benign,benign,False,benign
lightec24.top,0,tranco_benign,benign,False,benign
scrambler-italia.org,0,tranco_benign,benign,False,benign
blog.sanamtv.com,0,tranco_benign,benign,False,benign
vbeaererwyatanb.online,1,dga_cluster_41,dga,False,dga
ywknanarianaqh.com,1,dga_cluster_40,dga,False,dga
null.qcjwdnxjwxfvg2nklzzvzykg3wahu.tunnel-poc.com,2,lab_iodine,iodine,True,dns_tunnel
pabyjw4q.tunnel-online.online,2,original_hex_tunnel,original_tunnel,False,dns_tunnel
gqtnmachuslazaroqok.com,1,dga_cluster_40,dga,False,dga
alcatrazislandtickets.com,0,tranco_benign,benign,False,benign
larryvsharry.io,0,tranco_benign,benign,False,benign
login.e2eresearch.info,0,tranco_benign,benign,False,benign
yaozui.net,0,tranco_benign,benign,False,benign
ktnoha.com,0,tranco_benign,benign,False,benign
giatkerja.xyz,0,tranco_benign,benign,False,benign
danielkidwell.com,0,tranco_benign,benign,False,benign
rusdot.top,0,tranco_benign,benign,False,benign
f9bc01f8db6b0731822ca7000e3ba91010.tunnel-info.info,2,original_hex_tunnel,original_tunnel,False,dns_tunnel
jswulian.com,0,tranco_benign,benign,False,benign
sitereview.com,0,tranco_benign,benign,False,benign
ltuusagabardinedazyx.com,1,dga_cluster_44,dga,False,dga
prod-cdn-284.global.ssl.fastly.net,0,benign_cdn,benign,True,benign
blog.nk-team.com,0,tranco_benign,benign,False,benign
qixrsagabardinedazyx.com,1,dga_cluster_44,dga,False,dga
124.21.183.154.in-addr.arpa,0,benign_reverse_dns,benign,True,benign
api.lolzera.com,0,tranco_benign,benign,False,benign
nerwica.xyz,0,tranco_benign,benign,False,benign
colorgirlgames.top,0,tranco_benign,benign,False,benign
mclzfordlinnetavox.online,1,dga_cluster_42,dga,False,dga
nordanglia.xyz,0,tranco_benign,benign,False,benign
tsaibargeeydawoyhalrozbuea.com,1,dga_cluster_40,dga,False,dga
rjvqsagabardinedazyx.com,1,dga_cluster_44,dga,False,dga
tododeocasion.co,0,tranco_benign,benign,False,benign
8.f.c.8.f.9.9.f.2.0.9.0.9.7.3.5.ip6.arpa,0,benign_reverse_dns,benign,True,benign
maks-ricany.net,0,tranco_benign,benign,False,benign
pppfaucet.com,0,tranco_benign,benign,False,benign
crossroadsinitiative.com,0,tranco_benign,benign,False,benign
api.airbetter.com,0,tranco_benign,benign,False,benign
yeiapartbulkyf.com,1,dga_cluster_40,dga,False,dga
eoduererwyatanb.com,1,dga_cluster_41,dga,False,dga
api.salefestival.com,0,tranco_benign,benign,False,benign
gsfdmachuslazaroqok.com,1,dga_cluster_40,dga,False,dga
axencialocaldecolocacion.com,0,tranco_benign,benign,False,benign
aybpmsylpadqvfedp.com,1,dga_cluster_44,dga,False,dga
jdjrfordlinnetavox.com,1,dga_cluster_42,dga,False,dga
islamland.org,0,tranco_benign,benign,False,benign
a.dcl6xlg4wcu6ubpjeb46ri27a.nly2ouem6efmwdncozhot4mjdxlcr54njezk3mvk6cck.h55zwuuzamix3iz2p.dns-exfil.net,2,lab_iodine,iodine,True,dns_tunnel
api.sotorem.co,0,tranco_benign,benign,False,benign
txt.vtaxl3afhgtmu4f7tc.gx45er6tmxdp7x5zkg6ra.tunnel-sec.biz,2,lab_iodine,iodine,True,dns_tunnel
jedltwtgfmnm.com,1,dga_cluster_44,dga,False,dga
fntwfordlinnetavox.biz,1,dga_cluster_42,dga,False,dga
53.108.214.77.in-addr.arpa,0,benign_reverse_dns,benign,True,benign
hcpyjqarfgycyu.com,1,dga_cluster_40,dga,False,dga
eoffice.com,0,tranco_benign,benign,False,benign
works-i.site,0,tranco_benign,benign,False,benign
vlqnfordlinnetavox.cc,1,dga_cluster_42,dga,False,dga
mahoneko.com,0,tranco_benign,benign,False,benign
dresslink.biz,0,tranco_benign,benign,False,benign
dnscat.cf271406.5af4c941c2a643478239d7314fbd0e7c5b7df8abf79f3bd3b.tunnel-poc.com,2,lab_dnscat2,dnscat2,True,dns_tunnel
auth7.8yvpro0egs6vz5n5r3ghxh229s48vjc27b5fd8rfpvc1lop.tunnel-sec.biz,2,lab_dns2tcp,dns2tcp,True,dns_tunnel
abogadoamigo.com,0,tranco_benign,benign,False,benign
elenagrishina.com,0,tranco_benign,benign,False,benign
imiksagabardinedazyx.com,1,dga_cluster_44,dga,False,dga
mypeererwyatanb.com,1,dga_cluster_41,dga,False,dga
fnup.com,0,tranco_benign,benign,False,benign
historyproposearrivewish.com,1,dga_cluster_40,dga,False,dga
elvospol.biz,0,tranco_benign,benign,False,benign
vm-prod-77f674d5.westeurope.cloudapp.azure.com,0,benign_cloud_instance,benign,True,benign
dbfipartbulkyf.com,1,dga_cluster_40,dga,False,dga
soul-guidance.com,0,tranco_benign,benign,False,benign
pqng9ar496jk.com,1,dga_cluster_40,dga,False,dga
qkzjpartbulkyf.com,1,dga_cluster_40,dga,False,dga
dnscat.d5f2109f.59dcec2eac7d5ee54d93182edd46bbd9f72dcc3c1.tunnel-sec.biz,2,lab_dnscat2,dnscat2,True,dns_tunnel
hguillen.io,0,tranco_benign,benign,False,benign
xvfiererwyatanb.com,1,dga_cluster_41,dga,False,dga
divyashakthysofttech.org,0,tranco_benign,benign,False,benign
17d73d5aabb830f5a0d14e95d88962a254c6943ec23bc9d3f6ac24b30d79476ef831.tunnel-sec.biz,2,lab_dnscat2,dnscat2,True,dns_tunnel
jhnaererwyatanb.com,1,dga_cluster_41,dga,False,dga
mvp890.xyz,0,tranco_benign,benign,False,benign
harmassociatebranchpriest.site,1,dga_cluster_43,dga,False,dga
cdn.fr-7.com,0,tranco_benign,benign,False,benign
stribrne-magneticke-sperky.xyz,0,tranco_benign,benign,False,benign
code-de-la-route.com,0,tranco_benign,benign,False,benign
poweryou.me,0,tranco_benign,benign,False,benign
3d2d01aea60f4cdb10b66d0017f9c01da8.tunnel-me.me,2,original_hex_tunnel,original_tunnel,False,dns_tunnel
azadijobs.io,0,tranco_benign,benign,False,benign
amzfba.com,0,tranco_benign,benign,False,benign
lezyne.org,0,tranco_benign,benign,False,benign
kcct.xyz,0,tranco_benign,benign,False,benign
190.192.43.175.in-addr.arpa,0,benign_reverse_dns,benign,True,benign
notbarem.com,0,tranco_benign,benign,False,benign
apk4iphone.net,0,tranco_benign,benign,False,benign
ec2-203-204-121-214.compute-1.amazonaws.com,0,benign_cloud_instance,benign,True,benign
aumgpartbulkyf.com,1,dga_cluster_40,dga,False,dga
dff3757a9550f3503ee8d49f4b88e6ac7f09b6.ns-data.io,2,lab_dnscat2,dnscat2,True,dns_tunnel
lr-produkte.com,0,tranco_benign,benign,False,benign
vr-rokycany.org,0,tranco_benign,benign,False,benign
xbooru.xyz,0,tranco_benign,benign,False,benign
dnscat.191c0c3a.6846ca5712accf07e8d933c422ecae89d.tunnel-poc.com,2,lab_dnscat2,dnscat2,True,dns_tunnel
truyfordlinnetavox.net,1,dga_cluster_42,dga,False,dga
cdn.prestadsng.online,0,tranco_benign,benign,False,benign
yeardumpproducetreeremember.com,1,dga_cluster_41,dga,False,dga
dnscat.e2d202a7.c26ff91e87e77d05f7eafedbf59f61e232559f9.tunnel-poc.com,2,lab_dnscat2,dnscat2,True,dns_tunnel
cybervendit.com,0,tranco_benign,benign,False,benign
n-i-r.net,0,tranco_benign,benign,False,benign
elysa-exhib.biz,0,tranco_benign,benign,False,benign
auth.bohemicaoldtown.me,0,tranco_benign,benign,False,benign
coromant.top,0,tranco_benign,benign,False,benign
prod-cdn-293.global.ssl.fastly.net,0,benign_cdn,benign,True,benign
paaai5wi.tunnel-io.io,2,original_hex_tunnel,original_tunnel,False,dns_tunnel
vjcjererwyatanb.com,1,dga_cluster_41,dga,False,dga
dev.sitestroyblog.com,0,tranco_benign,benign,False,benign
portal.lolbre.biz,0,tranco_benign,benign,False,benign
v4.gmwzee3qjd4cb7h3haoebjm5rndp.avmriigtjwgrspdkyjbg6b7tg2nxlefdavj.xqjfkrpgeoh2yturhiz5tkyrnv6bqmea5.tunnel-poc.com,2,lab_iodine,iodine,True,dns_tunnel
vm-prod-46ca04f5.westeurope.cloudapp.azure.com,0,benign_cloud_instance,benign,True,benign
ebu.me,0,tranco_benign,benign,False,benign
0mjbets4ifiuswkfkvgv0q0tjnnuov0pl3anbsgyytkmzheahkmin5m.tunnel-com.com,2,original_hex_tunnel,original_tunnel,False,dns_tunnel
conexismarketing.biz,0,tranco_benign,benign,False,benign
icfesinteractivo.com,0,tranco_benign,benign,False,benign
karent-u.com,0,tranco_benign,benign,False,benign
yyjlererwyatanb.com,1,dga_cluster_41,dga,False,dga
1v6c2bed0iza1x281wst5l8wf.com,1,dga_cluster_44,dga,False,dga
34ea01ac486d54508b32290025e901968c.tunnel-biz.biz,2,original_hex_tunnel,original_tunnel,False,dns_tunnel
143-96-254-178.bc.googleusercontent.com,0,benign_cloud_instance,benign,True,benign
hrhzsagabardinedazyx.com,1,dga_cluster_44,dga,False,dga
tonguehurtstringillustrate.net,1,dga_cluster_43,dga,False,dga
pointstablepackdrawbellsalary.co,1,dga_cluster_40,dga,False,dga
toner24.com,0,tranco_benign,benign,False,benign
lpiasagabardinedazyx.com,1,dga_cluster_44,dga,False,dga
zananas-martinique.info,0,tranco_benign,benign,False,benign
088501c8caf1b6fd487282009ad9b3fe63.tunnel-com.com,2,original_hex_tunnel,original_tunnel,False,dns_tunnel
joyfulslokas.com,0,tranco_benign,benign,False,benign
a.5.6.a.2.9.7.7.f.9.6.d.d.a.0.c.ip6.arpa,0,benign_reverse_dns,benign,True,benign
xpqyfordlinnetavox.biz,1,dga_cluster_42,dga,False,dga
kroliki.io,0,tranco_benign,benign,False,benign
blog.istanbulhaber.com,0,tranco_benign,benign,False,benign
macmillanmh.com,0,tranco_benign,benign,False,benign
0a2b3cicyf32f5udmsyq1mi.tunnel-com.com,2,original_hex_tunnel,original_tunnel,False,dns_tunnel
nzkqererwyatanb.com,1,dga_cluster_41,dga,False,dga
conversationsearchresult.xyz,1,dga_cluster_43,dga,False,dga
api.reachsite.net,0,tranco_benign,benign,False,benign
auth2.vfq6gbuxkdbt35dsxlbk0i7e2n0h3o4j4hri4g32.ns-data.io,2,lab_dns2tcp,dns2tcp,True,dns_tunnel
lifetips.net,0,tranco_benign,benign,False,benign
pro-nakladatele.org,0,tranco_benign,benign,False,benign
mail.colegsirgar.com,0,tranco_benign,benign,False,benign
auth3.rjrsghnvvff9s371wwlcajjf7o.lab-tunnel.org,2,lab_dns2tcp,dns2tcp,True,dns_tunnel
paaai5vy.tunnel-net.net,2,original_hex_tunnel,original_tunnel,False,dns_tunnel
3.5.e.7.4.4.0.7.4.a.6.d.8.c.a.b.ip6.arpa,0,benign_reverse_dns,benign,True,benign
trustnegotiatedishareclue.site,1,dga_cluster_43,dga,False,dga
ishift.xyz,0,tranco_benign,benign,False,benign
dot.org,0,tranco_benign,benign,False,benign
www.tuberadar.net,0,tranco_benign,benign,False,benign
ccjjmachuslazaroqok.com,1,dga_cluster_40,dga,False,dga
9b4801c314ffbc29b8750f002144d0f21e.tunnel-com.com,2,original_hex_tunnel,original_tunnel,False,dns_tunnel
102.185.123.155.in-addr.arpa,0,benign_reverse_dns,benign,True,benign
daypic.org,0,tranco_benign,benign,False,benign
lysender.com,0,tranco_benign,benign,False,benign
1800anylens.com,0,tranco_benign,benign,False,benign
xjzhfordlinnetavox.net,1,dga_cluster_42,dga,False,dga
a52-245-79-154.deploy.static.akamaitechnologies.com,0,benign_cdn,benign,True,benign
spades.com,0,tranco_benign,benign,False,benign
faultcreditpoundfilegrade.com,1,dga_cluster_44,dga,False,dga
getfreelisting.com,0,tranco_benign,benign,False,benign
aboutcars-ac.com,0,tranco_benign,benign,False,benign
hxwgfordlinnetavox.net,1,dga_cluster_42,dga,False,dga
xjfjsagabardinedazyx.cc,1,dga_cluster_44,dga,False,dga
nunatsiaqonline.org,0,tranco_benign,benign,False,benign
nlvofordlinnetavox.net,1,dga_cluster_42,dga,False,dga
uwvpfordlinnetavox.com,1,dga_cluster_42,dga,False,dga
senssagabardinedazyx.co,1,dga_cluster_44,dga,False,dga
cryptarismission.com,0,tranco_benign,benign,False,benign
aczbfordlinnetavox.com,1,dga_cluster_42,dga,False,dga
tcmach.top,0,tranco_benign,benign,False,benign
andishehtavana.com,0,tranco_benign,benign,False,benign
cdn.engangs.com,0,tranco_benign,benign,False,benign
m3c84f962075bf5ddea0260a84aaabed8d.com,1,dga_cluster_44,dga,False,dga
lpqkfctrwarkpeujtan.com,1,dga_cluster_40,dga,False,dga
statecollegepa.xyz,0,tranco_benign,benign,False,benign
trnmsagabardinedazyx.com,1,dga_cluster_44,dga,False,dga
paaam1oq.tunnel-com.com,2,original_hex_tunnel,original_tunnel,False,dns_tunnel
jameshouse.org,0,tranco_benign,benign,False,benign
dansceilingfans.com,0,tranco_benign,benign,False,benign
blaauwberg.com,0,tranco_benign,benign,False,benign
umsafordlinnetavox.com,1,dga_cluster_42,dga,False,dga
www.svet-papousku.com,0,tranco_benign,benign,False,benign
lpqjpartbulkyf.com,1,dga_cluster_40,dga,False,dga
aquavaporcig.com,0,tranco_benign,benign,False,benign
wpgwmmwedx.com,1,dga_cluster_44,dga,False,dga
fraud-magazine.com,0,tranco_benign,benign,False,benign
mgcqsagabardinedazyx.com,1,dga_cluster_44,dga,False,dga
779901a396188088de256800185b6bd478.tunnel-org.org,2,original_hex_tunnel,original_tunnel,False,dns_tunnel
ksk-saale-orla.com,0,tranco_benign,benign,False,benign
ytb5ef.tunnel-com.com,2,original_hex_tunnel,original_tunnel,False,dns_tunnel
gsfopartbulkyf.com,1,dga_cluster_40,dga,False,dga
05b920d682fd0df34313ac078419a869da18dc38768323d3e79001e.ns-data.io,2,lab_dnscat2,dnscat2,True,dns_tunnel
vm-prod-cd1d9b8a.westeurope.cloudapp.azure.com,0,benign_cloud_instance,benign,True,benign
49.80.154.228.in-addr.arpa,0,benign_reverse_dns,benign,True,benign
lyricsfreak5.com,0,tranco_benign,benign,False,benign
mbpay.cc,0,tranco_benign,benign,False,benign
www.istecanakkalegazetesi.com,0,tranco_benign,benign,False,benign
owdffordlinnetavox.me,1,dga_cluster_42,dga,False,dga
build-fdd107cf28.vercel.app,0,benign_hex_service,benign,True,benign
build-5e575ae6bf80b.gitlab.io,0,benign_hex_service,benign,True,benign
pegasusshop.com,0,tranco_benign,benign,False,benign
cloudw2p.net,0,tranco_benign,benign,False,benign
shop.sigtrack.io,0,tranco_benign,benign,False,benign
sinooperi.com,0,tranco_benign,benign,False,benign
yuvimachuslazaroqok.com,1,dga_cluster_40,dga,False,dga
a41-67-148-91.deploy.static.akamaitechnologies.com,0,benign_cdn,benign,True,benign
login.tonery-dotiskaren.com,0,tranco_benign,benign,False,benign
tacklebankmarchtreehopeadmire.com,1,dga_cluster_40,dga,False,dga
articoledepetrecere.org,0,tranco_benign,benign,False,benign
hallmarkornaments.org,0,tranco_benign,benign,False,benign
txt.24esjw6mmnfcspwsrdix.dns-exfil.net,2,lab_iodine,iodine,True,dns_tunnel
qejjfordlinnetavox.com,1,dga_cluster_42,dga,False,dga
dev.jaguarforum.com,0,tranco_benign,benign,False,benign
cosmologyathome.com,0,tranco_benign,benign,False,benign
dnscat.182e4c50.f103079d9151f9084ad0fd861415bc7402a8fe0a75fdc3fef7f.tunnel-poc.com,2,lab_dnscat2,dnscat2,True,dns_tunnel
jffrererwyatanb.com,1,dga_cluster_41,dga,False,dga
autobazac.com,0,tranco_benign,benign,False,benign
gydffordlinnetavox.top,1,dga_cluster_42,dga,False,dga
build-117bd4d6fd1.github.io,0,benign_hex_service,benign,True,benign
v4.hjn5eb5vlq4mnrltcz34quaohhp.gnvc5gm6prgoz2y46a4h4evm5tapxcjafphsq.dtbib2noxr3atwftlnc.tunnel-poc.com,2,lab_iodine,iodine,True,dns_tunnel
auth4.lolsvt33e8kjmp6o7e3rmzx346v.tunnel-sec.biz,2,lab_dns2tcp,dns2tcp,True,dns_tunnel
akrofordlinnetavox.com,1,dga_cluster_42,dga,False,dga
udaipurfresh.co,0,tranco_benign,benign,False,benign
starsitchargeintendexperience.biz,1,dga_cluster_43,dga,False,dga
ylmtmar9yh87enifv1lptax3.com,1,dga_cluster_40,dga,False,dga
null.lmnaksj3ylxwiu2hrn5wpp4gitbex2vg4ubpudwr.a33oxf45a6hmsvtqbsjmppg3cvtdd6kin.ns-data.io,2,lab_iodine,iodine,True,dns_tunnel
21yc1t77nm1-ik44u8cfj3xmqcinrxkko_kbbyaz-bsqmi5ubk_zrgujnobyvjhw5.tunnel-io.io,2,original_hex_tunnel,original_tunnel,False,dns_tunnel
184.183.83.32.in-addr.arpa,0,benign_reverse_dns,benign,True,benign
f.b.a.d.6.2.9.4.5.b.a.2.b.3.8.b.ip6.arpa,0,benign_reverse_dns,benign,True,benign
livedrive.com,0,tranco_benign,benign,False,benign
blog.topdeportetv.com,0,tranco_benign,benign,False,benign
m.pedig-prouti.online,0,tranco_benign,benign,False,benign
batterywholesale.org,0,tranco_benign,benign,False,benign
motorwerks.site,0,tranco_benign,benign,False,benign
blog.bravoatk.net,0,tranco_benign,benign,False,benign
lnzuererwyatanb.online,1,dga_cluster_41,dga,False,dga
cdn.filmeurope.io,0,tranco_benign,benign,False,benign
agentesevenoteatro.com,0,tranco_benign,benign,False,benign
107.152.99.101.in-addr.arpa,0,benign_reverse_dns,benign,True,benign
grreporter.biz,0,tranco_benign,benign,False,benign
czmta.com,0,tranco_benign,benign,False,benign
wkfgfordlinnetavox.com,1,dga_cluster_42,dga,False,dga
c.4.5.c.f.2.6.5.9.1.4.3.9.e.e.0.ip6.arpa,0,benign_reverse_dns,benign,True,benign
campaign-web.com,0,tranco_benign,benign,False,benign
lourdes-infos.com,0,tranco_benign,benign,False,benign
dnscat.223b43e1.f062ee9852ed7aaa61b80b426.lab-tunnel.org,2,lab_dnscat2,dnscat2,True,dns_tunnel
xhedzukzjkw71w1my3f15y7fwv.com,1,dga_cluster_44,dga,False,dga
mundooffshore.info,0,tranco_benign,benign,False,benign
starestroje.biz,0,tranco_benign,benign,False,benign
www.yahoojapantrip.io,0,tranco_benign,benign,False,benign
m.yangonlife.com,0,tranco_benign,benign,False,benign
drochila.online,0,tranco_benign,benign,False,benign
auth3.ydqtfw4cvo2r7l36p4jljek3o7i3g5l1f7k15kesy3qwif4ont.ns-data.io,2,lab_dns2tcp,dns2tcp,True,dns_tunnel
allbesta.io,0,tranco_benign,benign,False,benign
zerog-flight.xyz,0,tranco_benign,benign,False,benign
xrilererwyatanb.biz,1,dga_cluster_41,dga,False,dga
pabiozxi.tunnel-org.org,2,original_hex_tunnel,original_tunnel,False,dns_tunnel
auth0.c0q8hmnvagsltesyycgo92rk733ebac.dns-exfil.net,2,lab_dns2tcp,dns2tcp,True,dns_tunnel
kqlqfordlinnetavox.me,1,dga_cluster_42,dga,False,dga
maswifi.com,0,tranco_benign,benign,False,benign
2kandy.xyz,0,tranco_benign,benign,False,benign
assistancedogsinternational.com,0,tranco_benign,benign,False,benign
pzhcfordlinnetavox.com,1,dga_cluster_42,dga,False,dga
auth.obandigital.com,0,tranco_benign,benign,False,benign
81-143-216-123.bc.googleusercontent.com,0,benign_cloud_instance,benign,True,benign
smallenvelop.com,0,tranco_benign,benign,False,benign
4006865980com.pro,0,tranco_benign,benign,False,benign
fdefbceddllbdfed.com,1,dga_cluster_44,dga,False,dga
yarxwmqnsvtnsy.com,1,dga_cluster_40,dga,False,dga
rentamoney.org,0,tranco_benign,benign,False,benign
qetpfordlinnetavox.com,1,dga_cluster_42,dga,False,dga
m.cineciudad.info,0,tranco_benign,benign,False,benign
mi6community.xyz,0,tranco_benign,benign,False,benign
kostenlosdl.net,0,tranco_benign,benign,False,benign
vm-prod-e2693159.westeurope.cloudapp.azure.com,0,benign_cloud_instance,benign,True,benign
sirypartbulkyf.com,1,dga_cluster_40,dga,False,dga
3cc301ce4333395a0109290051ed57ff48.tunnel-xyz.xyz,2,original_hex_tunnel,original_tunnel,False,dns_tunnel
www.1to10.top,0,tranco_benign,benign,False,benign
angelescid.net,0,tranco_benign,benign,False,benign
ncwoodworker.com,0,tranco_benign,benign,False,benign
arrscwlrwmziwqxfygrzvavn.com,1,dga_cluster_40,dga,False,dga
ecoventsystems.xyz,0,tranco_benign,benign,False,benign
aetgererwyatanb.biz,1,dga_cluster_41,dga,False,dga
a.etmgbunkbimmbitgufrvpi3a6oslykwa7rgriaoqkg6.hhkkv7irs3xlzu7ga2hb4ym6rr7dzpljnpehn3.ns-data.io,2,lab_iodine,iodine,True,dns_tunnel
api.vps360.com,0,tranco_benign,benign,False,benign
wereldreis.net,0,tranco_benign,benign,False,benign
ec2-229-131-197-65.compute-1.amazonaws.com,0,benign_cloud_instance,benign,True,benign
blocket.xyz,0,tranco_benign,benign,False,benign
c-loopunited.co,0,tranco_benign,benign,False,benign
erybka.org,0,tranco_benign,benign,False,benign
ykgdedcebcde.com,1,dga_cluster_44,dga,False,dga
m.porn-world.online,0,tranco_benign,benign,False,benign
15v7iu41nxoled5dx7jfvf3doj.com,1,dga_cluster_44,dga,False,dga
blog.pasittos.xyz,0,tranco_benign,benign,False,benign
auth9.ksdvu01e5ygd6aetwird4klqmvp8w.dns-exfil.net,2,lab_dns2tcp,dns2tcp,True,dns_tunnel
hdwallpapernice.com,0,tranco_benign,benign,False,benign
coad.net,0,tranco_benign,benign,False,benign
auth5.fth4lnbfl3si0vu9cbp0kmergpmzkgke9d8q9f1tpbln6icopkmh.tunnel-poc.com,2,lab_dns2tcp,dns2tcp,True,dns_tunnel
gray-international.com,0,tranco_benign,benign,False,benign
un-blog-une-fille.io,0,tranco_benign,benign,False,benign
dnscat.576c5bd7.e885b8b72328d43cda1dbaa4fd9b111cf69bbabc391944a25029b202c650.ns-data.io,2,lab_dnscat2,dnscat2,True,dns_tunnel
epsomcollege.org,0,tranco_benign,benign,False,benign
saruggam.com,1,dga_cluster_40,dga,False,dga
www.telugumirchi.com,0,tranco_benign,benign,False,benign
60.168.58.31.in-addr.arpa,0,benign_reverse_dns,benign,True,benign
build-504b1e39342d62.gitlab.io,0,benign_hex_service,benign,True,benign
mail.suna-sd.com,0,tranco_benign,benign,False,benign
costo31pyhowet1fwhw1gtv3ed.co,1,dga_cluster_44,dga,False,dga
awardtreeadvanceestimate.net,1,dga_cluster_43,dga,False,dga
c.a.1.7.5.3.5.6.6.7.8.5.e.e.8.1.ip6.arpa,0,benign_reverse_dns,benign,True,benign
jbpasagabardinedazyx.com,1,dga_cluster_44,dga,False,dga
funkypotato.cc,0,tranco_benign,benign,False,benign
dusupkar.com,1,dga_cluster_40,dga,False,dga
squarebluesucceedchipdisappointed.xyz,1,dga_cluster_43,dga,False,dga
build-05064fe92c7c81.github.io,0,benign_hex_service,benign,True,benign
dev.penielart.co,0,tranco_benign,benign,False,benign
static.sarahannelawless.online,0,tranco_benign,benign,False,benign
xflirt.io,0,tranco_benign,benign,False,benign
velomania.online,0,tranco_benign,benign,False,benign
cdn-cache-d2eb668b.cf-ipfs.com,0,benign_cdn,benign,True,benign
prod-cdn-898.global.ssl.fastly.net,0,benign_cdn,benign,True,benign
pdfjoiner.online,0,tranco_benign,benign,False,benign
beachmarketcoatjurynameprint.com,1,dga_cluster_40,dga,False,dga
blog.fosterfarms.com,0,tranco_benign,benign,False,benign
wwwhyperinzerce.com,0,tranco_benign,benign,False,benign
alibabike.top,0,tranco_benign,benign,False,benign
ntrzacatecas.com,0,tranco_benign,benign,False,benign
prekyseleni-organismu-lecba.top,0,tranco_benign,benign,False,benign
inside-express.com,0,tranco_benign,benign,False,benign
phcuererwyatanb.net,1,dga_cluster_41,dga,False,dga
thunderblast.com,0,tranco_benign,benign,False,benign
gacetamedica.org,0,tranco_benign,benign,False,benign
scooterselex.net,0,tranco_benign,benign,False,benign
bdbwererwyatanb.com,1,dga_cluster_41,dga,False,dga
kitchens.site,0,tranco_benign,benign,False,benign
0qjbtgm3qau32bgma.tunnel-org.org,2,original_hex_tunnel,original_tunnel,False,dns_tunnel
damagebathrewardhearsail.com,1,dga_cluster_40,dga,False,dga
nontondrama88.net,0,tranco_benign,benign,False,benign
shop.h2opark.com,0,tranco_benign,benign,False,benign
onmicrosoft.com,0,tranco_benign,benign,False,benign
portal.vudesk.co,0,tranco_benign,benign,False,benign
a.xn7gacutpqimf2wgrgvxh34qbpqty3q5p7yzk25xwfq.ns-data.io,2,lab_iodine,iodine,True,dns_tunnel
rezervaceonline.pro,0,tranco_benign,benign,False,benign
vdsbererwyatanb.com,1,dga_cluster_41,dga,False,dga
auth4.lkk09ol85mzp9fabcb093pq5mxfey1v0ufr69z.tunnel-poc.com,2,lab_dns2tcp,dns2tcp,True,dns_tunnel
e-ivo.org,0,tranco_benign,benign,False,benign
null.d5fm22s3lozqwnitvlcotfpat7ojot3kchat55mwn.dns-exfil.net,2,lab_iodine,iodine,True,dns_tunnel
jrmgfordlinnetavox.xyz,1,dga_cluster_42,dga,False,dga
api.androidiani.io,0,tranco_benign,benign,False,benign
auth7.t97jq5k46fd240i2f87cif0s0w0u.dns-exfil.net,2,lab_dns2tcp,dns2tcp,True,dns_tunnel
poslednienovosti.org,0,tranco_benign,benign,False,benign
ntcfmachuslazaroqok.com,1,dga_cluster_40,dga,False,dga
programmerjokes.org,0,tranco_benign,benign,False,benign
my-goldenbirds.online,0,tranco_benign,benign,False,benign
777best.online,0,tranco_benign,benign,False,benign
3.7.5.e.0.3.a.1.2.5.1.0.f.6.0.4.ip6.arpa,0,benign_reverse_dns,benign,True,benign
publr.xyz,0,tranco_benign,benign,False,benign
adeal.org,0,tranco_benign,benign,False,benign
globalselling2015.co,0,tranco_benign,benign,False,benign
eawgsagabardinedazyx.com,1,dga_cluster_44,dga,False,dga
twinoid.com,0,tranco_benign,benign,False,benign
modulari-bubny.com,0,tranco_benign,benign,False,benign
coinfreebtcve.co,0,tranco_benign,benign,False,benign
mail.pensieriparole.co,0,tranco_benign,benign,False,benign
estomola.io,0,tranco_benign,benign,False,benign
api.science-skeptical.xyz,0,tranco_benign,benign,False,benign
api.iraqws.info,0,tranco_benign,benign,False,benign
perkinelmer.biz,0,tranco_benign,benign,False,benign
211.175.68.64.in-addr.arpa,0,benign_reverse_dns,benign,True,benign
tutorialoutlook.xyz,0,tranco_benign,benign,False,benign
annjema.biz,0,tranco_benign,benign,False,benign
srv.cnh47utvka5sjqjsaqgppt4kwfjrynczf7nd.qqkwnzvq7iqbwavlezwcocktxvegz2vybfb.dns-exfil.net,2,lab_iodine,iodine,True,dns_tunnel
67c25fe2af9dd832e56d7e6e11bee00be120b45bd75.lab-tunnel.org,2,lab_dnscat2,dnscat2,True,dns_tunnel
bekiapadres.com,0,tranco_benign,benign,False,benign
vflmfordlinnetavox.com,1,dga_cluster_42,dga,False,dga
vvtlererwyatanb.com,1,dga_cluster_41,dga,False,dga
team-mint.net,0,tranco_benign,benign,False,benign
lpwwfordlinnetavox.com,1,dga_cluster_42,dga,False,dga
a29-6-177-221.deploy.static.akamaitechnologies.com,0,benign_cdn,benign,True,benign
qgh3jmbyled4e5srnuxuhwsz.com,1,dga_cluster_44,dga,False,dga
edgihhdhjg.com,1,dga_cluster_44,dga,False,dga
tarjbyup.com,1,dga_cluster_40,dga,False,dga
joyfulnoiserecordings.online,0,tranco_benign,benign,False,benign
zsvysokyujezd.xyz,0,tranco_benign,benign,False,benign
edcgivuxggps.com,1,dga_cluster_44,dga,False,dga
recordguyhurtimplementshelter.site,1,dga_cluster_43,dga,False,dga
iftc.com,0,tranco_benign,benign,False,benign
fhhnsagabardinedazyx.com,1,dga_cluster_44,dga,False,dga
bookmakers.online,0,tranco_benign,benign,False,benign
api.dailydochoitreem.com,0,tranco_benign,benign,False,benign
we-are.com,0,tranco_benign,benign,False,benign
crimeshots.org,0,tranco_benign,benign,False,benign
dnscat.2aaeb427.38b673b888d24776e3e829e980a7a568d06709090208b5ce839d46d3ba2a.tunnel-sec.biz,2,lab_dnscat2,dnscat2,True,dns_tunnel
64c601c8ca80e65639cf8e00542932151e.tunnel-com.com,2,original_hex_tunnel,original_tunnel,False,dns_tunnel
bxgtererwyatanb.net,1,dga_cluster_41,dga,False,dga
m.servisdomen.com,0,tranco_benign,benign,False,benign
85-92-225-40.bc.googleusercontent.com,0,benign_cloud_instance,benign,True,benign
build-f86fbcafa0bb7.github.io,0,benign_hex_service,benign,True,benign
xmgtgdvupqvvfed.com,1,dga_cluster_44,dga,False,dga
phongkhamtri.site,0,tranco_benign,benign,False,benign
heavybit.com,0,tranco_benign,benign,False,benign
dtcepartbulkyf.com,1,dga_cluster_40,dga,False,dga
mklhfordlinnetavox.com,1,dga_cluster_42,dga,False,dga
static.bkjihlava.com,0,tranco_benign,benign,False,benign
zsosecna.xyz,0,tranco_benign,benign,False,benign
orderacc.io,0,tranco_benign,benign,False,benign
4.5.0.2.c.b.a.2.f.c.7.0.c.b.5.c.ip6.arpa,0,benign_reverse_dns,benign,True,benign
paaadnry.tunnel-org.org,2,original_hex_tunnel,original_tunnel,False,dns_tunnel
xdsrmachuslazaroqok.com,1,dga_cluster_40,dga,False,dga
login.prosam.com,0,tranco_benign,benign,False,benign
amazehub.com,0,tranco_benign,benign,False,benign
atmos.com,0,tranco_benign,benign,False,benign
build-5e7c54a1957e8af5.azurewebsites.net,0,benign_hex_service,benign,True,benign
build-ea24643846cbd63.github.io,0,benign_hex_service,benign,True,benign
cycypartbulkyf.com,1,dga_cluster_40,dga,False,dga
shop.rivercafe.com,0,tranco_benign,benign,False,benign
